Date,JPM,AAPL,MSFT,SPY
04/01/16,60.47,25.07,50.53,203.1
05/01/16,60.27,24.94,51.25,204.23
06/01/16,59.87,25.09,51.07,203.11
07/01/16,60.1,24.39,49.44,200.55
08/01/16,59.22,24.34,48.72,196.91
11/01/16,60.55,24.56,49.27,197.63
12/01/16,60.08,24.51,48.52,196.84
13/01/16,59.55,24.3,47.89,197.7
14/01/16,59.56,23.91,47.91,195.68
15/01/16,59.76,23.22,46.55,194.23
18/01/16,60.45,23.45,46.87,195.32
19/01/16,59.14,22.92,45.84,193.35
20/01/16,59.46,22.36,45.47,192.25
21/01/16,58.88,22.47,46.01,193.21
22/01/16,58.16,22.23,45.78,192.92
25/01/16,57.76,22.09,45.01,190.11
26/01/16,58.49,22.75,45.83,193.89
27/01/16,58.82,22.6,45.92,196.14
28/01/16,58.81,23.18,45.24,197.41
29/01/16,58.9,23.11,45.24,194.94
01/02/16,58.73,23.22,46.07,194.88
02/02/16,58.04,22.9,46.07,193.91
03/02/16,57.6,23.01,46.15,194.73
04/02/16,57.01,22.78,45.6,191.35
05/02/16,57.28,22.95,45.85,191.86
08/02/16,56.09,22.55,45.03,188.07
09/02/16,55.98,22.68,46.1,189.15
10/02/16,56.21,22.72,45.24,188.81
11/02/16,56.28,23.67,46.16,191.25
12/02/16,56.26,23.24,46.29,191.7
15/02/16,56.95,23.07,46.97,191.25
16/02/16,57.47,24.03,47.6,193.02
17/02/16,57.58,23.88,46.67,192.32
18/02/16,56.68,23.87,46.03,192.48
19/02/16,56.04,23.62,46.06,189.77
22/02/16,56.25,24.18,45.87,190.87
23/02/16,56.48,24.56,45.69,189.91
24/02/16,56.94,24.8,46.15,191.65
25/02/16,56.38,24.78,46.17,189.99
26/02/16,58,25.37,46.48,194
29/02/16,57.18,25.51,47.05,192.47
01/03/16,58.03,25.9,48.05,197.28
02/03/16,57.83,25.56,47.22,194.91
03/03/16,57.78,25.7,47.5,196.28
04/03/16,57.81,26.33,47.99,200.95
07/03/16,58.37,26.13,47.36,201.61
08/03/16,58.19,26.4,47.84,202
09/03/16,57.48,25.61,46.72,200.18
10/03/16,57.68,25.17,46.42,200.17
11/03/16,56.94,25.07,46.22,197.36
14/03/16,57.26,25.39,47.16,200.34
15/03/16,56.11,24.75,46.57,198.04
16/03/16,56.56,26.46,48.65,204
17/03/16,57.39,26.97,49.16,207.28
18/03/16,56.75,26.72,48.54,205.62
21/03/16,58.77,26.44,49.07,206.54
22/03/16,58.37,26.83,49.41,205.3
23/03/16,57.77,26.99,49.05,204.62
24/03/16,57.82,26.74,49.99,205.97
25/03/16,56.11,26.41,48.94,203.32
28/03/16,55.46,26.21,48.89,203.2
29/03/16,54.49,25.84,48.07,199.77
30/03/16,55.97,26.4,48.29,204.06
31/03/16,57.8,27.33,48.76,207.68
01/04/16,58.92,27.32,49.24,210.76
04/04/16,58.13,27.11,47.18,206.27
05/04/16,57.92,26.54,47.46,203.63
06/04/16,57.56,26.52,48.13,201.77
07/04/16,58.59,26.8,48.1,204.17
08/04/16,58.78,26.61,48,203.63
11/04/16,58.9,26.94,49.2,203.54
12/04/16,60.84,26.58,49.17,206.59
13/04/16,61.11,26.4,48.95,205.91
14/04/16,60.59,26.66,49.29,204.88
15/04/16,61.43,27.01,50.26,208.08
18/04/16,60.69,26.61,50.13,207.26
19/04/16,60.69,26.67,50.92,207.18
20/04/16,61.21,26.73,50.97,209.48
21/04/16,61.99,27.28,52.44,212.46
22/04/16,62.65,27.32,52.81,213.54
25/04/16,62.76,27.62,52.68,216.87
26/04/16,61.83,26.89,52.42,215.51
27/04/16,62.44,27.32,53,216.13
28/04/16,62.52,27.07,53.33,215.99
29/04/16,61.77,26.77,53.11,213.6
02/05/16,61.04,26.72,53.05,211.75
03/05/16,60.62,26.74,52.16,208.62
04/05/16,59.99,26.51,51.98,209.27
05/05/16,60.79,26.65,52.29,209.48
06/05/16,60.79,26.54,52.37,208.31
09/05/16,61.28,27.34,53.26,211.21
10/05/16,61.94,27.34,53.54,212.37
11/05/16,62.05,27.04,53.28,212.64
12/05/16,63.43,27.81,55.68,216.3
13/05/16,64.29,28.11,57.55,218.13
16/05/16,63.5,27.68,55.61,214.35
17/05/16,62.8,27.6,55.59,215.84
18/05/16,63.72,27.58,55.24,217.53
19/05/16,62.49,28.12,56.27,216.59
20/05/16,60.92,28.37,56.12,216.24
23/05/16,59.5,27.76,55.17,212.77
24/05/16,59.12,27.95,54.66,211.89
25/05/16,59.24,28.24,55.42,211.45
26/05/16,57.91,28.49,55.58,208.9
27/05/16,59.29,28.93,57.1,212.63
30/05/16,61.17,30.28,58.81,219.55
31/05/16,61.79,31.14,59.22,222.72
01/06/16,62.8,30.56,58.12,219.85
02/06/16,62.56,30.87,59.36,220.86
03/06/16,64.13,30.62,58.38,222.05
06/06/16,64.52,30.72,57.27,221.79
07/06/16,63.29,30.75,57.27,218.75
08/06/16,62.82,30.13,56.52,218.17
09/06/16,61.92,30.16,56.04,215.45
10/06/16,61.84,29.66,55.2,212.51
13/06/16,63.7,30.18,55.7,216.4
14/06/16,63.62,30.07,55.96,217.39
15/06/16,63.13,29.68,55.32,212.64
16/06/16,61.73,30,56.34,211.44
17/06/16,62.28,30.31,58.73,215.82
20/06/16,62.18,29.84,57.23,214.35
21/06/16,61.5,29.02,55.84,209.97
22/06/16,63.1,29.86,57.06,216.09
23/06/16,63.19,29.49,57.67,216.98
24/06/16,62.23,29.18,56.6,212.6
27/06/16,63.12,30.34,57.11,216.34
28/06/16,62.53,29.97,56.25,213.27
29/06/16,62.59,29.6,56.08,212.76
30/06/16,62.39,29.14,55.24,212.35
01/07/16,62.88,28.83,55.1,213.59
04/07/16,61.34,28.71,54.26,211.45
05/07/16,60.66,27.74,52.21,207.86
06/07/16,60.91,27.42,52.32,205.71
07/07/16,60.87,26.9,51.42,204.41
08/07/16,60.11,26.57,51.5,202.27
11/07/16,60.89,26.29,51.69,205.02
12/07/16,58.69,25.46,50.68,199.9
13/07/16,59.03,25.31,50.66,199.98
14/07/16,60.09,25.68,51.47,202
15/07/16,59.67,25.42,51.34,200.45
18/07/16,59.95,26.36,52.91,202.76
19/07/16,61.06,26.47,52.1,202.52
20/07/16,59.39,25.94,51.22,201.08
21/07/16,59.7,25.94,51.76,199.07
22/07/16,59.93,26.34,51.4,201.07
25/07/16,60.25,26.25,51.75,204.64
26/07/16,60.43,26.42,51.71,203.96
27/07/16,61.21,26.26,51.75,204.24
28/07/16,61.67,26.52,52.73,205.26
29/07/16,61.44,26.07,51.97,204.31
01/08/16,62.16,25.87,52.4,207.16
02/08/16,62.56,26.77,53.01,207.66
03/08/16,60.94,27.05,53.35,205.94
04/08/16,61.21,26.65,54.43,206.79
05/08/16,61.33,27,55.15,208.22
08/08/16,60.62,27.06,56.2,209.85
09/08/16,62.11,27.21,56.11,211.9
10/08/16,62.18,27.72,55.66,214.41
11/08/16,62.05,27.52,54.81,211.1
12/08/16,62.84,27.76,54.47,210.5
15/08/16,62.54,28.46,54.99,209.28
16/08/16,62.33,28.3,53.2,207.42
17/08/16,62.14,28.59,54.54,209.99
18/08/16,61.9,28.05,55.49,209.8
19/08/16,61.94,28.06,55.65,209.78
22/08/16,61.42,27.71,55.16,207.57
23/08/16,60.79,27.62,54.78,208.3
24/08/16,58.44,27.53,54.91,202.24
25/08/16,58.15,27.32,53.79,199.79
26/08/16,57.21,27.87,54.71,201.37
29/08/16,57.85,27.55,54.23,202.22
30/08/16,56.82,27.61,53.92,200.1
31/08/16,57.44,27.99,54.26,203.19
01/09/16,56.54,28.05,54.46,201.68
02/09/16,56.83,27.58,54.61,201.44
05/09/16,56.4,27.96,54.49,199.36
06/09/16,55.12,27.9,53.38,198.86
07/09/16,53.44,28.21,53.42,196.61
08/09/16,53.02,28.29,53.39,197.43
09/09/16,53.13,28.41,53.33,197.61
12/09/16,53.39,27.73,51.95,197.21
13/09/16,53.54,27.71,51.99,197.88
14/09/16,53.13,27.27,51.57,195.21
15/09/16,53.47,26.64,51.61,195.62
16/09/16,53.69,27.14,53.14,198.94
19/09/16,52.24,26.22,51.48,194.48
20/09/16,52.67,26.04,51.52,194
21/09/16,52.2,25.36,50.18,189.86
22/09/16,51.46,25.61,49.76,191.94
23/09/16,51.86,25.81,49.6,193.55
26/09/16,51.43,25.76,50.86,193.63
27/09/16,52.34,25.73,51.04,197.36
28/09/16,51.86,26.37,52.01,197.41
29/09/16,52.37,26.95,53.11,197.69
30/09/16,51.82,26.71,52.68,197.02
03/10/16,51.97,26.2,52.42,197.24
04/10/16,52.43,26.8,53.66,200.15
05/10/16,52.39,26.1,53.17,199.16
06/10/16,52.62,25.64,52.12,199.55
07/10/16,52.6,25.94,52.46,200.18
10/10/16,53.36,25.94,52.72,200.97
11/10/16,53.03,25.74,52.56,199.48
12/10/16,54.06,25.66,52.62,200.43
13/10/16,55.26,26.06,53.96,201.82
14/10/16,55.5,26.52,54.58,204.57
17/10/16,55.09,27.03,56.45,205.42
18/10/16,54.74,27.59,57.98,205.92
19/10/16,54.41,27.4,56.85,203.21
20/10/16,53.61,26.86,56.04,201.1
21/10/16,54.89,26.79,56.91,203.29
24/10/16,54.86,27.09,56.56,203.88
25/10/16,55.02,27.37,57.09,208.06
26/10/16,54.51,27.02,56.2,205.49
27/10/16,54.01,27.42,57.4,205.28
28/10/16,53.35,27.46,56.95,204.82
31/10/16,53.53,26.87,57.31,207
01/11/16,53.06,26.59,57.06,206.18
02/11/16,53.6,27.63,58.28,208.1
03/11/16,52.52,27.03,57.3,207.34
04/11/16,52.13,27.03,57.2,208.23
07/11/16,54.16,27.38,57.84,213.83
08/11/16,54.73,28.38,59.5,216.68
09/11/16,55.24,29.06,60.93,220.03
10/11/16,56.14,29.89,63.06,224.91
11/11/16,56.02,29.94,63.93,224.19
14/11/16,56.35,29.87,63.97,226.51
15/11/16,56.53,29.96,63.2,227.48
16/11/16,57.09,31.21,64.53,231.16
17/11/16,57.32,32.1,65.51,233.68
18/11/16,57.87,32.38,65.66,235.32
21/11/16,58.82,32.15,65.79,235.68
22/11/16,59.91,31.71,65.21,237.1
23/11/16,61.35,32.1,65.65,243.13
24/11/16,60.05,30.65,64.04,237.32
25/11/16,59.15,30.77,64.12,235.22
28/11/16,58.04,30.91,64.44,233.64
29/11/16,59.69,30.86,63.78,234.79
30/11/16,59.67,31,63.76,235.44
01/12/16,58.58,31.43,63.89,235.95
02/12/16,58.9,31.78,64.77,238.19
05/12/16,59.49,32.66,66.03,242.21
06/12/16,59.42,33.42,66.35,246.06
07/12/16,59.41,32.68,65.66,243.59
08/12/16,60.18,32.59,65.47,241.7
09/12/16,59.79,31.25,62.84,238.75
12/12/16,60.52,31.69,62.85,240.41
13/12/16,60.53,31.13,63.3,241.44
14/12/16,60.35,31.11,63.4,238.05
15/12/16,60.14,30.74,62.26,236.02
16/12/16,61.81,31.54,63.16,241.21
19/12/16,63.14,32.4,64.46,244.33
20/12/16,63.82,32.82,65.73,247.84
21/12/16,64.85,32.84,66.98,250.74
22/12/16,66.92,33.05,69.05,256.08
23/12/16,66.29,32.65,68.22,254.68
26/12/16,66.83,32.52,68.2,258.89
27/12/16,68.61,33.23,69.48,263.75
28/12/16,69.26,32.88,69.08,261.24
29/12/16,69.7,33.36,69.36,265.39
30/12/16,68.45,32.29,68.05,262.85
02/01/17,70.22,32.51,69.56,267
03/01/17,70.06,32.96,70.54,265.35
04/01/17,71.65,34.13,71.78,270.9
05/01/17,72.21,34.44,71.84,271.04
06/01/17,72.2,35.12,73.03,272.08
09/01/17,73.06,33.78,72.68,268.47
10/01/17,72.69,33.11,70.83,267.71
11/01/17,72.2,33.19,70.78,267.88
12/01/17,72.31,32.56,70.87,266.44
13/01/17,70.66,31.96,70.95,264.63
16/01/17,70.31,31.72,70.34,266.86
17/01/17,70.74,32.06,71.67,269.36
18/01/17,70.48,31.92,71.39,268.52
19/01/17,71.28,32.16,72.47,270.72
20/01/17,71.39,31.19,72.06,269.87
23/01/17,72.48,30.04,72.56,270.06
24/01/17,73.72,29.83,73.1,270.2
25/01/17,73.06,30.63,73.83,271.24
26/01/17,74.04,31.12,74.83,274.78
27/01/17,76.78,31.73,76.47,282.84
30/01/17,78.09,32.65,78.53,285.5
31/01/17,80.05,32.51,79.11,287.24
01/02/17,79.99,32.69,79.63,288.56
02/02/17,81.98,33.39,80.81,295.12
03/02/17,83.48,33.08,81.32,298.59
06/02/17,83.13,33.77,82.01,299.79
07/02/17,82.94,33.76,80.99,296.03
08/02/17,84.97,33.76,80.62,294.65
09/02/17,84.19,32.9,80.8,294.36
10/02/17,83.35,33.95,82.85,295.43
13/02/17,80.31,34.55,81.62,287.87
14/02/17,81.57,36.26,85.36,295.56
15/02/17,82.33,36.97,87.17,299.34
16/02/17,82.48,36.99,86.54,298.65
17/02/17,80.44,36.46,84.45,291.46
20/02/17,80.68,37.37,86.5,291.38
21/02/17,79.51,37.66,85.65,289.05
22/02/17,80.2,37.28,85.48,287.02
23/02/17,79.5,37.32,83.88,285.82
24/02/17,79.5,37.68,84.53,289.2
27/02/17,79.67,37.48,84.48,290.2
28/02/17,79.76,37.55,83.95,288.84
01/03/17,78.12,38.22,83.18,285.42
02/03/17,77.31,38.58,83.13,286.87
03/03/17,76.55,38.57,82.18,289.03
06/03/17,75.22,38.42,82.24,287.59
07/03/17,75.04,38.32,82.13,286.82
08/03/17,76.15,40.05,83.88,289.25
09/03/17,76.07,41.75,84.99,294.87
10/03/17,78.04,41.98,86.33,302.27
13/03/17,77.62,41.74,85.44,298.79
14/03/17,76.89,40.75,84.2,294.21
15/03/17,77.18,39.85,83.61,294.8
16/03/17,74.93,39.48,83.73,288.63
17/03/17,76.86,40.32,84.56,293.11
20/03/17,77.53,40.58,85.56,293.39
21/03/17,77.75,39.76,84.6,290.46
22/03/17,76.92,40.35,86.08,291.96
23/03/17,75.69,39.82,86.3,289.83
24/03/17,78.39,40.87,88.46,296.09
27/03/17,78.57,40.84,89.18,298.63
28/03/17,77.68,39.76,85.95,294.82
29/03/17,76.42,38.09,84.06,294.29
30/03/17,76.44,38.64,84.79,295.3
31/03/17,77.52,38.78,85.52,298.29
03/04/17,76.77,39.22,85.68,296.31
04/04/17,77.42,38.86,85.48,296.74
05/04/17,78.71,39.53,86.61,301.93
06/04/17,80.4,40.37,88.07,304.02
07/04/17,79.14,39.86,86.57,300.11
10/04/17,79.24,40.25,87,301.95
11/04/17,79.34,39.05,84.78,298.88
12/04/17,77.93,39.07,85.87,299.79
13/04/17,77.71,39.98,87.02,300.66
14/04/17,77.02,39.62,86.07,298.83
17/04/17,77.23,39.71,86.66,301.95
18/04/17,78.36,39.1,83.9,302.97
19/04/17,76.79,38.56,81.84,294.95
20/04/17,77.44,39.24,82.26,292.21
21/04/17,76.83,39.34,80.92,290.81
24/04/17,76.84,39.74,81.47,289.86
25/04/17,78.25,40.06,82.18,291.16
26/04/17,77.76,39.38,81.17,292.12
27/04/17,76.2,37.98,80.53,287.19
28/04/17,75.46,38.44,80.34,289.84
01/05/17,76.25,38.38,82.42,291.32
02/05/17,77.13,38.83,84.37,297.51
03/05/17,77.19,38.4,84.34,295.78
04/05/17,79.58,39.15,85.52,301.61
05/05/17,78.01,38.16,85.08,296.37
08/05/17,76.82,38.19,85.92,296.46
09/05/17,78,38.07,84.78,300.29
10/05/17,77.65,37.85,85.68,301.13
11/05/17,78.2,39.36,87.04,306.66
12/05/17,78.29,39.58,88.81,309.27
15/05/17,78.95,40.48,89.71,310.39
16/05/17,77.75,38.92,89.54,304.23
17/05/17,77.51,38.71,89.54,305.18
18/05/17,78.54,38.65,89.61,307.37
19/05/17,78.27,39.61,91.21,310.66
22/05/17,79.08,40.61,92.87,311.71
23/05/17,79.58,40.35,92.18,312.93
24/05/17,81.09,40.81,93.5,320.27
25/05/17,81.41,42.67,96.44,321.36
26/05/17,82.36,43.23,98.79,326.47
29/05/17,82.22,42.37,97.5,322.62
30/05/17,81.53,42.61,99.4,323.8
31/05/17,80.1,42.53,100.2,320.61
01/06/17,79.97,42.53,99.32,321.18
02/06/17,79.84,42.81,98.68,320.03
05/06/17,80.74,42.84,100.9,322.08
06/06/17,81.04,43.6,100.39,319.55
07/06/17,79.23,43.98,99.71,321.86
08/06/17,78.58,43.95,101.18,325.79
09/06/17,81.07,45.6,105.17,335.7
12/06/17,82.05,45.52,104.46,336.83
13/06/17,81.87,45.16,104.79,338.36
14/06/17,82,46.32,104.94,339.64
15/06/17,81.15,44.73,102.68,334.64
16/06/17,83.03,45.78,103.4,343.59
19/06/17,84.59,46.7,104.74,346.08
20/06/17,84.15,47.42,107.68,351.47
21/06/17,83.56,46.43,106.48,344.6
22/06/17,83.99,46.48,106.15,341.68
23/06/17,84.67,46.31,104.83,335.57
26/06/17,84.66,47.68,108.43,338.31
27/06/17,83.92,47.84,107.23,337.23
28/06/17,84.92,49.14,108.98,340.94
29/06/17,83.83,48.18,107.27,337.85
30/06/17,85.01,47.96,109.16,340.1
03/07/17,85.01,47.41,105.69,339.31
04/07/17,85.98,47.52,106.21,342.48
05/07/17,84.01,46.56,105.41,334.94
06/07/17,84.41,45.7,105.05,334.3
07/07/17,82.41,46,103.97,329
10/07/17,82.69,46.97,104.07,330.75
11/07/17,83.25,47.7,105.32,332.47
12/07/17,82.24,47.48,103.56,323.41
13/07/17,82.81,48.39,102.12,322.36
14/07/17,83.61,50.31,104.54,325.59
17/07/17,83.4,51.4,104.94,324.96
18/07/17,82.83,50.46,103.91,325.84
19/07/17,83.25,50.43,103.69,323.13
20/07/17,84.39,50.76,104.23,332.33
21/07/17,84.79,50.32,103.4,334.47
24/07/17,84.96,49.25,103.34,332.14
25/07/17,87.41,50.92,105.42,341.94
26/07/17,87.53,51.69,106.89,342
27/07/17,86.71,52.32,106.96,340.51
28/07/17,85.5,52.32,109.04,337.48
31/07/17,85.56,53.57,110.36,340.63
01/08/17,84.23,53.52,109.67,340.14
02/08/17,85.77,56.38,113.99,348.84
03/08/17,86.05,56.2,114.32,348.66
04/08/17,86.29,57.52,114.58,353.09
07/08/17,88.04,58.08,113.11,354.31
08/08/17,89.8,58.72,113.1,356.68
09/08/17,90.96,59.69,114.18,359.33
10/08/17,90.46,58.67,115.02,357.29
11/08/17,92.15,60.77,119.04,363.44
14/08/17,92.74,60.99,118.3,364.94
15/08/17,91.14,61.62,117.87,363.15
16/08/17,91.56,61.56,118.72,363.17
17/08/17,92.79,60.72,118.43,368.76
18/08/17,91.43,59.62,117.55,365.37
21/08/17,91.94,60.31,119.28,370.54
22/08/17,92.54,60.33,120.39,376.76
23/08/17,92.38,59.37,120.81,375.5
24/08/17,89.45,59.18,118.97,369.06
25/08/17,89.92,59.57,120.5,370.13
28/08/17,90.64,59.62,121.79,373.63
29/08/17,89.41,60.26,121.38,373.85
30/08/17,89.93,62.3,123.44,377.12
31/08/17,89.93,62.04,124.27,373.47
01/09/17,88.54,60.51,123.47,373.24
04/09/17,88.43,60.35,123.37,375.61
05/09/17,87.24,60.17,124.11,374.97
06/09/17,87.51,61.29,121.8,376.86
07/09/17,86.68,59.25,120.04,375.61
08/09/17,86.53,60.14,123.12,381.27
11/09/17,88.71,61.73,125.73,384.4
12/09/17,88.41,60.82,127.67,383.65
13/09/17,88.6,61.48,128.55,389.36
14/09/17,87.8,61.41,127.17,383.79
15/09/17,87.03,61.12,126.01,379.75
18/09/17,85.24,60.39,122.57,375.64
19/09/17,85.37,59.08,120.81,371.74
20/09/17,85.8,60.57,120.11,373.87
21/09/17,85.62,61.2,121.01,372.91
22/09/17,85.24,60.31,121.39,371.63
25/09/17,87.73,61.24,122.32,373.9
26/09/17,85.42,58.88,119.38,366.98
27/09/17,83.44,59.02,118.24,363.28
28/09/17,85.51,60.71,120.42,367.82
29/09/17,82.82,59.02,117.46,357.39
02/10/17,82.68,59.08,117.2,355.58
03/10/17,82.91,59.63,116.49,359.34
04/10/17,82.82,59.65,117.4,360.27
05/10/17,84.03,60.44,117.88,364.33
06/10/17,82.63,60.03,116.96,360.4
09/10/17,82.49,58.23,114.37,357.1
10/10/17,82.72,57.4,115.18,355.18
11/10/17,83.95,58.29,115.76,362.7
12/10/17,82.49,58.64,116.92,359.56
13/10/17,84.26,59.11,118.43,364.68
16/10/17,84.11,59.87,120.25,362.16
17/10/17,85.8,58.96,121.25,367.46
18/10/17,84.43,58.1,118.42,362.05
19/10/17,84.07,58.74,120.71,366.63
20/10/17,83.39,58.32,117.85,361.46
23/10/17,84.63,60.37,118.88,364.91
24/10/17,84.62,60.68,118.17,365.77
25/10/17,84.05,60.48,118.5,364.77
26/10/17,83.52,60.21,117.94,362.39
27/10/17,83.22,61.7,120.13,363.87
30/10/17,84.12,61.76,122.1,367.56
31/10/17,84.01,62.21,120.46,364.2
01/11/17,82.55,61.8,121.83,367.18
02/11/17,83.37,62.67,120.66,367.55
03/11/17,82.41,61.7,119.13,362.92
06/11/17,80.02,61.51,116.72,357.53
07/11/17,82.58,61.68,114.61,360.43
08/11/17,83.98,64.27,116.08,367.4
09/11/17,83.42,63.97,119.02,364.35
10/11/17,83.76,64.64,121.25,367.11
13/11/17,84.18,64.45,121.59,367.07
14/11/17,84.99,64.44,122.4,368.92
15/11/17,86.46,65.03,121.17,374.39
16/11/17,85.32,63.93,118.93,373.29
17/11/17,82.66,66.14,121.56,372.54
20/11/17,82.61,66.47,122.58,374.9
21/11/17,83.33,66.92,123.04,376.55
22/11/17,83.11,68.09,124.94,371.25
23/11/17,83.96,68.73,125.87,372.96
24/11/17,85.41,70.47,127.04,378.78
27/11/17,84.2,68.44,123.82,375.04
28/11/17,85.44,69.6,126.4,381.07
29/11/17,84.65,69.78,127.42,382.19
30/11/17,86.2,71.32,130,390.56
01/12/17,86.19,70.35,128.86,387.2
04/12/17,85.34,69.86,127,383.38
05/12/17,82.98,69.09,125.4,375.42
06/12/17,83.83,70.57,124.95,376.19
07/12/17,82.89,69.14,124.4,372.45
08/12/17,82.59,66.86,122.98,366.17
11/12/17,82.69,67.24,125.26,364.91
12/12/17,79.05,65.86,124.99,359.73
13/12/17,79.32,65.51,125.87,358.17
14/12/17,79.91,66.35,128.46,367.86
15/12/17,80.41,66.07,128.37,364.35
18/12/17,79.6,65.32,126.57,361.56
19/12/17,78.65,66.12,127.04,360.71
20/12/17,78.29,66.17,128.11,358.65
21/12/17,77.54,65.55,125.34,353.36
22/12/17,77.01,66.27,126.25,353.92
25/12/17,78.02,66.64,127.59,356.63
26/12/17,78.36,66.21,123.97,354.64
27/12/17,80.07,68.04,127.81,364.35
28/12/17,80.2,68.36,127.34,363.89
29/12/17,80.97,70.1,129.18,366.74
01/01/18,81,70.83,127.9,361.36
02/01/18,80.36,69.2,125.41,357.16
03/01/18,79.83,70.64,127.06,358.96
04/01/18,80.61,69.76,127.99,360
05/01/18,81.45,69,125.45,361.42
08/01/18,81.93,68.27,123.77,363.37
09/01/18,80.51,69.48,123.19,362.94
10/01/18,80.14,70.02,122.86,362.14
11/01/18,80.21,68.98,122.93,360.27
12/01/18,79.96,67.82,118.39,355.83
15/01/18,82.93,70.09,121.57,364.36
16/01/18,82.98,70.78,120.67,367.13
17/01/18,83.9,72.07,122.78,371.15
18/01/18,84.78,73.22,123.68,372.83
19/01/18,84.94,75.19,123.82,371.28
22/01/18,85.17,75.41,124.36,372.78
23/01/18,84.91,77.16,123.63,371.29
24/01/18,84.81,75.14,121.66,372.35
25/01/18,84.86,75.5,120.33,370.48
26/01/18,84.41,74.94,121.42,371.2
29/01/18,83.04,74.63,121.35,371.12
30/01/18,85.05,74.42,120.84,371.35
31/01/18,84.78,74.9,122.5,372.02
01/02/18,84.4,74.95,121.31,375.69
02/02/18,82.41,74.26,122.72,372.31
05/02/18,82.2,73.78,122.01,374.4
06/02/18,79.55,74.34,119.65,367.82
07/02/18,79.06,74.84,117.84,367.31
08/02/18,81.52,74.49,118.72,370.65
09/02/18,82.07,74.83,118.39,372.92
12/02/18,84.34,75.76,120.95,376.32
13/02/18,83.17,75.81,122.57,376
14/02/18,82.8,75.68,120.68,375.56
15/02/18,83.93,75.73,120.54,378.26
16/02/18,83.41,75.44,122.92,377.88
19/02/18,82.99,74.5,122.98,375.94
20/02/18,82.21,75.77,125.75,375.65
21/02/18,79.96,75.91,124.11,372.45
22/02/18,77.66,75.85,121.56,368.22
23/02/18,77.7,74.76,120.14,368.25
26/02/18,77.84,75.59,123.57,367.48
27/02/18,79.78,76.78,124.15,369.32
28/02/18,79.58,77.87,124.85,373.77
01/03/18,77.89,77,121.81,368.94
02/03/18,78.95,77.1,118.89,369.85
05/03/18,79.5,77.94,121.43,370.5
06/03/18,80.33,79.95,121.05,374.17
07/03/18,79.75,79.58,121.02,371.61
08/03/18,78.97,79.26,119.06,366.16
09/03/18,79.81,78.3,119.5,368.38
12/03/18,77.79,76.43,118.8,360.45
13/03/18,77.27,76.78,119.93,359.8
14/03/18,76.61,78.24,123.22,363.74
15/03/18,76.73,77.34,121.44,363.51
16/03/18,77.23,79.44,124.27,364.16
19/03/18,78.49,78.9,123.83,366.53
20/03/18,80.89,84.37,130.15,378.26
21/03/18,81.57,86.02,131.33,385.81
22/03/18,81.88,86.94,133.19,389.17
23/03/18,82.94,86.74,132.66,388.06
26/03/18,83.51,88.22,134.78,395.62
27/03/18,83.53,89.24,134.03,394.99
28/03/18,84.43,91.05,135.42,398.62
29/03/18,82.56,89.49,134.78,394.96
30/03/18,83.2,90,135.48,395.32
02/04/18,84.11,91.2,137.56,397.74
03/04/18,81.46,91.29,135.86,389.52
04/04/18,82.33,91.3,137.85,393.89
05/04/18,83.21,89.88,138.93,395.87
06/04/18,82.77,89.89,136.11,394.52
09/04/18,81.53,87.3,131.34,390.36
10/04/18,80.79,89.1,131.72,386.14
11/04/18,79.47,90.14,131.79,382.95
12/04/18,79.68,91.06,134.25,388.96
13/04/18,79.28,88.95,131.86,386.01
16/04/18,78.16,86.98,130.36,381.45
17/04/18,78.23,86.02,129.32,378.07
18/04/18,79.3,88.16,128.86,379.19
19/04/18,77.56,86.27,126.6,369.73
20/04/18,76.52,84.32,124.97,365.6
23/04/18,75.72,84.13,123.78,362.61
24/04/18,77.67,87.21,125.19,371.3
25/04/18,78.64,86.25,125.99,376.7
26/04/18,77.35,84.28,125.37,373.06
27/04/18,78.02,85.19,126.91,372.73
30/04/18,79.28,87.62,129.03,377.98
01/05/18,77.5,87.33,128.91,374.06
02/05/18,78.84,87.73,130.6,375.47
03/05/18,78.84,87.53,130.8,374.56
04/05/18,78.71,88.68,131.05,371.38
07/05/18,80.82,92.04,132.67,380.28
08/05/18,80.24,92.13,132.95,378.79
09/05/18,79.33,90.61,130.13,372.49
10/05/18,79.27,89.59,130.33,375.38
11/05/18,78.61,89.59,130.79,375.47
14/05/18,78.72,90.79,132.49,374.45
15/05/18,79.78,92.82,133.4,378.44
16/05/18,80.62,93.1,135.57,387.27
17/05/18,79.7,90.55,133.68,384.48
18/05/18,79.45,92.59,133.23,386.82
21/05/18,78.76,94.79,137.6,387.37
22/05/18,78.13,95.76,137.51,386.58
23/05/18,78.19,92.95,135.39,382.02
24/05/18,77.63,94.83,134.75,383.78
25/05/18,77.33,94.26,135.39,383.99
28/05/18,78.02,96.26,136.74,385.91
29/05/18,76.78,94.24,139.11,386.41
30/05/18,75.27,91.32,136.89,381.5
31/05/18,75.91,91.43,137.11,383.83
01/06/18,76.03,88.36,134.39,378.47
04/06/18,76.25,92.91,138.69,383.52
05/06/18,77.34,94.41,141.04,389.51
06/06/18,79.79,94.34,142.84,393.12
07/06/18,80.48,93.45,141.81,392.64
08/06/18,81.69,95.67,142.2,396.9
11/06/18,80.85,93.29,139.65,391.5
12/06/18,83.87,95.88,140.88,398.43
13/06/18,85.19,100.06,142.19,399.64
14/06/18,87.64,102.31,143.55,407.91
15/06/18,84.27,100.23,141.16,401.15
18/06/18,83.02,99.63,138.81,397.69
19/06/18,81.94,98.34,135.95,394.81
20/06/18,83.03,98.73,136.77,394
21/06/18,82.68,98.49,140.44,392.36
22/06/18,84.54,101.36,143.85,404.15
25/06/18,85.04,102.39,144.77,409.48
26/06/18,86.48,102.35,143.29,410.96
27/06/18,85.47,101.66,144.34,407.92
28/06/18,85.44,101.8,145.81,402.91
29/06/18,84.69,101.73,147.39,400.97
02/07/18,82.37,101.28,145.05,391.92
03/07/18,81.62,100.55,143.25,383.63
04/07/18,82.75,103.46,147.01,386.68
05/07/18,82.53,103.37,147.83,388.26
06/07/18,81.65,102.97,147.91,389.98
09/07/18,82.54,104.97,149.99,397.56
10/07/18,83.08,103.95,151.8,400.7
11/07/18,82.55,102.87,151.24,399.9
12/07/18,82.82,103.63,154.84,405.49
13/07/18,83.08,105.46,154.67,408.12
16/07/18,85.39,106.73,155.3,412.15
17/07/18,84.03,104.55,152.42,402.99
18/07/18,84.08,106.17,152.2,407.92
19/07/18,84.75,108.48,153.17,413.43
20/07/18,83.4,109.16,153.39,412.69
23/07/18,81.97,106.67,151.89,405.02
24/07/18,82.56,104.82,152.21,402.08
25/07/18,83.27,106.44,152.64,406.23
26/07/18,83.62,105.83,150.69,400.5
27/07/18,84.09,103.58,149.37,398.7
30/07/18,84.98,103.73,149.37,402.4
31/07/18,85.43,104.63,151.05,400.75
01/08/18,86.43,106.4,151.18,403.2
02/08/18,86.41,106.22,151.62,406.99
03/08/18,87.85,105,152.37,412.91
06/08/18,88.38,107.28,157.82,420.92
07/08/18,88.74,109.4,159.91,424.08
08/08/18,88.3,111.96,160.27,429.16
09/08/18,88.99,110,159.76,423.34
10/08/18,89.86,112.23,160.84,427.3
13/08/18,92.56,113.19,160.91,437.3
14/08/18,95.35,115.1,165.4,450.07
15/08/18,94.33,113.62,166.08,452.34
16/08/18,95.15,112.62,169.34,453.48
17/08/18,94.7,113.03,172.4,456.91
20/08/18,95.32,114.35,173.86,461.39
21/08/18,91.8,111.58,170.52,447.54
22/08/18,92.36,111.66,174.18,455.1
23/08/18,91.75,111.05,173.29,451.71
24/08/18,92.04,109.97,170.44,451.98
27/08/18,92.95,109.2,171.93,452.21
28/08/18,93.33,110.97,173.54,456.29
29/08/18,92.64,110.24,172.27,451.62
30/08/18,92.42,107.46,168.98,446.88
31/08/18,92.09,106.91,168.3,446.89
03/09/18,93.33,106.64,166.46,445.27
04/09/18,92.68,105.7,164.04,438.47
05/09/18,92.08,105.7,164.88,436.17
06/09/18,91.54,103.88,163.1,430.66
07/09/18,92.36,101.49,160.86,430.33
10/09/18,92.64,106.22,165.58,433.64
11/09/18,92.53,103.23,162.94,427.86
12/09/18,93.84,103.17,163.28,428.73
13/09/18,96.35,104.18,168.58,439.03
14/09/18,97.08,105.29,170.61,436.73
17/09/18,96.7,106.58,171.49,433.4
18/09/18,96.65,109.58,176.43,437.44
19/09/18,98.07,109.86,174.08,436.55
20/09/18,100.43,110.86,175.51,441.33
21/09/18,103.37,115.66,185.25,453.85
24/09/18,103.86,113.24,186.43,450.36
25/09/18,104.23,111.54,183.96,446.4
26/09/18,103.32,110.12,181.26,445
27/09/18,101.65,109.62,182.55,440.85
28/09/18,100.59,108.67,183.63,439.39
01/10/18,99.82,109.13,181.53,439.26
02/10/18,100.47,109.04,180.12,437.23
03/10/18,101.3,111.79,181.65,442.5
04/10/18,98.21,108.97,177.82,430.83
05/10/18,96.87,107.08,176.17,425.93
08/10/18,93.7,101.71,168.95,414.59
09/10/18,89.94,98.76,163.74,406.94
10/10/18,89.45,99.14,164.14,400.96
11/10/18,90.52,100.18,166.49,415
12/10/18,87.76,101.36,165.76,410.92
15/10/18,87.72,100.71,164.19,410.56
16/10/18,85.78,100.77,162.62,403.16
17/10/18,85.22,102.53,162.94,404.29
18/10/18,84.32,103.26,164.38,408.46
19/10/18,84.12,104.31,165.37,412.62
22/10/18,83.25,105.04,165.24,411.08
23/10/18,83.39,105.63,165.62,412.48
24/10/18,85.41,108.78,170.87,419.82
25/10/18,84.3,109.76,172.81,423.05
26/10/18,83.57,108.91,168.71,418.04
29/10/18,84.85,109.06,170.7,421.19
30/10/18,85.29,107.43,169.75,412.66
31/10/18,85.08,104.58,169.5,412.39
01/11/18,85.7,107.66,170.69,420.81
02/11/18,86.93,108.15,173.89,422.11
05/11/18,85.89,106.47,170.98,414.81
06/11/18,87.51,107.17,173.07,417.89
07/11/18,85.18,106.14,167.54,409.91
08/11/18,83.47,108.47,170.35,409.5
09/11/18,85.09,108.19,171.98,413.88
12/11/18,85.46,110.75,175.75,418.67
13/11/18,83.39,107.69,171.92,411.12
14/11/18,82.01,111.01,176.93,414.17
15/11/18,82.12,110.79,175.01,413.61
16/11/18,82.47,108.91,174.28,412.46
19/11/18,80.16,105.86,169.74,408.7
20/11/18,80.86,104.16,169.59,405
21/11/18,82.21,104.37,170.32,411.72
22/11/18,80.66,101.07,165.64,406.97
23/11/18,78.87,95.47,159.07,397.88
26/11/18,80.32,95.76,159.37,404.21
27/11/18,78.12,93.81,156.92,398.28
28/11/18,77.55,93.55,152.24,392.96
29/11/18,78.11,92.5,151.72,394.28
30/11/18,77.73,92.57,150.04,392.19
03/12/18,78.47,93.34,150.12,394.85
04/12/18,79.34,90.91,150.37,394.26
05/12/18,79.87,93.07,150.26,394.99
06/12/18,79.55,91.76,151.88,392.09
07/12/18,78.91,91.73,149.59,388.66
10/12/18,79.31,91.54,149.5,387.99
11/12/18,77.55,90.97,151.08,384.86
12/12/18,77.84,92.23,150.25,390.13
13/12/18,78.1,94.91,151.49,397.69
14/12/18,79.04,96.44,153.65,401.12
17/12/18,80.5,97.68,152.12,401.33
18/12/18,80.3,98.1,152.31,404.44
19/12/18,78,96.86,147.28,398.23
20/12/18,77.92,97.52,146.41,401.31
21/12/18,79.17,99.35,148.26,407.65
24/12/18,78.36,100.23,151.31,410.89
25/12/18,77.53,100.3,148.88,409.38
26/12/18,78.08,97.77,145.31,406.27
27/12/18,77.75,95.73,144.18,404.25
28/12/18,77.54,94.5,144.79,407.61
31/12/18,77.01,93.28,144.35,404.45
01/01/19,76.87,94.37,142.2,407.17
02/01/19,76.98,93.88,141.75,406.72
03/01/19,75.03,94.9,141.75,404.3
04/01/19,76.13,94.15,142.44,405.9
07/01/19,77.12,91.68,140.78,403.88
08/01/19,77.65,92.78,140.84,403.97
09/01/19,77.54,91.44,141.03,401.97
10/01/19,74.26,88.85,135.9,386.23
11/01/19,72.91,88.19,136.75,384.11
14/01/19,72.27,88.47,136.03,380.84
15/01/19,71.05,85.28,132.31,374.37
16/01/19,70.97,84.72,130.48,374.26
17/01/19,69.61,84.94,128.64,368.64
18/01/19,68.11,83.33,128.04,365.13
21/01/19,69.14,84.76,128.16,367.69
22/01/19,68.36,86.12,127.23,368.5
23/01/19,69.3,89.41,129.66,375.88
24/01/19,71.73,90.25,129.26,377.04
25/01/19,72.52,88.13,127.5,377.39
28/01/19,72.75,88.94,128.55,382.14
29/01/19,71.74,87.37,125.87,379.36
30/01/19,72.74,88.72,129.01,381.38
31/01/19,74.6,92.23,133.61,394.87
01/02/19,72.79,90.31,130.31,389.52
04/02/19,71.67,90.72,132.11,390.09
05/02/19,72,89.57,130.18,392.06
06/02/19,72.87,90.15,130.45,389.48
07/02/19,71.73,92.23,129.72,388.44
08/02/19,72.84,91.2,129.73,392.58
11/02/19,72.88,95.59,130.64,398.85
12/02/19,72.71,96.73,132.04,398.18
13/02/19,72.99,94.13,131.16,397.31
14/02/19,73.71,96.32,133.66,402.23
15/02/19,72.76,94.62,133.73,402.7
18/02/19,72.53,94.59,132.31,404.34
19/02/19,73.28,98.19,134.03,408.52
20/02/19,73.55,99.48,134.8,408.18
21/02/19,74.55,101.44,135.32,415.65
22/02/19,75.9,102.71,136.97,422.02
25/02/19,74.94,102.13,132.99,419.45
26/02/19,73.23,103.4,132.64,415.53
27/02/19,72.57,102.48,133.81,407.53
28/02/19,73.99,104.19,133.88,409.13
01/03/19,75.9,104.1,133.01,415.89
04/03/19,76.31,102.91,132.72,413.15
05/03/19,77.6,105.7,135.99,420.73
06/03/19,79.7,107.31,136.24,427.8
07/03/19,82.26,107.46,136.9,435.06
08/03/19,82.22,105.81,137.47,440.75
11/03/19,82.49,104.53,134.43,439.34
12/03/19,83.89,106.37,136.27,443.11
13/03/19,82.55,106.94,137.51,436.99
14/03/19,84.57,109.42,142.21,442.02
15/03/19,82.88,108.04,141.36,442.03
18/03/19,83.79,108.32,140.38,447.13
19/03/19,82.61,110.42,140.9,450.79
20/03/19,83.48,110.87,140.8,451.99
21/03/19,84.04,111.49,140.56,453.03
22/03/19,84.17,107.89,138.92,447.11
25/03/19,82.75,104.11,133.14,434.11
26/03/19,81.9,106.9,133.92,435.1
27/03/19,82.41,107.56,134.48,433.68
28/03/19,84.25,112.13,135.74,438.47
29/03/19,83.93,110.24,135.17,434.2
01/04/19,86.72,114.45,139.35,448.28
02/04/19,88.2,114.53,138.77,451.33
03/04/19,89.37,115.69,137.6,451.47
04/04/19,89.3,115.57,140.52,449.06
05/04/19,90.01,118.95,146.59,455.1
08/04/19,90.7,120.62,148.3,458.29
09/04/19,91.32,116.31,146.84,456.43
10/04/19,91.05,120.08,148.16,457.8
11/04/19,93.84,120.51,148.69,463.67
12/04/19,95.05,121.83,147.95,464.94
15/04/19,94.22,121.18,147.93,464.09
16/04/19,91.77,121.61,147.68,463.29
17/04/19,92.41,124.33,150.47,472
18/04/19,93.17,124.76,154.88,479.19
19/04/19,94,122.89,151.87,478.9
22/04/19,94.23,121.93,151.59,483.52
23/04/19,95.25,120.48,150.89,481.82
24/04/19,94.73,119.4,149.21,475.19
25/04/19,94.57,118.31,143.78,477.06
26/04/19,96.16,118.73,144.7,477.61
29/04/19,98.67,124.2,149.42,492.41
30/04/19,98.96,121.83,147.38,490.61
01/05/19,98.31,121.05,146.53,488.01
02/05/19,98.42,119.15,144.24,481.56
03/05/19,99.9,116.19,144.7,487.2
06/05/19,99.48,111.25,140.73,480.23
07/05/19,98.02,109.52,141.43,478.59
08/05/19,96.69,106.03,138.1,470.68
09/05/19,97.45,105.63,138.89,478.3
10/05/19,98.67,106.33,139.56,480.64
13/05/19,100.47,106.36,140.3,484.9
14/05/19,99.74,103.7,138.7,480.26
15/05/19,100.53,103.32,140.59,480.07
16/05/19,103.17,101.94,141.19,486.07
17/05/19,101.98,102.06,142.89,478.11
20/05/19,102.78,98.53,139.07,479.49
21/05/19,101.92,96.31,136.85,480.96
22/05/19,99.19,93.38,135.96,478.33
23/05/19,99.06,91.53,137.63,482.59
24/05/19,100.11,90.91,137.45,483.54
27/05/19,100.63,93.38,140.98,485.67
28/05/19,102.77,94.98,144.1,497.93
29/05/19,101.1,94.15,142.05,487.63
30/05/19,101.65,98.39,142.72,492.54
31/05/19,102.67,99.17,143.53,491.62
03/06/19,103.06,98.24,139.59,492.8
04/06/19,104.58,99.17,141.18,501.05
05/06/19,104.96,100.88,142.16,508.11
06/06/19,105.5,101.54,140.89,509.78
07/06/19,104.22,99.91,138.06,500.54
10/06/19,107.63,103.92,145.14,511.31
11/06/19,107.78,101.93,142.65,505.35
12/06/19,109.84,102.38,145.37,513.5
13/06/19,113.73,101.94,148.35,526.44
14/06/19,112.12,102.87,149.12,523.88
17/06/19,110.77,101.1,150.68,520.87
18/06/19,112.11,100.53,149.44,525.8
19/06/19,109.9,98.86,147.47,519.16
20/06/19,109.64,99.42,148.98,522.6
21/06/19,108.06,98.26,149.5,521.85
24/06/19,105.89,97.81,145.24,514.43
25/06/19,108.98,97.9,145.05,523.07
26/06/19,106.52,95.78,143.53,513.25
27/06/19,106.17,96.82,144.94,515.3
28/06/19,105.67,97.21,144.91,516.11
01/07/19,104.91,96.62,142.65,512.44
02/07/19,103.68,94.35,140.89,507.51
03/07/19,104.93,94.37,141.99,512.62
04/07/19,105.67,93.54,141.83,514.46
05/07/19,105.71,90.53,139.68,517.66
08/07/19,105.17,89.29,139.08,516.05
09/07/19,107.1,88.42,140.13,521.84
10/07/19,106.91,88.88,142.07,526.18
11/07/19,105.12,89.3,141.76,522.97
12/07/19,105.27,89.21,143.62,524.22
15/07/19,103.55,87.91,142.24,522.6
16/07/19,104.52,87.21,145.91,527.4
17/07/19,106.57,87.97,148.18,536.84
18/07/19,108.57,90.44,152.54,545.28
19/07/19,107.67,90.58,153.94,543.74
22/07/19,109.44,93.6,155.73,548.55
23/07/19,109.24,94.03,155.18,552.96
24/07/19,109.97,94.49,153.44,549.08
25/07/19,110.47,91.59,152.81,546.38
26/07/19,116.01,97.66,159.73,567.67
29/07/19,117.79,101.26,160.57,568.6
30/07/19,116.73,101.78,161.56,571.53
31/07/19,114.69,97.19,158.48,558.18
01/08/19,111.3,95.91,157.6,549.17
02/08/19,110.57,95.39,156.29,541.64
05/08/19,109.42,95.71,156.75,540.51
06/08/19,107.83,94.75,151.72,533.68
07/08/19,110.2,93.68,150.69,537.94
08/08/19,112.33,94.03,150.59,535.65
09/08/19,112.54,97.33,153.93,541.22
12/08/19,113.12,97.64,153.05,544.93
13/08/19,113.53,97.93,151.83,549.75
14/08/19,114.71,97.66,153.71,551.39
15/08/19,113.4,95.94,148.96,545.63
16/08/19,110.36,92.76,142.1,531.56
19/08/19,110.15,92.23,140.03,525.21
20/08/19,110.95,91.84,140.48,523.77
21/08/19,111.29,94,143.27,526.97
22/08/19,111.75,93.9,143.38,526.78
23/08/19,111.51,94.17,142,522.18
26/08/19,109.24,90.83,136.8,511.67
27/08/19,107.82,90.99,136.57,502.54
28/08/19,108.92,92.75,136.84,507.75
29/08/19,107.56,92.33,134.24,497.18
30/08/19,106.98,91.93,133.2,491.27
02/09/19,106.37,92.11,133.11,490.78
03/09/19,105.34,93.43,132.11,490.76
04/09/19,107.25,95.13,133.71,495.32
05/09/19,108.96,93.84,131.88,494.91
06/09/19,111.04,95.44,132.31,499.45
09/09/19,110.05,93.97,132.37,492.09
10/09/19,112.78,96.55,136.75,500.86
11/09/19,112.56,94.31,134.25,498.41
12/09/19,114.8,93.7,133.94,501.25
13/09/19,112.46,93.61,132.16,495.05
16/09/19,111.73,92.17,130.89,490.92
17/09/19,111.14,90.89,130.23,493.51
18/09/19,111.41,92.54,129.6,495.46
19/09/19,109.62,89.64,125.93,490.73
20/09/19,111.23,90.76,125.12,493.45
23/09/19,111.77,91.31,123.19,490.64
24/09/19,111.69,92.13,120.84,488.9
25/09/19,111.97,93.58,122.87,494.03
26/09/19,110.66,90.23,119.69,489.5
27/09/19,113.04,92.38,122.42,499.01
30/09/19,112.13,91.85,124.08,495.18
01/10/19,114.91,92.65,127.26,498.83
02/10/19,115.96,92.07,125.2,499.34
03/10/19,117.77,91.65,123.36,500.45
04/10/19,117.65,92.47,125.23,502.22
07/10/19,121.01,94.28,126.95,505.74
08/10/19,120.57,93.65,127.75,506.55
09/10/19,118.49,93.09,127.76,507.41
10/10/19,120.11,94.99,129.68,514.66
11/10/19,122.42,94,129.1,514.85
14/10/19,123.16,96.25,130.09,510.97
15/10/19,122.43,97.42,131.54,513.22
16/10/19,121.96,95.3,130.65,507.22
17/10/19,126.06,97.97,132.85,516.08
18/10/19,125.92,97.6,134.2,517.16
21/10/19,124.58,100.1,135.75,520.67
22/10/19,123.49,100.27,136.07,512.92
23/10/19,127.31,104.14,139.3,521.23
24/10/19,128.02,104.66,140.43,524.3
25/10/19,129.03,107.65,143.74,527.19
28/10/19,131.74,111.85,152.63,537.26
29/10/19,132.26,108.46,151.26,532.71
30/10/19,136.17,108.89,149.91,536.94
31/10/19,132.23,108.55,145.29,527.18
01/11/19,128.21,106.28,145.19,519.9
04/11/19,126.6,105.57,144.28,517.6
05/11/19,124.07,105.49,139.35,507.81
06/11/19,123.2,106.23,139.69,502.61
07/11/19,121.43,105.81,138.81,496.86
08/11/19,120.59,106.67,138.41,495.55
11/11/19,124.62,106.19,136.44,503.09
12/11/19,123.4,105.15,134.28,497.91
13/11/19,126.43,107.99,138.33,503.36
14/11/19,124.3,102.3,132.71,494.66
15/11/19,125.31,102.44,133.07,494.49
18/11/19,125.73,103.97,131.9,496.48
19/11/19,127.54,104.14,133.53,509.83
20/11/19,127.38,104.8,132.88,510.2
21/11/19,128.3,105.6,132.2,512.53
22/11/19,131.18,107.72,135.79,520.76
25/11/19,132.71,108.95,135.61,525.14
26/11/19,130.79,107.07,134.18,520.5
27/11/19,128.51,107.95,135.05,515.73
28/11/19,125.62,106.45,132.68,508.43
29/11/19,124.98,102.85,129.59,501.33
02/12/19,126.21,102.3,131.97,498.55
03/12/19,128.75,103.11,134.46,505.36
04/12/19,131.01,103.5,133.72,513.42
05/12/19,130.83,103.86,135.76,511.51
06/12/19,132.04,103.46,135.63,513.29
09/12/19,129.14,101.02,135.2,509.27
10/12/19,129.06,101.44,135.07,513.83
11/12/19,128.71,101.74,136.92,512.29
12/12/19,131.8,100.6,139.41,516.93
13/12/19,131.36,97.48,136.33,508.05
16/12/19,130.2,96.87,137.03,506.87
17/12/19,130.85,95.49,134.89,511.07
18/12/19,129.45,97.56,135.73,511.19
19/12/19,131.58,100.52,138.32,517.71
20/12/19,131.51,101.11,140.11,519.37
23/12/19,132.78,104.41,143.48,527.55
24/12/19,129.83,98.94,139.3,514.98
25/12/19,128.87,99,139.02,516.99
26/12/19,129.07,97.96,139.84,516.33
27/12/19,130.13,97.71,138.96,517.52
30/12/19,130.2,98.55,139.23,512.48
31/12/19,129.4,99.55,139.34,511.27
01/01/20,131.36,99.28,137.35,512.32
02/01/20,130.45,97.45,135.54,509.64
03/01/20,130.47,98,138.7,511.27
06/01/20,131.06,97.5,137.23,508.85
07/01/20,130.16,97.76,140.79,507.79
08/01/20,129.39,97.41,140.95,507.24
09/01/20,131.94,94.74,136,504.01
10/01/20,134.17,93.29,131.09,504.55
13/01/20,134.7,91.92,128.83,499.4
14/01/20,134.97,91.15,129.05,490.26
15/01/20,133.29,88.97,126.68,482.47
16/01/20,134.93,86.98,125.64,484.13
17/01/20,138.78,87.69,127.53,486.17
20/01/20,133.93,87.25,126.1,481.31
21/01/20,131.24,87.08,127.95,479.78
22/01/20,131.83,87.36,126.15,483.79
23/01/20,130.66,87.7,124.02,477.17
24/01/20,133.55,88.31,127.18,484.08
27/01/20,129.94,88.32,125.55,479.65
28/01/20,130.03,86.25,124.25,483.78
29/01/20,131.04,86.58,126.24,487.75
30/01/20,131.49,85.29,125.69,490.11
31/01/20,129.89,86.74,126.34,486.68
03/02/20,131.89,87.12,128.19,490.54
04/02/20,131.81,87.84,129.17,485.54
05/02/20,129.65,88.42,128.93,480.99
06/02/20,127.07,86.02,123.7,470.89
07/02/20,125.97,84.35,122.09,467.67
10/02/20,130.03,83.8,124.22,477.85
11/02/20,128.56,83.61,123.13,475.22
12/02/20,131.54,85.54,126.05,482.32
13/02/20,128.68,84.3,126.08,472.25
14/02/20,126.7,83.82,123.91,464.9
17/02/20,125.94,81.78,120.85,461.81
18/02/20,123.53,78.93,117.25,455.06
19/02/20,123.2,78.28,116.74,448.55
20/02/20,124.16,79.15,117.14,453.99
21/02/20,122.11,79.93,117.49,450.9
24/02/20,122.11,79.84,119.03,448.84
25/02/20,120.76,80.75,118.66,449.92
26/02/20,123.91,81.4,120.85,453.55
27/02/20,125.36,82.23,122.51,455.77
28/02/20,122.31,81.86,118.79,447.3
02/03/20,124.09,82.8,122.55,456.47
03/03/20,120.46,80.82,119.52,440.42
04/03/20,116.38,77.93,113.18,425.28
05/03/20,113.57,74.19,109.6,414.99
06/03/20,111.56,72.42,107.94,408.88
09/03/20,109.67,70.15,105.5,403.18
10/03/20,106.31,70.66,103.99,395.38
11/03/20,102.89,68.98,99.43,381.84
12/03/20,98.89,66.98,97.51,371.98
13/03/20,93.19,66.33,95.41,357.1
16/03/20,91.16,65.03,92.73,349.24
17/03/20,88.1,62.74,89.05,334.64
18/03/20,86.05,61.83,87.86,329.5
19/03/20,84.22,59.89,86.23,318.96
20/03/20,80.87,57.01,83.65,309.26
23/03/20,79.23,56.65,81.67,303.6
24/03/20,79.1,57.42,82.13,303.64
25/03/20,79.94,58.66,82.73,306.47
26/03/20,78.87,56.03,80.71,302.45
27/03/20,79.37,54.58,79.47,296.98
30/03/20,81.21,54.39,80.93,302.66
31/03/20,80.32,53.17,80.11,298.15
01/04/20,80.63,52.96,78.52,293.23
02/04/20,81.1,52.73,78.04,294.85
03/04/20,82.74,53.16,78.52,299.12
06/04/20,81.27,52.92,78.51,298.14
07/04/20,79.13,51.61,76.28,292.43
08/04/20,79.89,53.22,77.35,295.03
09/04/20,81.47,54.13,79.57,300.56
10/04/20,80.26,52.64,76.85,296.81
13/04/20,81.9,54.91,79.77,305.89
14/04/20,81.38,53.8,79.57,304.93
15/04/20,81.7,54.34,80.41,309.21
16/04/20,83.5,55.55,82.61,315.91
17/04/20,83.12,56.18,81.81,317.59
20/04/20,81.84,56.06,80.7,315.9
21/04/20,81.99,54.78,80.18,313.58
22/04/20,83.27,55.33,81.32,315.17
23/04/20,82.73,54.82,81.6,317.62
24/04/20,81.93,55.57,80.12,313.68
27/04/20,80.94,54.11,77.46,309.77
28/04/20,80.87,54.5,78.38,311.39
29/04/20,81.86,54.88,77.94,315.26
30/04/20,81.33,53.95,77.02,311.17
01/05/20,81.01,54.22,77.49,309.64
04/05/20,80.6,55.1,78.53,314.9
05/05/20,82.23,56.82,79.06,321.2
06/05/20,82.36,56.46,79.01,323.14
07/05/20,83.17,56.05,79.6,323.36
08/05/20,83.63,56.03,79.55,325.8
11/05/20,82.52,57.48,78.84,323.7
12/05/20,83.17,58.36,79.59,326.17
13/05/20,83.87,58.5,81.14,330.56
14/05/20,85.17,58.17,81.18,331.91
15/05/20,84.09,58.19,80.52,331.22
18/05/20,82.94,59.47,80.43,331.05
19/05/20,84.12,59.47,81.52,331.38
20/05/20,86.16,60.35,82.17,335.48
21/05/20,87.41,60.35,81.84,336.89
22/05/20,86.08,61.72,82.04,338.09
25/05/20,86.54,61.02,81.71,339.82
26/05/20,86.49,62.28,83.56,344.5
27/05/20,86.09,61.15,82.16,342.31
28/05/20,86.99,59.47,81.21,342.01
29/05/20,86.82,60.75,82.52,347.01
01/06/20,86.73,61.73,84.76,352.66
02/06/20,85.51,61.1,83.75,350.49
03/06/20,86.59,60.79,83.89,347.76
04/06/20,88.68,61.16,84.77,351.7
05/06/20,90.42,59.14,83.71,351.7
08/06/20,90,60.74,84.04,354.72
09/06/20,90.68,62.34,84.79,356.4
10/06/20,92.39,63.49,84.63,359
11/06/20,93.13,64.73,85.09,355.15
12/06/20,94.07,63.92,82.93,347.95
15/06/20,95.43,64.65,83.57,354.48
16/06/20,96.56,66.87,84.09,358.64
17/06/20,94.45,65.93,82.84,355.16
18/06/20,94.72,66.8,84.17,362.55
19/06/20,94.48,65.81,83.73,359.25
22/06/20,96.82,66.47,84.22,362.94
23/06/20,98.08,66.87,84.22,369.31
24/06/20,97.03,66.62,84.48,364.03
25/06/20,97.95,65.93,85.03,363.2
26/06/20,99.18,67.67,87.35,369.26
29/06/20,99.05,67.1,88.39,367.91
30/06/20,97.73,67.43,87.62,363.51
01/07/20,95.85,66.31,86.4,359.39
02/07/20,97.43,67.57,87.49,363.49
03/07/20,98.39,69.44,89.15,366.94
06/07/20,97.14,67.47,88.23,364.13
07/07/20,98.2,67.83,90.14,366.59
08/07/20,99.83,68.49,90.43,371.45
09/07/20,100.66,69.3,91.31,374.19
10/07/20,104.55,72.2,95,385.94
13/07/20,106.37,73.59,96.46,390.43
14/07/20,106.46,70.07,94.29,384.8
15/07/20,109.27,71.19,94.51,390.16
16/07/20,107.79,71.31,94.64,390.76
17/07/20,106.75,71.08,92.91,389.54
20/07/20,107.81,72.14,93.93,394.09
21/07/20,110.66,72.94,95.29,397.56
22/07/20,109.46,72.73,96.1,395.76
23/07/20,109.3,72.31,95.27,395.41
24/07/20,107.1,73.11,94.71,394.36
27/07/20,105.3,73.33,95.22,393.35
28/07/20,103.96,73.23,93.68,389.51
29/07/20,105.79,74.98,95.35,392.86
30/07/20,107.04,75.59,93.69,396.11
31/07/20,107.23,77.25,93.74,389.97
03/08/20,107.9,77.99,92.69,388.46
04/08/20,112.69,79.57,95.5,397.51
05/08/20,109.43,78.22,93.74,389.45
06/08/20,109.47,78.68,93.94,387.06
07/08/20,110.5,76.75,90.93,386.6
10/08/20,111.57,77.19,90.09,386.22
11/08/20,111.36,75.27,88.19,384.57
12/08/20,114,75.82,89.84,385.56
13/08/20,115.37,75.44,90.22,387.01
14/08/20,117.92,75.38,91.35,390.85
17/08/20,117.88,75.25,90.48,390.1
18/08/20,118.01,75.7,90.92,393.18
19/08/20,119.9,75.18,91.87,393.28
20/08/20,121.21,76.49,91.09,395.9
21/08/20,120.6,75.46,91.73,393.28
24/08/20,119.4,75.25,92.11,391.59
25/08/20,121.75,76.81,91.42,394.31
26/08/20,120.97,77.25,89.01,398.24
27/08/20,122.18,77.97,90.89,408.32
28/08/20,124.04,79.92,92.62,413.79
31/08/20,123.41,78.76,91.15,407.33
01/09/20,123.51,76.81,90.21,405.1
02/09/20,124.03,76.45,93.21,411.79
03/09/20,121.98,76.15,92.08,405.3
04/09/20,119.8,76.05,90.97,403.93
07/09/20,121.84,78.57,92.14,411.3
08/09/20,123.24,78.57,91.68,417.3
09/09/20,123.91,79.72,91.73,416.17
10/09/20,123.1,79.39,90.38,413.75
11/09/20,120.26,77.11,89.18,408.59
14/09/20,119.79,75.8,87.36,404.42
15/09/20,121.2,77.54,88.24,405.78
16/09/20,121.93,76.87,87.52,409.21
17/09/20,123.69,77.78,87.21,412.86
18/09/20,125.93,78.17,89.19,421.69
21/09/20,129.36,79.82,91.42,433.93
22/09/20,130.49,79.66,91.13,435.92
23/09/20,128.24,78.85,91.38,426.48
24/09/20,131.48,81.49,93.15,436.44
25/09/20,131.75,83.32,95.37,436.59
28/09/20,133.17,83.65,95.97,437.46
29/09/20,136.98,86.48,97.62,442.77
30/09/20,136.45,87.03,98.17,446.74
01/10/20,138.35,89.18,100.2,448.98
02/10/20,138.21,90.79,101.13,452.52
05/10/20,137.82,89.29,100.09,450.97
06/10/20,136.74,88.69,98.58,451.13
07/10/20,136.4,90.79,101.49,454.82
08/10/20,134.61,87.3,97.55,442.41
09/10/20,137.69,88.66,99.38,443.08
12/10/20,135.49,89.28,99.73,440.7
13/10/20,136.91,92.3,101.57,446.9
14/10/20,137.57,96.3,101.7,453.1
15/10/20,137.6,97.33,101.6,453.87
16/10/20,139.34,103.16,106.1,461.99
19/10/20,138.72,102.31,103.53,457.59
20/10/20,140.52,101.08,104.44,461.53
21/10/20,139.25,100.49,105.78,462.84
22/10/20,139.53,100.35,105.9,461.9
23/10/20,135.46,102.2,106.39,459.38
26/10/20,135.6,101.19,105.7,453.79
27/10/20,140.57,101.29,105.57,459.42
28/10/20,143.59,102.62,105.48,468.28
29/10/20,145.45,104.38,107.67,481.41
30/10/20,150.58,105.33,111.14,493.41
02/11/20,151.99,103.16,110.03,490.37
03/11/20,154.18,105.91,109.52,495.03
04/11/20,157.1,106.81,111.47,502.54
05/11/20,158.2,106.9,110.3,499.64
06/11/20,160.19,107.8,111.03,502.36
09/11/20,159.76,109.62,111.59,499.52
10/11/20,161.86,110.18,112.36,508.68
11/11/20,162.11,110.94,111.43,508.24
12/11/20,163.9,109,110.99,509.25
13/11/20,164.31,111.13,112.68,517.91
16/11/20,162.18,110.74,112.27,511.18
17/11/20,164.83,116.12,115.64,523.35
18/11/20,165.35,115.15,113,518.87
19/11/20,162.23,117.3,113.49,515.83
20/11/20,164.72,116.31,112.53,517.94
23/11/20,167.59,118.51,114.51,525.42
24/11/20,168.91,119.56,114.04,527.81
25/11/20,166.52,118.96,112.8,531.98
26/11/20,166.72,116.54,111.51,531.31
27/11/20,171.28,117.29,110.77,540.13
30/11/20,168.08,115.44,109.09,532.99
01/12/20,170.13,115.09,108.97,535.45
02/12/20,170.83,115.68,109.96,540.83
03/12/20,172.15,117.17,109.07,543.21
04/12/20,173.71,119.29,109.59,545.19
07/12/20,172.54,120.04,111.08,544.41
08/12/20,175.23,121.45,112.1,549.33
09/12/20,177.52,123.11,116.19,554.47
10/12/20,179.23,122.87,115.31,555.84
11/12/20,179.93,129.21,118.36,560.19
14/12/20,181,125.54,116.69,557.71
15/12/20,183.5,128.64,118.02,563.96
16/12/20,181.73,125.84,116.83,554.32
17/12/20,180.93,123.71,116.41,558.04
18/12/20,177.75,119.1,113.5,548.22
21/12/20,178.66,118.73,113.27,550.38
22/12/20,181.8,116.3,112.13,552.4
23/12/20,179.63,118.97,112.42,552.02
24/12/20,181.46,118.65,110.35,550.82
25/12/20,184.62,119.27,110.17,558.53
28/12/20,184.03,118.25,109.82,559.66
29/12/20,191.07,122.44,114.41,574.39
30/12/20,188.49,121.83,113.92,566.54
31/12/20,188.33,122.72,114.85,569.93
01/01/21,189.21,122.11,114.06,565.47
04/01/21,194.4,124.01,115.51,571.21
05/01/21,203.22,124.93,116.71,585.13
06/01/21,205.12,127.58,120.68,595.07
07/01/21,201.95,126.08,119.89,597.28
08/01/21,197.82,127.19,120.09,596.45
11/01/21,197.58,125.48,120.2,597.46
12/01/21,200.54,126.54,120.42,596.19
13/01/21,203.08,128.36,120.46,598.63
14/01/21,201.73,124.96,117.53,587.36
15/01/21,200.54,123.18,114.44,589.21
18/01/21,204.41,122.98,115.25,596.11
19/01/21,208.15,122.65,117.01,599.97
20/01/21,204.08,122.85,118.22,606.42
21/01/21,200.51,123.13,117.35,604.42
22/01/21,196.19,119.33,113.85,592.9
25/01/21,194.37,120.07,115.27,594.9
26/01/21,199.21,122.57,115.72,608.69
27/01/21,197.47,123.86,118.15,611.73
28/01/21,193.14,120.68,117.61,602.48
29/01/21,193.43,122.33,119.43,607.04
01/02/21,192.88,121.61,120.12,608.58
02/02/21,192.2,123.59,120.9,606.7
03/02/21,190.08,121.01,118.9,604.76
04/02/21,187.86,120.68,117.56,599.29
05/02/21,183.7,118.89,115.77,592.69
08/02/21,184.37,116.93,116.25,593.28
09/02/21,184.98,117.19,115.85,594.74
10/02/21,186.36,114.48,113.98,591.53
11/02/21,187.13,117.03,114.49,593.26
12/02/21,185.76,115.14,112.9,591.26
15/02/21,182.9,115.05,110.36,582.79
16/02/21,182.05,117.96,111.39,576.87
17/02/21,176.73,116.23,110.47,568.99
18/02/21,177.22,118.67,111.14,575.51
19/02/21,172.99,115.52,106.8,562.08
22/02/21,172.92,115.78,107.02,559.08
23/02/21,172.48,112.94,107.16,555.34
24/02/21,171.27,115.5,106.81,551.4
25/02/21,168.53,114.44,106.39,549.14
26/02/21,175.21,112.79,107.33,555.66
01/03/21,173.73,111.23,105.29,556.44
02/03/21,175.99,112.13,107.67,557.12
03/03/21,172.56,107.19,103.85,545.46
04/03/21,172.88,107.63,102.55,547.73
05/03/21,173.56,109.2,101.34,549.75
08/03/21,170.54,107.55,100.7,544.14
09/03/21,168.43,106.91,98.43,542.47
10/03/21,167.96,108.76,98.71,541.82
11/03/21,166.1,109.71,98.15,541.73
12/03/21,165.2,106.03,95.68,530.96
15/03/21,165.33,104.13,95.78,529.4
16/03/21,164.94,105.17,97.26,531.23
17/03/21,163.09,101.66,94.57,521.03
18/03/21,163.4,101.27,95.15,519.69
19/03/21,163.31,103.25,96.5,522.4
22/03/21,161.89,101.78,94.7,515.69
23/03/21,163.79,102.13,93.77,523.37
24/03/21,164.62,100.18,92.51,521.88
25/03/21,168.94,99.86,93.96,533.54
26/03/21,167.4,98.99,92.28,528.29
29/03/21,167.36,100.1,93.95,528.46
30/03/21,162.54,98.56,92.83,520.5
31/03/21,161.8,98.58,94.3,522.37
01/04/21,160.94,97.57,93.51,525.02
02/04/21,160.55,97.47,92.93,527.5
05/04/21,165.39,99.83,94.92,538.33
06/04/21,159.63,99.18,93.92,530.37
07/04/21,157.98,98.08,92.73,529.35
08/04/21,157.13,101.19,94.61,528.53
09/04/21,156.88,100.11,91.83,529.68
12/04/21,158.59,101.63,93,529.93
13/04/21,157.49,102.7,92.3,520.04
14/04/21,157,102.36,92.23,521.45
15/04/21,158.55,103.4,94.19,521.45
16/04/21,159.81,104.96,93.86,519.04
19/04/21,158.08,103.3,93.61,513.13
20/04/21,156.11,101.67,93.7,509.31
21/04/21,155.73,101.42,94.87,507.39
22/04/21,158.88,102.94,95.95,522.22
23/04/21,156.44,101.56,93.65,518.55
26/04/21,160.5,105.85,97.65,531.09
27/04/21,159.67,102.82,98.22,529.69
28/04/21,158.54,104.7,97.96,530.81
29/04/21,158.18,105.72,98.36,526.64
30/04/21,158.41,107.67,99.34,532.14
03/05/21,155.99,106.8,97.89,529.14
04/05/21,156.11,108.11,99.74,534.61
05/05/21,156.8,106.71,99.18,532.08
06/05/21,156.04,105.86,97.61,522.14
07/05/21,154.53,105.7,95.89,518.23
10/05/21,159.04,109.21,100.07,532.81
11/05/21,161.9,109.05,99.75,526.97
12/05/21,164.86,112.96,101.48,534.8
13/05/21,163.05,113.05,102.53,527.59
14/05/21,164.11,113.02,102.82,530.81
17/05/21,163.69,112.75,102.41,532.96
18/05/21,164.77,113.62,101.6,532.97
19/05/21,167.06,114.61,103.17,544.46
20/05/21,169.73,115.85,103.61,540.51
21/05/21,169.36,115.18,103.7,539.08
24/05/21,168.6,111.73,100.91,534.32
25/05/21,173.04,113.21,102.66,546.33
26/05/21,171,113.22,101.56,545.58
27/05/21,171.44,114,101.14,548.82
28/05/21,176.94,114.16,101.66,557.5
31/05/21,179.09,113.96,98.77,561.94
01/06/21,181.2,111.58,97.33,566.85
02/06/21,185.24,114.71,99.14,576.87
03/06/21,184.93,116.78,99.1,575.13
04/06/21,187.81,117.74,101.46,579.68
07/06/21,187.71,116.05,100.7,571.95
08/06/21,186.4,113.05,99.91,569.68
09/06/21,181.68,113.98,102.5,567.37
10/06/21,179.99,118.75,103.03,569.57
11/06/21,180.53,121.62,104.85,572.55
14/06/21,178.03,120.12,102.69,566.06
15/06/21,176.58,116.83,102.4,559.58
16/06/21,173.31,115.42,101.37,546.99
17/06/21,174.22,113.89,102.71,550.23
18/06/21,173.23,112.26,101.69,548.79
21/06/21,173.22,111.93,101.62,546.33
22/06/21,172.38,108.03,100.69,542.25
23/06/21,170.44,110.77,101.87,539.52
24/06/21,172.7,112.35,103.43,543.79
25/06/21,173.92,112.37,104.28,539.63
28/06/21,172.85,115.21,104.65,538.69
29/06/21,171.74,112.67,100.81,530.77
30/06/21,172.14,112.79,100.78,531.5
01/07/21,174.86,113.47,100.88,534.59
02/07/21,176.44,116.71,101.95,540.43
05/07/21,177.39,115.27,101.46,535.02
06/07/21,172.79,114.4,99.99,527.85
07/07/21,172.8,112.69,99.17,521.63
08/07/21,176.5,111.6,98.99,521.71
09/07/21,178.07,111.61,98.67,526.17
12/07/21,178.2,112.65,98.14,521.87
13/07/21,178.54,112.27,98.7,522.3
14/07/21,179.14,109.64,99.61,521.42
15/07/21,181.08,108.88,99.86,519.07
16/07/21,182.37,108.74,100.02,522.98
19/07/21,179.08,106.57,99.03,523.41
20/07/21,178.76,107.55,99.37,530.71
21/07/21,174.19,106.29,96.41,512.78
22/07/21,175.02,106.87,96.52,514
23/07/21,183.4,109.22,99.35,526.54
26/07/21,184.27,109.15,99.01,533.35
27/07/21,187.61,110.53,97.64,535.73
28/07/21,195.43,112.64,100.85,554.98
29/07/21,196.14,111.42,97.74,553.94
30/07/21,193.81,111.09,96,548.16
02/08/21,193.97,111.69,95.15,552.1
03/08/21,192.3,108.28,93.31,545.51
04/08/21,192.82,110.91,94.34,548.96
05/08/21,189.71,111.47,94.42,544.37
06/08/21,184.42,112.44,92.95,535.18
09/08/21,185.47,110.7,90.84,525.57
10/08/21,187.54,110.47,93.97,527.86
11/08/21,185.03,108.74,93.15,521.16
12/08/21,186.79,107.66,91.5,514.64
13/08/21,180.72,104.95,89.26,501.2
16/08/21,184.17,108.21,90.83,503.49
17/08/21,182.67,106.77,89.38,496.96
18/08/21,180.94,105.63,88.07,493.44
19/08/21,181.98,104.48,88.93,491.57
20/08/21,177.67,103.84,87.35,485.61
23/08/21,171.43,104.23,87.4,474.28
24/08/21,167.72,105.87,86.97,468.27
25/08/21,162.16,103.45,85,460.21
26/08/21,158.84,99.89,83.44,455.09
27/08/21,155.19,100.44,83.26,454.12
30/08/21,155.07,96.47,81.36,452.15
31/08/21,153.05,95.26,80.42,439.57
01/09/21,156.98,95.24,81.38,444.95
02/09/21,160.02,96.92,82.34,448.17
03/09/21,162,94.73,82.19,445.5
06/09/21,165.12,96.03,83.78,451.88
07/09/21,160.88,93.45,82.67,444.48
08/09/21,163.81,95.03,82.92,446.97
09/09/21,164.11,91.71,82.93,446.05
10/09/21,167.21,90.38,83.82,455.83
13/09/21,163.98,90.6,83.55,447.64
14/09/21,165.24,92.27,83.98,454.2
15/09/21,161.21,88.94,82,445.01
16/09/21,159.54,89.66,82.63,446.78
17/09/21,159.29,90.51,82.63,453.1
20/09/21,157.41,93.09,83.67,450.02
21/09/21,160.72,94.39,85.53,460.43
22/09/21,161.58,93.83,86.31,461.81
23/09/21,163.3,91.21,85.68,459.22
24/09/21,167.45,93.45,87.57,469.2
27/09/21,165.01,95.22,90.09,471.51
28/09/21,169.05,95.65,90.08,476.69
29/09/21,170.21,95.46,90.68,479.43
30/09/21,167.73,95.56,91.28,477.75
01/10/21,170.7,94.66,91.71,477.35
04/10/21,167.93,92.94,89.54,468.95
05/10/21,167.44,94.11,89.78,464.82
06/10/21,170.38,93.79,89.96,469.44
07/10/21,170.94,95.69,91.49,470.51
08/10/21,176.67,97.77,93.17,483.23
11/10/21,177.38,98.68,96.33,487
12/10/21,176.59,98.69,97.38,482.45
13/10/21,171.52,96.3,93.76,470.12
14/10/21,172.86,95.39,92.04,469.49
15/10/21,175.17,93.55,92.24,473.25
18/10/21,177.75,96.22,96.27,481.09
19/10/21,178.09,95.74,96.09,485.66
20/10/21,174.59,93.47,95.86,482.8
21/10/21,173.69,94.56,96.71,488.16
22/10/21,173.94,96.27,100.55,495.39
25/10/21,174.12,97.51,100.87,504.6
26/10/21,174.64,97.31,99.94,507.71
27/10/21,176.98,97.29,100.91,506.53
28/10/21,177.53,98.23,103.44,507.84
29/10/21,174.21,95.9,100.2,503.24
01/11/21,178.36,97.69,103.17,512.94
02/11/21,178.15,97.17,102.52,506.62
03/11/21,178.92,97.39,103.62,509.03
04/11/21,178.53,95.99,102.87,509.11
05/11/21,175.55,95.32,102.34,502.22
08/11/21,174.06,95.29,100.88,500.19
09/11/21,171.79,96.31,103.76,498.28
10/11/21,173.22,95.68,104.82,496.4
11/11/21,174.53,94.79,104.28,493.45
12/11/21,176.75,94.23,104.93,495.04
15/11/21,176.5,94.44,104.16,494.92
16/11/21,180.65,94.5,106.18,506.41
17/11/21,178.51,91.78,104.6,498.4
18/11/21,183.64,93.31,105.36,502.58
19/11/21,186.72,93.35,105.89,509.68
22/11/21,185.42,92.99,105.49,509.77
23/11/21,187.13,93.18,105.94,511.07
24/11/21,183.08,92.53,107.2,504.2
25/11/21,181.03,90.75,106.66,501.27
26/11/21,180.65,89.37,105.88,493.96
29/11/21,181.09,90.81,105.41,490.47
30/11/21,185.49,91.15,107.6,497.1
01/12/21,185.1,91.75,106.9,497
02/12/21,184.1,89.62,105.85,492.27
03/12/21,183.72,87.85,106.55,493.67
06/12/21,186.45,88.18,105.16,501.98
07/12/21,186.34,87.15,104.99,504.52
08/12/21,186.33,89.01,107.46,504.99
09/12/21,184.51,89.97,104.68,500.83
10/12/21,180.64,88.33,102.81,492.2
13/12/21,179.21,86.47,104.05,495.94
14/12/21,176.16,87.93,104.1,494.24
15/12/21,176.05,87.03,104.66,494.2
16/12/21,174.85,84.96,102.18,483.57
17/12/21,174.93,83.42,100.93,485.37
20/12/21,178.16,84.26,101.85,496.62
21/12/21,179.61,84.24,100.48,498.24
22/12/21,181.92,84.02,101,499.98
23/12/21,181.47,80.67,98.57,497.01
24/12/21,179.81,80.39,97.37,494.86
27/12/21,179.28,79.11,97.92,496.47
28/12/21,177.72,79.42,98.5,497.6
29/12/21,173.31,79.67,97.47,490.63
30/12/21,180.36,81.86,99.46,495.8
31/12/21,184.21,81.08,98.41,497.31
03/01/22,188.22,83.11,100.08,506.36
04/01/22,186.59,82.95,99.87,507.35
05/01/22,189.38,84.34,100.74,515.1
06/01/22,189.17,82.89,99.38,512.4
07/01/22,191.83,83.33,98.7,515.3
10/01/22,192.21,83.72,100.02,520.82
11/01/22,190.57,82.56,97.97,518.1
12/01/22,194.81,83.18,98.66,529.1
13/01/22,196.35,84.18,98.21,533.69
14/01/22,193.69,82.1,96.25,524.59
17/01/22,193.11,80.14,95.97,525.42
18/01/22,187.61,80.2,94.5,520.6
19/01/22,187.47,80.26,94.35,524.4
20/01/22,184.07,80.3,95.11,523.71
21/01/22,190.66,81.2,97.54,534.52
24/01/22,194.28,82.07,98.15,544.78
25/01/22,192.91,79.97,96.12,540.94
26/01/22,197.04,81.09,98.77,544.99
27/01/22,195.79,80.49,98.13,542.54
28/01/22,197.89,80.43,98.52,545.12
31/01/22,195.22,79.75,97.61,539.83
01/02/22,195.37,79.93,97.31,544.3
02/02/22,192.03,78.33,98.84,536.73
03/02/22,188.23,78.45,96.24,528.98
04/02/22,194.44,77.93,94.62,528.71
07/02/22,197.14,80,95.75,537.52
08/02/22,201.36,83.33,98.11,540.3
09/02/22,198.95,82.28,96.91,534.64
10/02/22,202.38,84.81,98.73,546.81
11/02/22,203.53,85.22,100.13,550.23
14/02/22,209.97,84.73,100.05,556.32
15/02/22,211.42,86.86,101.54,556.61
16/02/22,214.18,88.59,100.79,560.56
17/02/22,209.19,86.6,98.06,553.09
18/02/22,209.62,84.97,98.09,546.88
21/02/22,210.73,84.16,97.35,548.21
22/02/22,212.44,86.42,98.85,555.1
23/02/22,211.12,86.44,99.2,553.72
24/02/22,205.54,85.71,98.52,543.83
25/02/22,201.68,86.93,99.35,540.9
28/02/22,198.33,85.07,99.23,535.68
01/03/22,196.76,85.45,98.41,538.64
02/03/22,200.85,85.82,98.48,534.63
03/03/22,196.5,83.06,96.43,523.85
04/03/22,192.63,81.85,95.76,519.44
07/03/22,187.27,80.5,92.86,512.04
08/03/22,189.55,79.91,92.03,511.6
09/03/22,183.3,78.96,90.44,505.08
10/03/22,180.36,77.54,87.78,494.26
11/03/22,177.25,78.11,87.09,490.95
14/03/22,176.29,76.36,85.79,488.56
15/03/22,173.18,76.66,84.82,482.77
16/03/22,174.61,76.24,84.8,482.98
17/03/22,175,73.51,81.59,478.99
18/03/22,177.8,73.11,81.48,482.49
21/03/22,179.71,71.22,79.81,479.68
22/03/22,181.67,74.63,81.83,483.4
23/03/22,182.83,76.54,83.18,485.33
24/03/22,185.53,78.02,83.42,491.24
25/03/22,188.38,80.23,84.93,497.13
28/03/22,191.94,79.53,85.36,496.39
29/03/22,195.09,79.95,87.16,503.74
30/03/22,191.6,81.06,88.92,505.89
31/03/22,189.48,80.23,88.35,499.88
01/04/22,194.41,81.6,87.12,506.31
04/04/22,193.46,81.33,86.53,506.99
05/04/22,196.79,82.51,87.26,512.44
06/04/22,196.91,81.54,87.29,513.14
07/04/22,201.57,84.31,88.71,525.27
08/04/22,198.78,84.67,88.13,518.55
11/04/22,199.67,81.36,84.76,511.8
12/04/22,199.98,80.99,83.16,507.24
13/04/22,201.22,82.08,83.88,514.26
14/04/22,202.48,81.43,83.41,509.79
15/04/22,202.21,82.89,84.83,517.24
18/04/22,201.36,84.56,85.48,523.66
19/04/22,201.35,85.58,87.44,526.3
20/04/22,202.07,87.6,88.49,525.79
21/04/22,208.74,88.53,89.88,539.34
22/04/22,206.9,86.75,88.99,528.53
25/04/22,206.07,86.96,88.77,522.42
26/04/22,211.12,88.31,91.47,531.12
27/04/22,208.42,88.13,90.88,523.53
28/04/22,213.13,88.37,89.71,531.81
29/04/22,211.59,87.22,87.25,532.22
02/05/22,207.59,86.47,87.33,528.85
03/05/22,207.47,84.16,85.33,524.75
04/05/22,205.1,83.97,85.64,525.68
05/05/22,201.42,86.19,87.19,525.77
06/05/22,204.8,90.4,88.41,534.09
09/05/22,197.68,89.02,87.29,523.68
10/05/22,195.81,85.75,85.74,521.59
11/05/22,194.14,86.02,84.26,519.81
12/05/22,193.05,84.77,82.82,514.41
13/05/22,194.22,83.32,81.85,512.99
16/05/22,191.11,85.07,81.68,508.89
17/05/22,188.38,86.94,82.85,506
18/05/22,191.59,88.08,84.02,510.85
19/05/22,189.5,88.09,83.32,513.7
20/05/22,185.98,89.44,83.52,512.22
23/05/22,188.38,89.21,84.48,506.98
24/05/22,186.41,87.46,82.26,499.95
25/05/22,187.55,88.8,83.29,501.49
26/05/22,188.65,89.31,84.54,507.12
27/05/22,188.79,88.13,83.38,503.09
30/05/22,187.96,88.35,84.08,503.02
31/05/22,188.06,88.64,83.77,500.08
01/06/22,183.23,86.48,82.6,489.28
02/06/22,182.63,87.04,83.3,486.54
03/06/22,185.44,89.42,83.8,489.7
06/06/22,188.84,90.15,82.53,488.19
07/06/22,188.19,88.37,81.24,484.6
08/06/22,192.42,89.08,83.02,496.24
09/06/22,196.66,90.6,82.45,502.91
10/06/22,199.84,91.33,84.75,512.37
13/06/22,201.61,93.44,86.3,509.72
14/06/22,200.17,94.95,86.13,508.61
15/06/22,197.11,96.96,88.39,506.75
16/06/22,197.61,96.1,88.64,508.48
17/06/22,200.09,97.33,92.45,512.9
20/06/22,195.08,95.46,89.41,498
21/06/22,192.23,93.37,87.15,492.47
22/06/22,190.83,92.8,87.58,488.57
23/06/22,190.13,93.22,85.88,479.01
24/06/22,191.18,94.3,88.52,484.26
27/06/22,193.6,94.7,89.31,493.18
28/06/22,187.59,93.79,90.26,487.92
29/06/22,192.35,94.17,91,494.19
30/06/22,186.11,90.84,87.52,483.68
01/07/22,188.62,92.04,89.24,488.68
04/07/22,192.11,93.03,90.23,493.43
05/07/22,194.15,92.99,91.43,493.22
06/07/22,191.03,93.26,91.14,488.47
07/07/22,193.66,93.1,91.18,495.55
08/07/22,198.24,96.76,93.33,509.7
11/07/22,195.5,94.7,89.65,506.58
12/07/22,193.04,93.92,88.11,503.87
13/07/22,192.01,91.77,87.36,495.52
14/07/22,189.67,88.18,83.98,486.77
15/07/22,184.22,84.82,81.69,473.81
18/07/22,189.86,88.85,83.57,487.16
19/07/22,192.07,88.6,82.34,487.86
20/07/22,191.63,87.93,82.38,484.52
21/07/22,188.4,87.34,82.1,476.71
22/07/22,191.1,85.6,81.02,475.98
25/07/22,189.34,84.46,81.94,471.6
26/07/22,196.46,86.82,84.01,484.72
27/07/22,204.12,87.28,84.03,490.49
28/07/22,204.28,84.98,82.9,492.62
29/07/22,204.81,84.76,82.3,495.09
01/08/22,202.35,86.8,84.88,498.27
02/08/22,202.37,88.31,86.72,499.14
03/08/22,200.84,86.15,85.83,496.76
04/08/22,196.87,84.66,83.4,485.84
05/08/22,198.57,84.11,83.03,481.6
08/08/22,199.18,84.25,82.52,481.2
09/08/22,199.78,83.34,80.81,484.62
10/08/22,197.95,82.85,81.29,493.92
11/08/22,194.35,82.68,80.22,487.13
12/08/22,192.32,80.79,79.02,477.32
15/08/22,195.13,81.55,80.09,480.7
16/08/22,194.12,81.75,79.09,477.62
17/08/22,191.69,80.09,76.23,474.34
18/08/22,189.78,81.22,77.52,471.08
19/08/22,186.76,83.95,80.12,473.35
22/08/22,187.54,83.35,80.29,471.64
23/08/22,181.96,80.33,78.18,457.4
24/08/22,181.84,78.97,76.82,457
25/08/22,182.57,79.18,77.77,460.44
26/08/22,186.63,79.59,78.05,461.48
29/08/22,185.49,80.61,79.6,465.86
30/08/22,180.61,80.91,77.67,461.56
31/08/22,179.67,81.65,76.84,463.76
01/09/22,175.82,79.89,74.74,450.54
02/09/22,176.12,82.37,78.26,457.36
05/09/22,179.15,83.5,79.61,462.09
06/09/22,179.73,84.42,79.65,463.34
07/09/22,179.63,85.58,79.3,463.71
08/09/22,184.91,88.63,82.59,475.67
09/09/22,185.86,90.38,85.01,474.84
12/09/22,182.28,91.39,84.86,469.73
13/09/22,178.94,89.74,82.4,468.44
14/09/22,178.93,89.71,82.94,471.89
15/09/22,181.54,92.05,83.81,476.73
16/09/22,183.7,91.91,84.01,480.39
19/09/22,185.94,89.97,83.98,480.39
20/09/22,187.98,91.69,86.59,491.1
21/09/22,191.87,94.95,88.95,500.72
22/09/22,194.46,96.83,89.89,507.41
23/09/22,194.41,95.56,90.55,507.18
26/09/22,200.54,94.73,90.29,512.82
27/09/22,204.05,96.3,91.8,515.77
28/09/22,200.6,95.98,89.92,508.14
29/09/22,202.18,94.93,91.18,514.26
30/09/22,197.52,92.41,87.18,500.34
03/10/22,199.87,92.44,87.91,498.73
04/10/22,202.34,92.29,88.13,501.07
05/10/22,198.57,89.74,87.37,495.43
06/10/22,201.79,91.05,88.55,495.66
07/10/22,201.03,90.89,90.31,498.8
10/10/22,205.78,92.99,91.24,506.85
11/10/22,206.57,91.84,90.37,505.06
12/10/22,211.67,90.06,91.19,506.39
13/10/22,207.42,90.84,91.9,507.69
14/10/22,209.99,94.58,94.77,516.1
17/10/22,211.13,96.84,95.29,517.6
18/10/22,210.22,93.46,93.58,505.83
19/10/22,210.45,94.88,93.88,513.09
20/10/22,205.95,95.66,94.5,504.28
21/10/22,214.56,97.76,95.66,511.23
24/10/22,213.92,97.46,95.57,509.28
25/10/22,216.03,97.43,93.8,509.02
26/10/22,208.55,96.21,91.4,498.73
27/10/22,212.77,95.84,92.75,502.57
28/10/22,218.5,96.72,92.98,511.34
31/10/22,217.15,95.16,91.58,507.09
01/11/22,221.63,93.33,91.14,511.38
02/11/22,222.34,95.54,92.3,514.61
03/11/22,224.39,96.23,92.48,519.07
04/11/22,222.27,94.86,91.06,518.83
07/11/22,211.85,93.08,89.14,499.67
08/11/22,212.9,94.11,90.37,494.42
09/11/22,217.38,94.11,91.54,502.28
10/11/22,214.6,94.52,91.09,492.93
11/11/22,218.46,94.31,90.55,494.56
14/11/22,219.42,94.51,91.32,492.18
15/11/22,217.05,93.84,92.65,490.44
16/11/22,220.68,94.8,93.06,494.25
17/11/22,220.19,95.67,94.9,497.52
18/11/22,224.21,95.19,94.65,498.28
21/11/22,225.34,94.96,95.43,496.93
22/11/22,225.55,96.12,93.94,503.41
23/11/22,224.67,92.9,92.35,498.34
24/11/22,224.46,94.41,93.9,501.99
25/11/22,226.05,94.67,96.07,501.11
28/11/22,226.59,94.95,97.16,500.22
29/11/22,220.8,93.93,96.3,497.97
30/11/22,216.7,94.79,98.87,496.15
01/12/22,212.61,93.27,97.6,491.56
02/12/22,210.79,95.25,97.3,485.77
05/12/22,214.39,92.73,96.14,495.76
06/12/22,214.41,91.14,95.23,493.35
07/12/22,214.99,92.31,94.87,499.94
08/12/22,215.85,93.65,95.06,506.27
09/12/22,215.09,93.95,94.19,501.7
12/12/22,217.38,93.88,93.54,501.11
13/12/22,219.74,93.54,93.51,503.07
14/12/22,213.57,90.01,91.34,489.64
15/12/22,217.05,92.28,93.67,503.1
16/12/22,216.85,93.26,93.59,511.66
19/12/22,223.46,94.87,95.57,526.09
20/12/22,223.04,93.83,95.9,525.38
21/12/22,223.72,92.8,93.66,523.53
22/12/22,226.84,93.22,95.71,526.72
23/12/22,223.35,92.4,94.84,524.3
26/12/22,220.83,93.93,97.49,525.89
27/12/22,225.08,93.37,98.82,534.46
28/12/22,228.08,94.07,96.39,533.3
29/12/22,226.02,92.21,95.31,527.06
30/12/22,223.31,90.12,93.17,524.02
02/01/23,221.17,88.98,91.88,520.63
03/01/23,222.76,85.11,90.93,522.22
04/01/23,219.34,83.14,89.05,512.43
05/01/23,220.14,80.79,86.73,513.34
06/01/23,217.17,81.87,87.41,506.42
09/01/23,219.31,82.21,87.39,509.59
10/01/23,220.94,83.53,89.46,516.11
11/01/23,216.5,82.05,91.07,514.47
12/01/23,224.4,85.6,94.24,530.14
13/01/23,224.34,83.29,92.91,530.44
16/01/23,222.4,83.5,93.72,526.58
17/01/23,220.96,81.91,91.82,517.24
18/01/23,218.07,83.26,91.41,515.77
19/01/23,216.49,84.57,93.35,520.48
20/01/23,217.55,84.54,92.25,526.84
23/01/23,215.15,84.99,93.36,524.21
24/01/23,218.59,86.83,96.62,531.37
25/01/23,214.48,85.31,95.51,524.77
26/01/23,213.28,82.53,94.22,526.06
27/01/23,214.84,83.72,95.73,531.81
30/01/23,217.93,84.96,96.51,534.32
31/01/23,217.18,85.29,96.31,534.76
01/02/23,218.68,86.82,98.78,540.69
02/02/23,214.5,85.5,97.58,527.61
03/02/23,219.08,86.73,99.27,539.91
06/02/23,217.08,87.16,99.21,537.61
07/02/23,214.65,89.04,99.66,539.84
08/02/23,208.76,89.45,100.39,535.16
09/02/23,208.11,89.93,103.17,531.71
10/02/23,210.63,89.26,103.06,532.76
13/02/23,209.34,89,101.51,533.15
14/02/23,203.85,88.55,100.23,521.72
15/02/23,204.53,86.58,99.18,514.81
16/02/23,206.01,85.69,98.35,515.64
17/02/23,203.7,85.14,96.16,512.6
20/02/23,209.22,90.4,100.05,529.93
21/02/23,203.77,91.36,100.82,524.24
22/02/23,207.65,91.98,101.17,530.86
23/02/23,204.42,92.77,100.1,523.58
24/02/23,201.71,93.3,99.41,516.03
27/02/23,199.95,92.87,97.7,508.34
28/02/23,206.45,93.25,98.36,514.87
01/03/23,205.21,93.94,99.65,514.47
02/03/23,201.5,95,99.71,517.31
03/03/23,194.88,93.66,100.25,508.47
06/03/23,194.28,94.01,99.78,506.66
07/03/23,193.36,92.88,100.39,506.79
08/03/23,194.14,94.37,101.06,507.06
09/03/23,192.45,93.98,99.49,501.8
10/03/23,191.03,96.92,97.94,500.66
13/03/23,196.1,98.56,100.3,510.09
14/03/23,194.2,94.63,98.17,500.21
15/03/23,191.94,93.34,99.07,505.31
16/03/23,192.63,92.89,97.65,505.79
17/03/23,197.91,93.94,96.38,513.3
20/03/23,200.91,92.38,96.09,516.32
21/03/23,200.75,91.23,96.52,514.24
22/03/23,196.39,87.29,95.1,506.58
23/03/23,196.71,86.81,94.33,502.22
24/03/23,195.5,83.67,91.65,494.29
27/03/23,197.35,84.1,92.93,502.27
28/03/23,200.57,85.54,94.18,505.12
29/03/23,202.87,88.48,96.53,519
30/03/23,198.34,85.85,95.38,511.42
31/03/23,202.35,86.82,95.53,516.04
03/04/23,197.81,84.27,94.53,510.64
04/04/23,198.95,82.28,93.13,504.47
05/04/23,202.55,82.36,92.5,507.74
06/04/23,200.68,83.98,92.52,502.88
07/04/23,194.36,82.55,90.42,488.29
10/04/23,197.91,84.32,91.84,499.45
11/04/23,199.95,83.72,90.71,502.44
12/04/23,201.2,84.29,90.36,505.87
13/04/23,199,83.71,91.23,501.82
14/04/23,194.41,81.32,90.32,494.61
17/04/23,194.1,80.64,90.38,491
18/04/23,195.05,79.96,89.22,488.13
19/04/23,194.01,79.72,89.21,475.45
20/04/23,191.73,78.77,89.87,469.64
21/04/23,192.26,80.85,89.9,473.38
24/04/23,190.01,79.74,88.23,466.19
25/04/23,197.99,82.7,91.99,482.26
26/04/23,193.34,82.22,92.26,474.79
27/04/23,196.22,83.87,95.51,481.11
28/04/23,193.07,82.72,95.95,471.72
01/05/23,187.23,81.52,94.05,462.98
02/05/23,189.96,81.49,92.48,470.34
03/05/23,187.19,79.53,92.09,464.18
04/05/23,187.07,80.18,93.59,465.1
05/05/23,191.44,78.49,93.87,465.71
08/05/23,195.48,79.61,94.39,473.31
09/05/23,198.18,81.09,94.58,476.11
10/05/23,198.23,81.1,95.39,470.83
11/05/23,199.28,81,94.6,468.8
12/05/23,198.7,76.38,90.96,457.81
15/05/23,200.36,75.78,90.57,462.99
16/05/23,203.43,77.57,91.56,470.25
17/05/23,202.78,77.24,91.71,467.68
18/05/23,207.43,78.04,93.38,478.93
19/05/23,210.73,77,93.55,483.81
22/05/23,213.63,76.24,92.73,488.06
23/05/23,211.27,75.47,93.59,485.76
24/05/23,209.04,74.03,92.76,477.25
25/05/23,208.33,74.34,94.23,480.39
26/05/23,206.17,75.39,94.4,475.8
29/05/23,205.7,77.1,95.67,478.33
30/05/23,210.88,76.42,94.49,476.47
31/05/23,212.13,76.92,96.59,480.89
01/06/23,210.91,76.73,96.47,474.35
02/06/23,219.72,79.15,99.31,489.46
05/06/23,222.14,79.49,99.14,493.74
06/06/23,223.5,78.77,100.38,496.37
07/06/23,226.02,81.1,102.27,503.82
08/06/23,228.86,80.75,102.43,506.63
09/06/23,225.67,83.24,102.17,501.72
12/06/23,230.23,85.16,102.79,510.31
13/06/23,235.42,86.21,107.05,514.34
14/06/23,237.96,88.41,109.86,520.6
15/06/23,236.99,88.9,111.08,523.32
16/06/23,240.79,88.27,110.84,522.79
19/06/23,239.47,89.51,111.67,532.34
20/06/23,240.24,89.81,112.11,531.56
21/06/23,240.11,91.48,113.36,531.44
22/06/23,236.87,90.22,112.26,530.37
23/06/23,232.22,88.86,111.01,517.56
26/06/23,229.41,87.37,108.77,512.21
27/06/23,228.92,86.55,108.7,516.61
28/06/23,234.69,85.11,109.11,520.31
29/06/23,235.31,84.74,109.09,521.01
30/06/23,233.34,83.2,107.31,516.85
03/07/23,235.52,84.83,108.1,522.13
04/07/23,239.02,87.18,110.03,528.65
05/07/23,239.78,85.78,108.97,529.53
06/07/23,242.17,85.93,109.62,529.65
07/07/23,244.81,86.38,109.91,531.51
10/07/23,244.65,85.78,110.3,529.81
11/07/23,250.64,89.04,112.1,540.23
12/07/23,248.29,88.18,113.75,537.74
13/07/23,249.71,89.28,113.43,536.85
14/07/23,245.3,87.23,108.16,528
17/07/23,253.05,88.98,108.47,534.6
18/07/23,251.39,87.28,108.23,534.06
19/07/23,247.15,87.55,109.79,538.57
20/07/23,258.08,88.39,115.05,552.77
21/07/23,255.87,88.5,114.18,551.55
24/07/23,250.93,87.29,114.43,545.97
25/07/23,251.54,88.13,116.59,543.53
26/07/23,253.83,88.24,117.16,549.91
27/07/23,249.4,86.05,112.72,537.86
28/07/23,254.5,86.88,112.23,541.07
31/07/23,248.96,84.37,110.39,528.02
01/08/23,253.23,85.1,111.49,532.53
02/08/23,256.26,86.79,113.43,540.56
03/08/23,255.52,87.47,113.42,540.6
04/08/23,254.54,86.71,111.97,539.28
07/08/23,259.68,89.37,112.8,551.69
08/08/23,258.52,90.08,112.05,551.18
09/08/23,259.82,88.25,111.74,554.99
10/08/23,259.21,90.14,112.73,560.33
11/08/23,250.8,92.12,114.99,555.8
14/08/23,243.57,91.15,111.77,546.82
15/08/23,245.15,90.16,112.7,551.02
16/08/23,248.84,90.96,111.92,557.96
17/08/23,247.91,88.83,112.09,562.67
18/08/23,247.83,92.01,114.32,566.53
21/08/23,245.57,94.05,114.45,569.19
22/08/23,243.59,93.01,114.86,565.31
23/08/23,242.19,94.49,117.71,570.4
24/08/23,239.89,93.29,116.77,567.32
25/08/23,236.43,93.71,116.76,558.17
28/08/23,233.23,92.33,115.39,559.22
29/08/23,234.14,91.34,115.14,557.66
30/08/23,235.35,92.51,117.64,562.21
31/08/23,241.28,95.2,119.27,580.29
01/09/23,242.54,94.26,120.99,590
04/09/23,242.49,93.55,120.3,591.3
05/09/23,247.26,95.47,122.35,605.72
06/09/23,246.18,96.89,122.82,608.19
07/09/23,245.83,96.79,122.23,612.45
08/09/23,243.22,95.16,123.67,613.29
11/09/23,234.74,92.57,118.46,593.2
12/09/23,224.01,90.12,114.04,575.43
13/09/23,218.68,89.13,112.21,572.49
14/09/23,223.43,91.37,113.92,589
15/09/23,218.35,88.29,111.15,585.94
18/09/23,217.75,87.95,109.15,586.44
19/09/23,220.96,89.84,110.04,590.24
20/09/23,216.78,89.09,107.78,578.15
21/09/23,215.47,88.16,106.42,576.07
22/09/23,215.79,87.88,106.51,572.59
25/09/23,216.19,88.24,105.07,575.59
26/09/23,213.42,87.81,105.82,576.28
27/09/23,213.59,87.4,106.7,579.45
28/09/23,211.68,85.92,103.17,572.63
29/09/23,211.48,87.52,104.58,580.54
02/10/23,209.35,88.7,104.48,582.15
03/10/23,204.88,88.06,101.33,572
04/10/23,206.3,87.71,100.15,575.1
05/10/23,206.04,87.02,99.76,583.43
06/10/23,209.7,89.57,102.25,593.81
09/10/23,202.35,86.96,99.27,572.23
10/10/23,198.93,83.52,96.74,564.74
11/10/23,202.32,84.9,96.99,563.46
12/10/23,197.12,82.08,93.76,550.3
13/10/23,194.2,81.92,93.1,546.07
16/10/23,197.61,81.19,93.51,549.63
17/10/23,196.68,82.19,94.94,547.92
18/10/23,196.21,82.51,94.81,549.63
19/10/23,197.09,85.24,94.98,553.3
20/10/23,194.49,85.51,93.18,549.77
23/10/23,192.71,84.14,90.75,541.94
24/10/23,195.93,84.92,92.22,554
25/10/23,196.77,84.41,92.51,552.85
26/10/23,195.34,82.1,91.95,546.77
27/10/23,195.94,80.93,91.77,543.35
30/10/23,195.58,82.05,93.22,545.7
31/10/23,190.52,84.94,96.17,548.61
01/11/23,188.43,84.33,95,548.67
02/11/23,189.23,83.52,94.15,551.79
03/11/23,193.89,86.78,97.48,563.6
06/11/23,184.74,85.01,95.29,548.79
07/11/23,184.95,83.32,94.9,549.08
08/11/23,186.91,85.13,96.9,554.13
09/11/23,186.76,85.28,97.1,557.89
10/11/23,188.63,88.7,101.84,569.17
13/11/23,178.14,87.79,99.29,549.49
14/11/23,177.13,86.95,99.33,541.97
15/11/23,174.34,86.74,99.51,540.65
16/11/23,172.35,84.91,97.59,535.1
17/11/23,176.28,83.22,96.89,533.06
20/11/23,172.02,83.47,97.05,529.66
21/11/23,174.46,83.51,96.97,540.24
22/11/23,173.87,84.4,97.47,534.56
23/11/23,168.67,82.32,96.59,527.56
24/11/23,171.05,81.69,98.27,528.45
27/11/23,171.65,81.88,98.31,534.02
28/11/23,169.89,79.73,96.73,526.52
29/11/23,178.78,82.9,99.58,540.4
30/11/23,173.86,80.38,97.43,534.25
01/12/23,176.86,81.48,98.22,540.97
04/12/23,175.54,83.48,99.12,542.06
05/12/23,169.85,81.8,98.18,528.43
06/12/23,168,82.41,96.75,528.79
07/12/23,166.72,81.61,94.91,525.65
08/12/23,173.04,84.37,96.59,542.36
11/12/23,172.27,86.11,98.42,534.9
12/12/23,169.74,86.79,98.65,529.1
13/12/23,168.19,83.8,96.54,529.45
14/12/23,170.28,87.44,100.03,543
15/12/23,175.45,89.46,101.81,557.28
18/12/23,179.37,89.9,101.84,563.37
19/12/23,181.68,91.75,101.7,575.04
20/12/23,180,90.96,100.03,580.18
21/12/23,180.7,89.97,100.51,583.52
22/12/23,180.25,91.13,100.25,581.98
25/12/23,174.95,87.84,99.56,576.79
26/12/23,175.17,90.34,100.93,580.31
27/12/23,175.37,90.27,100.7,584.53
28/12/23,175.82,91.5,102.65,590.04
29/12/23,173.33,88.9,100.93,581.37
01/01/24,173.61,89.01,103.95,580.21
02/01/24,168.56,88.13,102.25,571.64
03/01/24,170.09,90.46,102.23,574.13
04/01/24,171.24,91.98,105.84,584.67
05/01/24,171.15,90.71,104.42,579.53
08/01/24,172.89,91.64,103.76,580.59
09/01/24,175.23,92.89,105.53,588.43
10/01/24,179.61,94.56,106.75,593.96
11/01/24,180.34,91.18,104.63,588.46
12/01/24,176.74,88.91,103.66,581.08
15/01/24,177.06,89.49,104.2,587.37
16/01/24,177.45,87.58,104.94,588.05
17/01/24,175.94,85.49,103.86,582.15
18/01/24,180.2,86.18,103.98,592.19
19/01/24,182.77,87.13,105.76,598.5
22/01/24,183.47,89.02,107.82,603.08
23/01/24,187.28,86.71,109.32,600.67
24/01/24,185.58,86.28,108.64,601.11
25/01/24,182.72,85.97,107.36,596.71
26/01/24,182.59,86.13,106.82,594.2
29/01/24,183.44,87.72,107.3,594.28
30/01/24,185.19,88.18,108.86,595.31
31/01/24,180.37,86.24,106.01,583.54
01/02/24,178.7,86.9,105.88,582.46
02/02/24,179.18,87.35,106.24,585.88
05/02/24,177.11,88.84,106.63,580.18
06/02/24,177.66,87.83,106.87,588.39
07/02/24,175.63,87.81,104.55,584.85
08/02/24,173.37,86.38,102.09,580.3
09/02/24,176.06,87.19,102.04,590.81
12/02/24,174.14,83.77,100.15,578.21
13/02/24,176.79,84,101.36,588.67
14/02/24,173.67,82.49,99.89,586.81
15/02/24,172.01,81.34,99.45,580.55
16/02/24,172.46,79.49,100.74,575.5
19/02/24,171.68,79.31,102.65,571.41
20/02/24,176.92,81.65,105.52,580.63
21/02/24,178.49,81.14,106.9,580
22/02/24,178.25,80.41,105.23,579.85
23/02/24,179.74,82.41,104.79,587.67
26/02/24,186.68,83.56,108.81,601.54
27/02/24,182.93,82.3,108.65,591.74
28/02/24,181.34,82.75,108.76,592.48
29/02/24,182.04,83.62,108.97,595.53
01/03/24,179.58,84.8,108.68,597.54
04/03/24,179.01,84.98,108.15,592.54
05/03/24,174.44,82.44,105.4,581.36
06/03/24,177.15,82.59,104.91,579.35
07/03/24,178.49,84.85,108.12,589.71
08/03/24,180.26,87.72,110.74,600.49
11/03/24,179.45,85.66,108.44,594.69
12/03/24,179.67,88.47,110.47,604.74
13/03/24,178.55,87.79,108.28,597.32
14/03/24,180.02,88.25,109.95,602.3
15/03/24,179.13,91.16,111.63,610.48
18/03/24,178.1,91.98,113.16,612.34
19/03/24,171.98,90.34,112.65,603.37
20/03/24,173.18,88.26,110.61,602.35
21/03/24,174.3,90.37,112.03,609.31
22/03/24,174.4,89.03,108.48,605.94
25/03/24,174.91,88.35,106.24,605.95
26/03/24,174.26,89.02,108.78,600.24
27/03/24,172.5,88.29,109.79,591.76
28/03/24,177.63,89.96,111.6,601.86
29/03/24,176.53,91.24,110.98,602.38
01/04/24,175.56,89.92,113.15,603.48
02/04/24,177.24,92.11,113.13,615.03
03/04/24,170.74,89.22,109.68,601.26
04/04/24,171.36,89.21,109.78,598.49
05/04/24,167.6,89.24,110.05,599.43
08/04/24,165.68,89.73,109.74,601.37
09/04/24,168.29,90.86,110.51,611.02
10/04/24,169.98,90.41,108.92,610.25
11/04/24,173.94,93.3,110.06,615.8
12/04/24,177.35,92.64,110.81,618.4
15/04/24,181.76,92.78,113,627.93
16/04/24,182.5,90.14,108.78,620.68
17/04/24,183.23,88.78,106.75,620.19
18/04/24,184.84,89.06,108.1,619.57
19/04/24,183.91,91.26,109.47,622.72
22/04/24,190.44,90.98,111.23,640.14
23/04/24,189.58,92.08,110.64,636.72
24/04/24,190.73,93.63,113.2,649.33
25/04/24,190.59,95.47,113.94,655.77
26/04/24,191.25,96.4,115.18,652.33
29/04/24,188.1,95.76,112.24,647.47
30/04/24,190.64,97.02,112.03,657.99
01/05/24,196.61,98.95,114.74,672.43
02/05/24,198.24,99.26,115.14,679.46
03/05/24,205.4,99,115.89,684.82
06/05/24,210.43,99.42,115.04,694.01
07/05/24,216.07,101.99,117.66,709.4
08/05/24,220.77,101.81,118.06,713.9
09/05/24,217.01,100.4,118.13,709.95
10/05/24,219.18,101.25,119.66,711.93
13/05/24,218.23,101.39,120.01,712.68
14/05/24,217.84,100.74,123.77,719.82
15/05/24,219.26,100.78,123.41,720.8
16/05/24,220.29,98.09,119.75,712.04
17/05/24,221.04,97.96,121.74,708.39
20/05/24,218.63,99.85,122.85,712.62
21/05/24,225.53,100.48,124.1,722.67
22/05/24,219.08,98.49,123.12,713.19
23/05/24,221.19,98.46,122.54,721.19
24/05/24,219.61,98.61,122.66,726.16
27/05/24,222.9,97.42,120.77,729.75
28/05/24,222.76,96.74,121.67,730.65
29/05/24,223,98.08,122.12,740.51
30/05/24,220.44,98.57,124.04,733.32
31/05/24,219.38,100.19,126.59,735.83
03/06/24,217.04,101.22,128.62,730.56
04/06/24,213.22,100.69,128.6,723.23
05/06/24,215.47,100.17,125.67,720.63
06/06/24,215.74,99.86,123.95,710.45
07/06/24,214.14,100.97,126.2,717.42
10/06/24,211.6,98.54,124.91,712.64
11/06/24,212.94,95.79,122.11,708.06
12/06/24,214.56,97.44,123.67,715.48
13/06/24,214.9,98.67,124.99,719.15
14/06/24,214.1,98.66,125.56,719.9
17/06/24,215.39,101.2,127.85,724.14
18/06/24,218.33,99.8,125.86,725.96
19/06/24,220.1,98.31,124.62,722.44
20/06/24,218.56,99.5,126.19,723.4
21/06/24,216.84,97.01,126.24,720.93
24/06/24,214.62,97.66,126.29,717.39
25/06/24,216.09,96.92,125.55,718.29
26/06/24,214.54,97.65,128.45,716.71
27/06/24,209.32,93.36,124.49,697.23
28/06/24,210.03,93.8,122.75,688.81
01/07/24,211.03,94.3,122.7,683.41
02/07/24,212.59,96.69,124.97,686.93
03/07/24,212.8,94.7,125.1,685.42
04/07/24,207.29,92.98,123.74,673.23
05/07/24,206.5,91.04,123.03,666.41
08/07/24,199.98,89,121.93,652.56
09/07/24,205.33,90.96,124.64,664.23
10/07/24,205.18,90.6,123.96,665.19
11/07/24,202.38,88.44,120.51,664.01
12/07/24,204.06,89.33,120.03,669.5
15/07/24,203.76,89.63,118.94,668.99
16/07/24,202.53,88.3,118.8,659.07
17/07/24,204.31,89.76,118.97,659.9
18/07/24,203.69,90.07,118.93,661.25
19/07/24,209.21,90.7,117.95,671.81
22/07/24,214.63,92.6,118.62,681.37
23/07/24,211.12,92.79,116.55,673.44
24/07/24,208.03,92.3,115.36,668.25
25/07/24,208.16,90.94,115.28,666.55
26/07/24,205.16,93.6,117.27,667.16
29/07/24,209.62,97.6,120.37,682.55
30/07/24,206.6,96.67,119.1,676.87
31/07/24,207.7,97.88,120.38,675.85
01/08/24,204.85,96.37,118.64,673.02
02/08/24,201.37,95,118.5,665.32
05/08/24,202.83,95.21,119.21,667.34
06/08/24,204.93,93.46,117.9,668.05
07/08/24,206.64,96.22,119.49,681.63
08/08/24,204.67,97.85,121.38,678.85
09/08/24,205.67,98.09,122.54,680.77
12/08/24,204.79,100.1,123.63,686.56
13/08/24,204.16,102.72,124.33,686.57
14/08/24,208.94,103.34,127.68,701.36
15/08/24,208.52,100.32,125.63,695.77
16/08/24,212.27,103.98,127.67,710.73
19/08/24,214.79,106.53,130.43,711.02
20/08/24,214.35,104.52,128.8,711.02
21/08/24,215.4,106.82,130.96,711.28
22/08/24,207.47,104.99,128.3,691.39
23/08/24,202.3,102.42,125.6,681.68
26/08/24,202.94,105.35,126.17,690.14
27/08/24,203.14,106.66,126.45,696.87
28/08/24,204.1,105.84,126.09,695.92
29/08/24,205.67,104.34,125.37,697.54
30/08/24,205.83,106.74,128.02,703.08
02/09/24,206.56,107.52,129.22,698
03/09/24,205.69,104.82,129.17,693.64
04/09/24,205.16,106.26,130.65,690.92
05/09/24,205,105.71,127.84,684.25
06/09/24,204.5,105.44,125.56,685.99
09/09/24,204.25,105.5,126.14,682.86
10/09/24,205.71,105.36,125.06,686.13
11/09/24,210.43,107.97,128.73,696.82
12/09/24,205.51,109.26,131.73,701.33
13/09/24,204.54,107.04,128.68,687.11
16/09/24,204.27,109.83,130.23,692.5
17/09/24,208.59,110.43,134.26,712.23
18/09/24,208.25,109.38,134.58,709.4
19/09/24,204.73,110.71,136.7,708.63
20/09/24,200.94,107.52,134.17,695.22
23/09/24,199.98,109.09,136.16,703.59
24/09/24,197.09,107.71,135.9,699.73
25/09/24,201.73,109.88,140.99,716.21
26/09/24,205.03,110.34,141.92,726.64
27/09/24,210.12,113.2,144.63,746.25
30/09/24,203.38,108.78,141.56,728.71
01/10/24,205.3,109.52,143.32,730.24
02/10/24,207.13,111.89,147.25,748.84
03/10/24,207.95,112.69,145.54,746.72
04/10/24,207.41,114.53,145.75,751.89
07/10/24,207.47,114.29,146.02,750.13
08/10/24,206.2,110.9,143.14,739.54
09/10/24,204.67,111.27,144.19,739.81
10/10/24,207.81,113.31,145.69,745.9
11/10/24,208.85,114.74,149.13,758.06
14/10/24,207.22,114.14,149.56,760.6
15/10/24,210.22,114.99,148.66,760.27
16/10/24,211.15,115.97,147.73,762.01
17/10/24,213.22,114.52,148.93,762.87
18/10/24,217.35,114.79,148.18,766.24
21/10/24,217.1,114.08,147.34,765.93
22/10/24,216.61,113.89,144.43,764.04
23/10/24,216.39,116.89,144.92,758.57
24/10/24,218.47,118.23,144.57,755.17
25/10/24,223.63,122.56,144.26,764.33
28/10/24,229.35,123.37,144.92,772.43
29/10/24,225.6,119.05,143.3,752.27
30/10/24,226.5,121.1,142.49,750.31
31/10/24,230.73,123.44,143.66,765.44
01/11/24,235.02,125.3,144.07,771.49
04/11/24,236.1,125.31,145.76,767.14
05/11/24,230.93,124.26,143.57,753.96
06/11/24,224.96,122.63,141.6,745.45
07/11/24,225.26,122.53,143.45,741.37
08/11/24,227.15,119.9,140.83,733.03
11/11/24,229.89,120.63,141.72,733.07
12/11/24,228.93,118.97,141.15,725.01
13/11/24,233.61,117.15,139.5,735.52
14/11/24,232.16,114.39,137.9,727.02
15/11/24,229.34,111.73,139.98,721.55
18/11/24,222.88,112.76,140.63,711.31
19/11/24,219.85,113.22,140.11,698.61
20/11/24,225.89,114.16,144.04,716.99
21/11/24,222.59,115.23,143.23,704.49
22/11/24,221.24,115.66,142.61,701.2
25/11/24,225.14,117.03,142.82,710.99
26/11/24,225.87,112.65,140.77,707.44
27/11/24,226.01,114.39,140.92,711.04
28/11/24,220.82,113.78,142.77,700.96
29/11/24,218.39,111.89,141.34,689.86
02/12/24,219.84,113.9,143.79,688.16
03/12/24,223.21,116.66,147.53,700.25
04/12/24,224.02,118.92,152.37,703.5
05/12/24,227.74,119.89,153.47,703.24
06/12/24,226.83,117.81,151.16,693.22
09/12/24,225.38,116.71,150.36,682.57
10/12/24,220.61,116.12,147.9,678.57
11/12/24,221.42,117.56,151.36,682.61
12/12/24,219.59,118.76,152.74,681.76
13/12/24,224.29,119.8,154.34,690.16
16/12/24,221.23,119.14,155.76,688.83
17/12/24,221.4,118.95,156.25,692.63
18/12/24,223.5,119,157.24,698.36
19/12/24,220.22,118.45,152.66,691.84
20/12/24,222.48,120.62,153.89,699.24
23/12/24,227.35,124.92,157.6,713.35
24/12/24,231.24,123.14,156.54,721.94
25/12/24,234.71,124.96,155.79,727.21
26/12/24,232.72,125.13,154.23,718.69
27/12/24,225.69,125.59,152.73,709.49
30/12/24,225.75,123.55,149.38,700.21
31/12/24,223.38,123.66,147.8,703.69
01/01/25,226.91,126.42,149.95,719.69
02/01/25,226.24,126.24,150.03,721.97
03/01/25,228.48,126.02,149.42,727.13
06/01/25,231.02,126.06,147.31,727.53
07/01/25,233.26,130.53,148.48,733.63
08/01/25,231.97,133.09,149.78,731.22
09/01/25,233.99,132.94,148.05,727.91
10/01/25,240.23,135.76,150.89,739.83
13/01/25,241.36,136.81,152.2,743.94
14/01/25,244.59,137.93,151.76,745.7
15/01/25,237.51,140.35,153.53,736.5
16/01/25,236.58,138.71,155.05,728.67
17/01/25,237.06,138.71,156.57,730.15
20/01/25,230.96,136.31,152.53,717.13
21/01/25,236.05,134.21,150.81,717.7
22/01/25,234.77,135.5,151.11,719.41
23/01/25,232.65,135.42,152.05,714.15
24/01/25,235.46,136.51,154.94,720.28
27/01/25,236.88,136.95,155.3,723.97
28/01/25,238.87,134.92,156.87,717.53
29/01/25,236.5,134.08,156.7,720.98
30/01/25,230.07,131.1,150.29,704.81
31/01/25,231.08,134.9,152.98,716.51
03/02/25,233.18,134.71,150.9,718.41
04/02/25,228.09,136,150.6,718.21
05/02/25,226.52,136.17,150.81,716.31
06/02/25,225.12,136.66,149.38,708.1
07/02/25,229.43,139.77,152.02,726.35
10/02/25,228.57,142.58,153.82,724.43
11/02/25,235.07,147.17,157.33,743.21
12/02/25,233.72,148.78,153.97,734.88
13/02/25,237.25,149.48,155.31,734.86
14/02/25,243.99,154.79,158.99,748.97
17/02/25,247.86,161.27,164.86,774.78
18/02/25,244.53,158.11,160.52,766.31
19/02/25,245.25,158.07,162.08,774.73
20/02/25,239.77,154.76,160.85,761.58
21/02/25,236.99,156.43,159.07,756.17
24/02/25,238.23,155.53,160.19,755.37
25/02/25,243.39,157.12,163.14,769.65
26/02/25,241.19,151.37,160.25,759.97
27/02/25,243.28,151.62,160.01,772.55
28/02/25,238.04,151.72,158.25,762.48
03/03/25,236.98,149.51,157.86,765.74
04/03/25,238.73,150.45,157,770.59
05/03/25,246.65,152.29,158.68,781.32
06/03/25,244.92,145.26,155.2,765.77
07/03/25,239.14,145.24,152.49,754.1
10/03/25,244.54,143.8,150.02,758.8
11/03/25,248.86,141.63,150.17,765.43
12/03/25,241.37,141.2,150.26,754.08
13/03/25,246.02,145.38,153.53,764.53
14/03/25,242.53,144.27,153.35,757.38
17/03/25,234.73,144.76,152.74,745.29
18/03/25,237.84,149.5,151.2,753.88
19/03/25,232.88,149.1,150.44,749.36
20/03/25,231.21,144.21,146.84,741.69
21/03/25,234.83,142.8,148.33,743.63
24/03/25,236.18,142.16,148.52,749.31
25/03/25,231.94,139.34,146.62,751.01
26/03/25,229.02,143.09,151.55,754.59
27/03/25,228.07,141.28,150.29,743.85
28/03/25,227.88,144.75,151.22,746.22
31/03/25,222.2,143.74,150.19,737.04
01/04/25,221.55,142.93,150.48,735.63
02/04/25,222.66,143.91,153.12,743.63
03/04/25,223.38,147.81,156.17,756.94
04/04/25,225.49,144.32,156.82,758.24
07/04/25,225.38,145.03,156.65,759.65
08/04/25,223.45,147.44,157.52,757.93
09/04/25,220.44,147.1,157.15,754.97
10/04/25,217.14,142.28,154.92,751.38
11/04/25,213.88,144.87,156.34,750.17
14/04/25,212.68,141.34,155.8,741.3
15/04/25,210.26,142.82,153.07,729.43
16/04/25,210.27,143.59,154.35,729.83
17/04/25,218.47,146.15,156.92,742.07
18/04/25,218.94,147.86,160.1,739.9
21/04/25,218.2,148.75,161.54,740.88
22/04/25,220.05,147.6,164.01,749.45
23/04/25,215.72,143.61,159.06,738.98
24/04/25,211.67,141.48,157.88,730.15
25/04/25,212.55,139.48,157.92,726.92
28/04/25,211.58,139.76,158.11,726.08
29/04/25,209.28,138.36,156.88,714.26
30/04/25,207.89,138.81,154.75,716.12
01/05/25,211.95,137.58,157.11,722.24
02/05/25,213.35,137.06,158.67,727.03
05/05/25,210.83,133.74,153.72,717.17
06/05/25,212.71,135.88,155.19,717.62
07/05/25,210.61,137.77,155.15,716.91
08/05/25,207.3,137.42,153.6,715.39
09/05/25,209.78,137.3,153.8,716.45
12/05/25,205.42,133.98,151.39,706.86
13/05/25,205.94,133.6,152.84,708.86
14/05/25,208.19,130.69,145.15,703.85
15/05/25,203.85,128.85,142.87,701.2
16/05/25,205.14,129.72,144.95,707.4
19/05/25,203.79,131.59,144.09,707.78
20/05/25,199.18,130.48,142.96,706.69
21/05/25,194.62,127.7,141.83,698.02
22/05/25,195.2,126.04,140.08,701.34
23/05/25,195.11,126.85,140.39,696.94
26/05/25,197.92,128.95,145.78,703.4
27/05/25,200.44,127.21,145.46,709.67
28/05/25,194.36,124.78,142.04,692.3
29/05/25,195.55,127.55,143.74,698.98
30/05/25,195.94,127.77,142.27,703.37
02/06/25,196.87,129,141.93,703.44
03/06/25,196.41,125.78,137.43,692.97
04/06/25,198.01,125.09,135.81,689.52
05/06/25,196.72,124.02,138.24,693.73
06/06/25,199.83,127.53,139.34,696.94
09/06/25,196.6,129.23,138.95,687.86
10/06/25,195.39,128.39,138.7,686.27
11/06/25,193.04,129.05,137.72,681.82
12/06/25,195.1,128.54,136.96,686.26
13/06/25,192.66,126.97,136.51,689.96
16/06/25,194.47,128.67,138.62,691.39
17/06/25,194.87,128.83,139.3,693.28
18/06/25,196.04,128.68,139.54,689.66
19/06/25,195.16,131.36,141.43,692.35
20/06/25,200.85,130.61,140.33,706.62
23/06/25,201.05,130.25,138.36,706.74
24/06/25,202.76,128.65,137.56,705.51
25/06/25,203.6,126.72,138.51,710.1
26/06/25,202.56,126.01,137.75,703.7
27/06/25,201.28,125.11,139.48,707.02
30/06/25,204.18,126.92,139.36,712.53
01/07/25,207.23,125.46,140.02,726.97
02/07/25,210.62,129.55,143.36,743.54
03/07/25,208.43,130.57,144.64,743.92
04/07/25,212.65,130.93,145.31,751.55
07/07/25,209.45,130.42,141.8,747.95
08/07/25,209.66,129.49,140.04,744.51
09/07/25,211.9,131.47,140.49,746
10/07/25,214.07,130.75,140.55,749.14
11/07/25,215.13,133.01,140.09,743.12
14/07/25,213.38,136.4,144.88,757.23
15/07/25,212.82,132.44,138.97,743.99
16/07/25,212.25,135.13,141.73,749.48
17/07/25,209.5,132.21,140.06,744.51
18/07/25,210.8,130.55,140.36,747.24
21/07/25,207.51,127.9,139.38,737.89
22/07/25,212.57,130.71,141.12,749.59
23/07/25,212.84,129.36,139.02,749.96
24/07/25,215.62,131.63,143.14,757.68
25/07/25,221.17,131.61,142.47,756.39
28/07/25,219.76,130.18,142.27,754.07
29/07/25,215.93,128.22,139.98,736.09
30/07/25,212.84,125.74,140.25,730.63
31/07/25,215.03,123.51,141.14,738.63
01/08/25,208.74,120.25,138.92,727.36
04/08/25,206.69,119.1,137.01,721.9
05/08/25,210.5,118.87,139.03,725.53
06/08/25,207.9,119.72,140.56,728.14
07/08/25,203.9,117.66,139.89,719.87
08/08/25,200.7,117.6,138.25,721.79
11/08/25,205.47,120.34,142.9,736.44
12/08/25,207.9,124.1,146.09,745.61
13/08/25,202.72,122.33,145.41,740.03
14/08/25,204.32,121.86,142.32,736.61
15/08/25,203.45,121.05,142.66,744.28
18/08/25,203.89,120.85,142.23,744.92
19/08/25,201.43,120.37,142.24,741.74
20/08/25,202.88,121.76,140.64,746.75
21/08/25,200.91,119.08,137.02,739.49
22/08/25,200.3,115.78,135.63,727.1
25/08/25,200.78,116.45,137.48,738.77
26/08/25,196.77,115.17,135.61,731.49
27/08/25,197.46,114.81,134.88,726.24
28/08/25,200.47,116.68,137.96,734.38
29/08/25,198.57,114.16,136.61,722.76
01/09/25,204.21,113.56,137.62,738.95
02/09/25,206.12,114.53,137.12,735.74
03/09/25,208.57,118.17,139.18,739.76
04/09/25,201.08,114.12,135.26,728.14
05/09/25,203.18,115.4,135.84,730.45
08/09/25,207.58,117.19,134.58,734.25
09/09/25,204.98,115.45,133.96,727.58
10/09/25,204.81,117.94,134.45,739.1
11/09/25,202.82,117.56,133.51,735.36
12/09/25,204.24,118.9,133.47,733.5
15/09/25,212.11,120.49,136.75,742.4
16/09/25,211.29,120.07,137.1,728.35
17/09/25,211.88,118.13,136.52,721.91
18/09/25,209.24,116.89,133.82,712.09
19/09/25,205.59,112.49,132.05,695.06
22/09/25,205.1,113.79,131.91,691.86
23/09/25,205.86,116.16,131.81,694.44
24/09/25,200.64,113.91,129.7,679.16
25/09/25,199.33,111.04,127.89,677.33
26/09/25,196.13,109.05,126.88,675.11
29/09/25,191.85,107.53,125.67,665.85
30/09/25,184.91,106.33,125.89,655.37
01/10/25,182.12,104.66,126.83,654.38
02/10/25,183.94,105.9,127.04,657.65
03/10/25,183.78,106.85,129.77,665.8
06/10/25,179.96,106.1,129.68,661.87
07/10/25,178.32,110.71,130.53,660.13
08/10/25,179,114.85,132.03,665.39
09/10/25,181.97,115.92,132.76,674.06
10/10/25,182.77,118.21,136.22,682.09
13/10/25,183.63,118.99,137.62,685.72
14/10/25,183.68,121.4,141.45,684.98
15/10/25,183.76,120.17,140.26,684.66
16/10/25,185.67,120.7,138.05,681.77
17/10/25,188.24,116.43,137.71,683.67
20/10/25,192.06,117.4,135.94,690.45
21/10/25,195.82,120.49,137.51,700.83
22/10/25,194.32,118.5,137.5,691.43
23/10/25,191.79,115.67,133.15,681.51
24/10/25,195.22,116.51,132.08,689.95
27/10/25,200.28,116.98,132.54,700.49
28/10/25,205.27,117.64,131.84,710.42
29/10/25,207.81,118.51,131.97,719.59
30/10/25,209.53,117.65,131.83,714.83
31/10/25,211.76,117.9,131.72,717.95
03/11/25,211.95,119.74,133.73,721.37
04/11/25,214.45,121.36,134.47,726.63
05/11/25,214.04,122.3,134.45,725.12
06/11/25,220.52,126.26,136.63,742.84
07/11/25,220.98,127.28,137.52,751.06
10/11/25,222.2,127.61,139.51,756.28
11/11/25,222.67,128.49,139.97,758.3
12/11/25,220.78,126.44,137.02,744.01
13/11/25,217.96,125.3,136.11,736.77
14/11/25,210.45,126.18,137.08,730.12
17/11/25,216.62,126.25,141.01,738.36
18/11/25,217.47,124.03,139.88,738.14
19/11/25,217.03,125.4,140.81,737.31
20/11/25,215.26,126.57,140.24,739.67
21/11/25,219.31,124.54,141.46,754.58
24/11/25,220.2,126.11,144.19,758.81
25/11/25,220.87,123.75,143.11,758.81
26/11/25,222.65,126.52,143.89,762.22
27/11/25,229.14,128.27,146.33,775.15
28/11/25,226.41,130.89,146.64,768.59
01/12/25,224.95,126.38,142.73,753.66
02/12/25,227.11,125.75,144.11,764.23
03/12/25,229.85,126.21,145.07,761.99
04/12/25,229.46,124.44,145.06,772.35
05/12/25,231.26,121.11,142.73,769.7
08/12/25,231.63,119.88,142.42,762.56
09/12/25,228.44,120.3,140.66,759.46
10/12/25,223.86,122.49,140.14,753.74
11/12/25,225.04,121.81,140.15,757.51
12/12/25,228.38,124.43,142.02,765.94
15/12/25,236.64,128.88,144.52,784.74
16/12/25,235.52,128.35,142.15,778.18
17/12/25,242.08,131.57,141.14,795.28
18/12/25,246.15,132.08,143.16,799.02
19/12/25,244.49,134.89,144.12,791
22/12/25,244.33,134.76,145.96,792.66
23/12/25,242.86,136.69,147.06,789.85
24/12/25,247.18,138.51,148.78,799.99
25/12/25,243.32,136.26,146.96,789.9
26/12/25,248.08,138.27,150.24,801.52
29/12/25,252.12,140.46,152.16,810.81
30/12/25,248.61,140.63,151.69,803.25
31/12/25,252.85,139.19,150.83,811.98
01/01/26,254.12,139.55,151.67,815.82
02/01/26,248.48,137.18,152.17,803.22
05/01/26,247.37,135.75,151.04,796.3
06/01/26,249.26,136.83,153.28,796.69
07/01/26,248.06,136.07,153.44,790.55
08/01/26,251.57,139.83,154.57,797.23
09/01/26,249.64,145.37,156.77,810.5
12/01/26,245.02,141.72,152.85,792.86
13/01/26,244.11,139.93,150.35,793.43
14/01/26,248.71,143.61,154.05,807.11
15/01/26,246.93,140.97,152.91,795.22
16/01/26,243.35,142.57,156.53,797.44
19/01/26,247.5,143.4,155.41,805.82
20/01/26,249.7,144.34,155.91,815.12
21/01/26,246.11,141.54,152.09,804.37
22/01/26,242.2,138.87,148.85,792.07
23/01/26,236.92,137.51,149.32,784.86
26/01/26,242.54,142.37,154.31,802.3
27/01/26,242.69,144.27,154.79,795.06
28/01/26,244.56,142.35,152.41,793.53
29/01/26,244.29,139.16,150.85,793.64
30/01/26,240.26,140.86,148.67,798.33
02/02/26,238.85,140.83,145.43,792.73
03/02/26,239.75,141.01,144.8,788.67
04/02/26,243.92,142.49,148.74,797.03
05/02/26,242.41,143.98,146.73,788.12
06/02/26,246.5,142.67,143.77,798.85
09/02/26,241.48,141.6,142.61,775.84
10/02/26,240.58,142.43,143.5,780.82
11/02/26,239.26,143.73,142.95,772.62
12/02/26,234.72,139.04,141.37,753.53
13/02/26,235.75,138.86,141.3,761.31