FirmID,Sector,LeverageRatio,InterestCoverage,ProfitMargin,CurrentRatio,EquityVolatility,Default
1,Finance,0.2342,15.0,-0.0172,1.93,0.1706,0
2,Finance,0.7551,7.26,0.0953,1.63,0.4483,0
3,Energy,0.409,11.07,0.067,0.96,0.15,0
4,Finance,0.4471,1.53,0.0282,2.05,0.15,0
5,Energy,0.2543,1.82,0.1355,0.73,0.5796,0
6,Retail,0.4796,2.92,0.0209,1.09,0.5985,1
7,Retail,0.5212,2.25,0.0438,0.87,0.1555,0
8,Finance,0.4761,1.9,-0.1037,0.84,0.3544,1
9,Finance,0.2234,12.01,0.0378,1.08,0.3306,0
10,Finance,0.1973,7.36,0.0679,1.75,0.15,0
11,Industrials,0.5383,2.28,0.1074,2.02,0.6,0
12,Energy,0.6329,2.05,0.0728,1.63,0.15,0
13,Industrials,0.3205,9.0,0.0435,0.63,0.1921,0
14,Industrials,0.5082,10.34,0.0413,1.39,0.244,0
15,Tech,0.2224,15.0,0.0371,1.23,0.1623,0
16,Energy,0.5739,7.76,-0.241,0.67,0.3502,1
17,Industrials,0.297,6.36,0.0594,1.25,0.15,0
18,Energy,0.4012,15.0,0.0723,1.01,0.5484,0
19,Industrials,0.3528,12.92,0.1097,0.69,0.2462,0
20,Energy,0.3422,3.61,0.0219,1.41,0.2342,0
21,Energy,0.3691,8.59,0.072,1.79,0.1887,0
22,Tech,0.704,8.44,0.0263,1.1,0.5752,0
23,Energy,0.1811,8.3,0.1119,1.33,0.1624,0
24,Finance,0.4076,11.55,0.1006,1.14,0.3497,0
25,Finance,0.6758,-4.29,-0.0942,1.33,0.2295,0
26,Industrials,0.46,4.53,0.1359,2.03,0.2681,0
27,Finance,0.4765,2.45,0.0434,1.3,0.15,0
28,Retail,0.5551,15.0,-0.2437,1.54,0.15,0
29,Industrials,0.5265,15.0,0.1105,0.98,0.2995,0
30,Energy,0.3628,4.17,0.0191,1.47,0.3463,0
31,Retail,0.3129,9.83,0.0787,1.96,0.15,0
32,Retail,0.23,1.86,0.0214,0.73,0.4571,0
33,Industrials,0.4059,-3.02,0.0878,1.45,0.2398,0
34,Finance,0.6829,7.11,0.0809,0.86,0.2155,0
35,Energy,0.5159,1.73,0.1726,0.59,0.6,0
36,Retail,0.1894,3.3,0.0396,1.01,0.5404,0
37,Retail,0.1658,5.61,0.0049,1.96,0.1822,0
38,Energy,0.3296,2.82,0.0172,1.6,0.2004,0
39,Finance,0.3948,6.14,0.0369,1.14,0.15,0
40,Tech,0.1446,8.66,0.0123,2.13,0.3106,0
41,Industrials,0.3106,3.24,0.0376,0.86,0.5936,0
42,Finance,0.4523,1.66,0.0955,3.0,0.2759,0
43,Finance,0.233,0.04,0.0638,0.76,0.15,0
44,Industrials,0.657,8.66,0.0768,2.94,0.2321,0
45,Tech,0.3115,2.52,0.1933,0.82,0.15,0
46,Industrials,0.1565,5.41,0.0924,1.32,0.15,0
47,Tech,0.501,-3.67,0.0477,1.69,0.5169,0
48,Finance,0.3074,-1.2,0.0179,2.12,0.1713,0
49,Industrials,0.8426,15.0,0.1037,0.46,0.6,1
50,Retail,0.4014,11.26,0.0392,0.88,0.15,0
51,Industrials,0.2555,3.39,0.1203,0.92,0.15,0
52,Industrials,0.7058,1.13,0.022,1.93,0.6,1
53,Finance,0.2031,0.5,0.051,1.98,0.39,0
54,Tech,0.3841,4.87,0.1004,1.17,0.2496,0
55,Finance,0.2151,2.97,0.0188,2.66,0.29,0
56,Energy,0.2969,-3.89,0.174,0.5,0.6,0
57,Energy,0.7477,1.71,0.1095,2.34,0.6,1
58,Energy,0.4363,7.43,0.1476,1.33,0.15,0
59,Retail,0.2666,5.86,-0.152,2.04,0.15,0
60,Industrials,0.5546,6.22,0.1088,1.06,0.15,0
61,Tech,0.5383,5.04,0.0722,1.46,0.3023,0
62,Industrials,0.3546,11.79,0.0189,1.63,0.2582,0
63,Retail,0.1924,2.48,-0.0528,1.02,0.532,0
64,Finance,0.5064,11.0,0.1218,0.79,0.15,0
65,Energy,0.1697,5.56,0.0487,1.79,0.3867,0
66,Tech,0.4865,1.27,0.1032,0.78,0.5465,0
67,Tech,0.7285,4.31,0.1514,0.5,0.15,1
68,Finance,0.3626,-0.98,0.0298,2.04,0.5838,0
69,Retail,0.3672,5.25,0.0485,1.14,0.4325,0
70,Industrials,0.2455,1.82,0.063,1.26,0.15,0
71,Tech,0.7057,1.21,0.0371,0.76,0.4181,1
72,Energy,0.4703,11.45,0.0059,0.75,0.6,0
73,Retail,0.3054,3.93,0.0381,0.74,0.6,0
74,Finance,0.4971,3.12,0.098,0.68,0.3607,0
75,Industrials,0.269,8.53,0.0239,1.45,0.2675,0
76,Industrials,0.6753,3.15,0.0675,1.26,0.4014,0
77,Industrials,0.3888,1.61,0.0335,1.15,0.6,0
78,Retail,0.7871,5.14,0.0747,1.42,0.4193,0
79,Retail,0.557,5.18,0.149,2.1,0.15,0
80,Tech,0.3592,-1.2,0.0619,1.36,0.6,0
81,Energy,0.2813,2.16,0.0387,1.28,0.6,0
82,Retail,0.3421,5.76,0.1076,1.76,0.6,0
83,Tech,0.1423,12.07,0.0942,1.99,0.15,0
84,Tech,0.7049,0.77,0.0492,0.78,0.15,0
85,Industrials,0.4446,-3.46,0.0918,0.37,0.6,1
86,Tech,0.1538,8.75,0.0763,1.67,0.5525,0
87,Finance,0.4359,2.9,0.0162,1.53,0.2283,0
88,Industrials,0.3756,0.44,-0.0962,1.54,0.15,0
89,Energy,0.3238,4.14,0.0296,0.75,0.5225,0
90,Finance,0.1123,2.99,0.0191,1.93,0.1584,0
91,Industrials,0.6599,-2.77,0.1426,1.33,0.3923,0
92,Industrials,0.2211,5.29,0.0231,0.84,0.6,0
93,Tech,0.3286,2.45,0.0555,0.34,0.15,0
94,Retail,0.6656,3.16,0.1268,1.53,0.15,0
95,Energy,0.344,4.63,0.1227,1.47,0.2179,0
96,Retail,0.4897,9.3,0.054,2.05,0.5331,0
97,Retail,0.7288,1.72,0.049,2.01,0.3583,1
98,Energy,0.2471,8.29,0.0609,2.78,0.6,0
99,Energy,0.2523,3.12,0.0519,0.58,0.15,1
100,Finance,0.2907,1.19,0.0646,2.86,0.6,0
101,Retail,0.4589,0.49,0.122,1.25,0.15,0
102,Retail,0.6337,1.49,0.0866,1.01,0.15,0
103,Industrials,0.4003,3.6,0.0476,0.86,0.5121,0
104,Finance,0.3777,1.81,0.0575,2.04,0.15,0
105,Energy,0.4823,2.76,-0.0859,1.05,0.15,0
106,Energy,0.5296,6.36,0.0844,3.0,0.1926,0
107,Industrials,0.3037,2.42,0.0981,0.34,0.4321,0
108,Finance,0.5279,3.8,0.0734,0.79,0.3687,0
109,Finance,0.6466,15.0,-0.1627,1.46,0.499,0
110,Tech,0.2815,4.5,0.0253,1.35,0.2354,0
111,Industrials,0.5316,5.59,0.0902,1.41,0.2802,0
112,Retail,0.2845,12.25,0.0818,2.37,0.15,0
113,Finance,0.4698,14.39,0.0425,0.4,0.4242,0
114,Finance,0.3084,4.31,-0.0181,1.15,0.4515,0
115,Tech,0.5755,-0.78,0.1597,1.16,0.5634,1
116,Industrials,0.7198,1.16,0.0187,1.04,0.2384,0
117,Industrials,0.3212,-2.96,0.1277,1.9,0.15,0
118,Retail,0.2781,3.15,-0.2164,1.2,0.15,0
119,Tech,0.394,-4.35,0.0512,0.92,0.2499,0
120,Tech,0.4964,7.12,0.1151,2.19,0.5158,0
121,Energy,0.6245,-2.49,0.0076,0.98,0.6,0
122,Tech,0.1659,7.46,-0.1218,1.31,0.2471,0
123,Energy,0.6241,3.54,-0.1198,2.25,0.2083,0
124,Tech,0.1863,1.11,0.0185,1.15,0.5056,0
125,Finance,0.3512,5.57,0.1449,1.4,0.15,0
126,Industrials,0.2185,5.38,0.0529,1.46,0.15,0
127,Retail,0.6406,1.84,0.0867,0.78,0.498,1
128,Tech,0.208,3.56,0.0883,0.75,0.1637,0
129,Energy,0.4545,1.75,0.0081,1.5,0.15,0
130,Retail,0.639,3.83,0.049,0.51,0.6,0
131,Energy,0.2874,6.63,0.0694,0.86,0.4689,0
132,Tech,0.3909,1.82,0.065,1.61,0.51,0
133,Finance,0.6008,1.25,0.0383,1.13,0.6,0
134,Energy,0.4331,5.21,0.0719,0.94,0.6,0
135,Energy,0.2151,7.89,0.1313,3.0,0.3834,0
136,Energy,0.2104,4.02,-0.0851,2.81,0.15,0
137,Industrials,0.3777,15.0,0.1275,1.31,0.5466,0
138,Industrials,0.4803,5.7,0.0489,1.6,0.15,0
139,Industrials,0.2248,-1.0,0.0466,1.45,0.2485,0
140,Finance,0.413,1.74,0.0963,0.76,0.2538,0
141,Industrials,0.7074,15.0,0.0826,3.0,0.158,0
142,Industrials,0.234,0.75,0.0613,0.52,0.2776,0
143,Energy,0.3502,6.36,0.0192,0.71,0.151,0
144,Finance,0.5238,5.2,-0.1841,3.0,0.15,0
145,Industrials,0.5711,0.67,0.0894,3.0,0.1962,0
146,Energy,0.5896,6.3,0.037,1.22,0.3969,0
147,Tech,0.2924,12.38,-0.0561,2.59,0.3069,0
148,Finance,0.2734,2.67,0.1762,2.17,0.6,0
149,Industrials,0.313,-0.92,0.0818,2.99,0.1961,0
150,Industrials,0.2675,15.0,0.0686,0.34,0.2354,0
151,Industrials,0.6218,11.83,0.0473,1.23,0.15,0
152,Industrials,0.3458,7.72,0.0598,0.97,0.1596,0
153,Industrials,0.284,1.95,-0.1854,1.94,0.15,0
154,Tech,0.6071,4.31,0.0943,0.39,0.5605,0
155,Industrials,0.4031,0.66,0.0808,2.66,0.15,0
156,Tech,0.7502,13.19,-0.0192,1.46,0.3468,0
157,Retail,0.3047,4.58,0.105,1.08,0.3861,0
158,Energy,0.7151,12.04,0.0886,1.09,0.4052,0
159,Tech,0.457,4.64,0.0778,0.71,0.4937,0
160,Energy,0.6265,5.2,0.017,2.36,0.6,0
161,Finance,0.5494,1.41,-0.0994,2.64,0.4119,0
162,Energy,0.3653,1.83,0.072,3.0,0.493,0
163,Industrials,0.4143,2.15,-0.1399,0.9,0.15,0
164,Retail,0.3627,2.57,0.0307,1.09,0.6,0
165,Finance,0.2428,6.5,0.1411,0.54,0.4217,0
166,Tech,0.3213,5.88,-0.1806,1.4,0.15,0
167,Finance,0.4286,1.48,0.1029,1.16,0.6,0
168,Retail,0.7997,1.91,0.1393,1.6,0.15,0
169,Retail,0.4855,1.44,-0.1562,1.78,0.3451,1
170,Tech,0.3737,10.42,0.0585,1.13,0.15,0
171,Industrials,0.4107,10.2,0.0848,1.59,0.4795,0
172,Tech,0.421,2.72,0.0441,1.31,0.305,0
173,Tech,0.4686,5.66,0.0676,1.02,0.15,0
174,Retail,0.4985,3.24,0.0847,2.53,0.15,0
175,Finance,0.2688,5.25,0.0731,2.1,0.15,0
176,Industrials,0.4612,3.95,-0.0829,1.71,0.4736,0
177,Retail,0.3895,1.99,0.0683,1.73,0.3849,0
178,Tech,0.4102,1.28,0.069,1.08,0.6,0
179,Tech,0.3043,8.21,0.1202,1.19,0.15,0
180,Energy,0.6296,0.63,0.0657,1.23,0.3974,0
181,Retail,0.2359,0.84,0.0936,0.57,0.6,0
182,Industrials,0.5732,-1.67,0.0808,1.11,0.2024,0
183,Retail,0.1768,-0.56,-0.1074,1.54,0.3587,1
184,Retail,0.3429,2.36,0.0749,0.5,0.4085,1
185,Retail,0.6484,0.65,-0.1448,1.15,0.4695,1
186,Energy,0.1745,1.8,0.072,0.59,0.5043,0
187,Energy,0.1626,2.01,-0.1397,0.78,0.15,0
188,Tech,0.2869,3.59,0.0995,2.99,0.2342,0
189,Tech,0.5729,13.14,0.0829,1.49,0.2448,0
190,Industrials,0.4216,12.07,0.0336,0.65,0.572,0
191,Tech,0.8701,2.81,0.0567,1.0,0.4078,0
192,Industrials,0.2362,-3.77,0.0917,1.33,0.1851,0
193,Tech,0.3168,3.84,0.0643,0.79,0.4511,0
194,Energy,0.694,1.17,0.0405,1.1,0.6,1
195,Energy,0.2469,0.89,0.1271,1.35,0.3962,0
196,Finance,0.4286,8.84,0.0984,2.01,0.5314,0
197,Energy,0.4433,7.21,0.0704,1.49,0.6,0
198,Finance,0.3891,4.64,-0.0405,1.18,0.6,1
199,Retail,0.1471,0.88,0.0196,1.79,0.482,0
200,Tech,0.3853,1.89,0.0806,1.43,0.3103,0
201,Industrials,0.393,1.58,0.0481,0.59,0.3243,0
202,Energy,0.3846,5.55,0.0377,0.99,0.4557,0
203,Tech,0.5702,15.0,0.1411,1.4,0.15,0
204,Retail,0.4278,1.33,0.0349,1.28,0.3968,0
205,Industrials,0.4503,3.78,0.0098,0.46,0.2167,0
206,Retail,0.3474,3.07,-0.1052,0.95,0.4138,0
207,Industrials,0.7683,14.83,0.0669,1.2,0.1564,0
208,Industrials,0.4465,0.56,0.0436,2.21,0.2123,0
209,Finance,0.3799,6.53,0.0342,0.93,0.15,0
210,Energy,0.1696,3.64,0.0355,2.24,0.2051,0
211,Finance,0.3164,9.78,0.1191,1.14,0.1839,0
212,Finance,0.3313,10.94,0.1648,2.31,0.2928,0
213,Tech,0.2855,6.97,0.0256,3.0,0.15,0
214,Energy,0.2565,-4.21,0.1004,0.58,0.15,0
215,Retail,0.7218,12.26,0.0682,1.6,0.3993,0
216,Industrials,0.4255,2.21,0.0446,1.36,0.15,0
217,Tech,0.8096,4.44,0.0993,2.52,0.3459,0
218,Retail,0.4003,4.37,0.0914,2.17,0.15,0
219,Retail,0.5649,2.03,0.0666,0.99,0.5227,0
220,Retail,0.7913,-4.37,0.0161,0.6,0.15,1
221,Tech,0.701,0.45,0.0895,2.33,0.1901,0
222,Tech,0.6878,1.4,0.0085,0.4,0.2914,1
223,Finance,0.5839,1.52,0.0612,2.66,0.6,1
224,Industrials,0.3862,4.07,-0.222,1.1,0.6,1
225,Finance,0.4877,4.22,-0.0245,2.38,0.3166,0
226,Finance,0.2452,6.35,0.029,0.89,0.15,0
227,Industrials,0.3893,3.63,0.0424,0.93,0.2345,0
228,Tech,0.3953,6.68,0.1617,0.39,0.4934,0
229,Retail,0.4814,3.83,0.07,0.94,0.3616,1
230,Retail,0.1918,8.13,-0.0842,1.18,0.2089,0
231,Retail,0.2385,0.93,-0.0177,0.75,0.3076,1
232,Energy,0.1361,11.52,0.0427,1.37,0.2017,0
233,Retail,0.6814,4.62,0.0223,1.44,0.2,1
234,Industrials,0.283,9.35,0.1458,0.95,0.15,0
235,Retail,0.4585,15.0,0.0291,0.62,0.3469,0
236,Industrials,0.3543,-4.81,0.0401,0.82,0.2306,0
237,Retail,0.167,6.78,0.0257,2.96,0.5987,0
238,Finance,0.7588,14.64,0.0593,1.45,0.2785,0
239,Industrials,0.573,2.32,0.0195,1.33,0.15,0
240,Industrials,0.6651,2.04,0.0918,1.58,0.5529,0
241,Retail,0.48,6.87,0.0788,1.97,0.1916,0
242,Tech,0.6004,-0.86,0.0174,1.12,0.1562,1
243,Energy,0.5435,9.56,0.0554,1.45,0.5833,0
244,Finance,0.3071,9.8,0.0756,0.55,0.15,0
245,Energy,0.3524,5.21,0.0544,1.35,0.2697,0
246,Tech,0.4132,-2.5,-0.1548,2.24,0.2607,1
247,Retail,0.2624,11.89,0.07,0.6,0.5197,0
248,Industrials,0.7392,3.56,-0.127,2.64,0.15,1
249,Energy,0.4696,4.87,0.1322,1.32,0.4016,0
250,Retail,0.152,4.89,0.0213,0.88,0.15,0
251,Energy,0.4449,3.29,0.0657,0.87,0.2265,0
252,Finance,0.7748,3.41,0.0639,3.0,0.6,0
253,Tech,0.1986,8.57,0.0753,1.11,0.2646,0
254,Industrials,0.6059,15.0,0.0362,3.0,0.3796,0
255,Finance,0.1835,7.98,0.0536,2.14,0.3202,0
256,Finance,0.1651,11.22,0.0435,0.85,0.2486,0
257,Tech,0.2411,15.0,0.0546,0.75,0.3998,1
258,Retail,0.3578,1.32,0.1137,0.88,0.5207,0
259,Tech,0.3028,7.58,0.0101,1.12,0.2824,0
260,Finance,0.2046,-1.42,0.0699,2.4,0.3487,0
261,Energy,0.264,-2.85,0.0359,3.0,0.315,0
262,Finance,0.3176,6.07,0.1247,0.77,0.4719,0
263,Retail,0.622,7.42,0.0091,1.28,0.1897,0
264,Finance,0.4172,2.26,0.0294,0.45,0.15,0
265,Industrials,0.199,2.41,0.0921,1.14,0.6,0
266,Industrials,0.6826,7.2,-0.2245,0.95,0.15,1
267,Energy,0.6464,6.07,0.1372,0.9,0.15,0
268,Industrials,0.4332,8.51,0.1295,1.32,0.15,0
269,Industrials,0.3329,5.43,0.0582,0.75,0.1799,0
270,Industrials,0.5026,8.26,0.1134,2.88,0.1737,0
271,Industrials,0.1393,2.56,-0.2417,1.39,0.2453,0
272,Finance,0.3801,1.86,0.0877,0.83,0.398,0
273,Retail,0.5637,3.33,0.0928,1.82,0.15,0
274,Finance,0.6861,4.93,0.0236,2.16,0.2058,0
275,Retail,0.4407,11.24,0.0947,1.96,0.4287,0
276,Industrials,0.5984,1.01,0.0963,1.0,0.15,0
277,Energy,0.4039,-2.3,0.0543,3.0,0.3048,1
278,Finance,0.4936,-0.43,0.115,2.26,0.3777,1
279,Energy,0.4931,3.26,0.1276,1.22,0.6,0
280,Tech,0.4295,4.57,0.1369,3.0,0.2826,0
281,Energy,0.5575,4.26,0.0385,0.84,0.2624,0
282,Retail,0.2928,5.95,0.0157,0.98,0.4184,0
283,Finance,0.2697,2.83,0.0585,0.87,0.3001,1
284,Finance,0.3749,8.36,0.0258,1.0,0.362,0
285,Energy,0.3403,-2.1,0.1122,2.09,0.15,0
286,Retail,0.5975,2.19,0.0355,0.72,0.3118,0
287,Energy,0.2995,15.0,0.1242,1.07,0.6,0
288,Tech,0.6002,3.23,0.0257,2.07,0.2915,0
289,Energy,0.3278,3.46,0.0276,1.39,0.6,0
290,Industrials,0.5654,3.56,0.0123,1.09,0.3881,0
291,Finance,0.391,12.85,-0.1965,1.52,0.15,0
292,Finance,0.3496,2.63,0.0593,1.79,0.237,0
293,Industrials,0.617,10.83,0.1026,1.61,0.3615,0
294,Tech,0.3223,0.47,0.0386,0.75,0.15,0
295,Tech,0.3437,5.65,0.0631,1.01,0.15,0
296,Industrials,0.2999,1.21,0.0757,1.74,0.1575,0
297,Retail,0.4873,2.66,0.0979,0.76,0.5129,0
298,Energy,0.4862,1.94,0.0506,1.3,0.4762,0
299,Retail,0.3678,3.21,0.0921,2.24,0.6,1
300,Industrials,0.7672,4.6,0.0702,1.14,0.3534,0
301,Finance,0.17,4.98,0.0643,1.19,0.46,0
302,Energy,0.2928,5.21,0.1552,1.05,0.2889,0
303,Industrials,0.2577,1.75,0.0335,1.89,0.2589,0
304,Finance,0.4479,5.36,0.0216,1.59,0.383,0
305,Energy,0.5992,6.63,0.0246,2.65,0.2178,1
306,Energy,0.6571,6.36,0.0328,0.65,0.6,0
307,Tech,0.4551,1.69,0.0239,1.11,0.15,0
308,Energy,0.3194,15.0,-0.1005,0.96,0.5442,0
309,Retail,0.3855,2.88,0.1156,1.32,0.2188,0
310,Finance,0.3773,-3.76,0.0731,1.0,0.2007,0
311,Tech,0.5406,2.21,0.1003,0.81,0.6,0
312,Industrials,0.4443,15.0,-0.0195,0.39,0.4585,0
313,Retail,0.5215,8.89,0.1089,1.84,0.2366,0
314,Retail,0.4708,2.66,0.0572,3.0,0.6,0
315,Tech,0.5647,-1.26,0.0322,1.51,0.5893,1
316,Energy,0.6104,0.76,0.0318,1.6,0.3545,0
317,Tech,0.304,8.5,0.049,1.84,0.15,0
318,Retail,0.5111,15.0,0.0574,1.13,0.5075,0
319,Energy,0.2121,2.23,0.1025,1.29,0.3996,0
320,Energy,0.1067,3.77,0.054,2.17,0.15,0
321,Finance,0.5431,2.21,0.0093,1.36,0.15,0
322,Finance,0.3214,-0.54,0.0741,0.73,0.15,0
323,Industrials,0.1772,1.02,0.1266,1.33,0.15,0
324,Energy,0.3824,9.75,0.0107,0.82,0.5856,0
325,Energy,0.5456,5.55,0.0457,2.51,0.2359,0
326,Retail,0.1736,1.92,0.0027,0.35,0.6,1
327,Energy,0.261,9.17,0.0438,0.72,0.6,0
328,Energy,0.4428,2.5,0.0889,1.38,0.15,0
329,Energy,0.6144,14.33,0.0137,1.61,0.15,0
330,Finance,0.6678,2.13,-0.1477,2.58,0.5417,1
331,Tech,0.2073,15.0,0.0968,2.21,0.4163,0
332,Retail,0.598,14.77,0.0413,0.73,0.5302,0
333,Tech,0.389,8.04,0.0696,3.0,0.5516,0
334,Energy,0.5459,-2.34,0.0783,1.26,0.4828,0
335,Industrials,0.5516,7.65,0.1022,1.74,0.1788,0
336,Tech,0.2383,4.63,0.1363,1.42,0.3116,0
337,Tech,0.3409,1.47,-0.1667,2.99,0.1505,0
338,Energy,0.4106,13.86,0.1191,1.62,0.3132,0
339,Retail,0.72,3.46,-0.1968,0.86,0.3044,1
340,Finance,0.3321,5.0,0.0168,1.08,0.1568,0
341,Industrials,0.4124,3.25,-0.1717,1.73,0.2332,0
342,Finance,0.5901,1.1,0.0885,0.88,0.6,0
343,Industrials,0.489,4.19,0.0613,2.88,0.2052,0
344,Retail,0.3785,5.32,0.0351,0.9,0.6,0
345,Tech,0.8734,1.16,0.0743,1.77,0.3794,0
346,Energy,0.657,0.96,0.0714,1.92,0.3562,0
347,Industrials,0.5284,3.52,0.0776,0.82,0.3744,0
348,Finance,0.2371,1.22,0.1317,1.63,0.1861,0
349,Finance,0.2621,9.72,0.0199,1.79,0.15,0
350,Energy,0.3292,2.76,0.1491,0.87,0.6,0
351,Tech,0.57,3.45,0.1047,2.6,0.3826,0
352,Finance,0.2763,3.99,0.0878,2.37,0.1769,0
353,Tech,0.2217,4.23,-0.1064,2.01,0.3013,0
354,Industrials,0.6003,3.44,0.0191,1.24,0.1559,0
355,Industrials,0.6775,1.12,0.0538,2.03,0.6,0
356,Tech,0.8217,2.34,-0.2469,0.81,0.2766,0
357,Tech,0.4408,1.91,0.0757,2.21,0.15,0
358,Finance,0.4336,1.58,-0.1956,1.4,0.28,0
359,Tech,0.3805,4.71,0.0333,0.76,0.15,0
360,Energy,0.3884,-4.55,0.0302,1.19,0.3068,1
361,Energy,0.8122,-1.14,0.0393,1.0,0.1837,1
362,Retail,0.2955,5.24,0.0151,1.44,0.6,0
363,Industrials,0.6812,6.12,-0.1141,1.99,0.3162,0
364,Retail,0.3182,0.81,0.1155,1.11,0.15,1
365,Tech,0.2659,3.24,-0.2034,1.06,0.5262,1
366,Industrials,0.4084,3.66,0.0803,1.09,0.15,0
367,Energy,0.2371,-2.86,0.0567,0.89,0.6,1
368,Tech,0.7541,3.35,0.0192,2.52,0.6,1
369,Tech,0.3702,9.07,0.0439,3.0,0.15,0
370,Energy,0.4188,4.51,0.0275,3.0,0.1931,1
371,Retail,0.3685,3.41,0.0647,0.45,0.5168,0
372,Industrials,0.3218,7.6,0.1035,1.39,0.15,0
373,Energy,0.1704,5.11,0.0647,0.67,0.6,0
374,Finance,0.5812,2.1,0.1373,0.82,0.2461,0
375,Finance,0.5366,2.43,0.1269,0.85,0.2211,0
376,Energy,0.1175,4.65,0.0959,0.86,0.2526,0
377,Industrials,0.5566,2.92,0.0253,3.0,0.1683,0
378,Tech,0.5992,-0.41,0.1281,1.12,0.3064,0
379,Retail,0.5636,5.0,0.0594,0.98,0.6,0
380,Industrials,0.5284,4.86,-0.1468,1.57,0.274,0
381,Energy,0.3661,10.26,0.0558,1.46,0.2088,0
382,Retail,0.7849,9.71,-0.018,0.97,0.1935,1
383,Energy,0.6352,-3.84,0.1543,0.74,0.15,1
384,Retail,0.3343,4.61,0.1033,1.49,0.2035,0
385,Finance,0.8851,15.0,0.0391,2.65,0.2604,0
386,Tech,0.2012,4.52,0.0959,2.58,0.6,0
387,Energy,0.2068,1.13,0.0502,3.0,0.6,0
388,Finance,0.3885,15.0,0.0591,0.85,0.4109,0
389,Tech,0.3772,-1.16,-0.2178,2.45,0.15,0
390,Retail,0.4576,3.6,0.0409,2.24,0.34,0
391,Tech,0.8239,5.76,-0.0408,0.88,0.2125,0
392,Tech,0.4281,6.32,0.084,0.74,0.3321,0
393,Energy,0.1423,8.71,0.11,1.79,0.15,0
394,Energy,0.7276,12.13,0.1457,0.68,0.15,0
395,Energy,0.1387,2.99,0.0583,1.4,0.6,0
396,Finance,0.601,-0.68,0.0705,2.92,0.3911,0
397,Industrials,0.4283,7.25,0.0453,1.43,0.15,0
398,Energy,0.2996,7.0,0.0997,0.68,0.1955,0
399,Energy,0.5068,1.89,-0.1234,1.44,0.15,1
400,Industrials,0.6287,2.53,0.059,1.9,0.6,0
401,Industrials,0.2704,1.7,0.1346,1.34,0.2984,0
402,Tech,0.6469,2.3,0.0922,0.69,0.15,0
403,Industrials,0.4123,7.02,-0.1349,0.36,0.15,0
404,Industrials,0.2077,-2.56,0.0653,1.41,0.5817,0
405,Tech,0.3741,2.52,0.0924,3.0,0.15,0
406,Tech,0.5545,15.0,0.1016,1.36,0.6,0
407,Industrials,0.3957,3.77,0.0296,0.72,0.4356,0
408,Industrials,0.4859,12.58,-0.0252,2.03,0.15,0
409,Energy,0.5948,3.32,0.0536,1.12,0.6,0
410,Tech,0.3908,-1.83,0.0407,1.61,0.15,0
411,Energy,0.7237,1.07,0.0345,2.18,0.6,1
412,Finance,0.5029,2.96,0.1319,2.42,0.3065,0
413,Retail,0.4056,1.43,0.0738,1.12,0.6,1
414,Tech,0.1122,1.91,-0.0243,1.0,0.4192,0
415,Tech,0.584,13.62,0.0353,1.14,0.3271,0
416,Energy,0.2832,14.41,0.0636,0.46,0.2753,0
417,Industrials,0.6083,2.74,0.0752,0.78,0.3788,0
418,Energy,0.1843,1.97,0.0311,0.7,0.2981,0
419,Tech,0.2033,2.33,0.1338,1.66,0.1898,0
420,Finance,0.5798,-3.37,0.0646,3.0,0.2232,0
421,Industrials,0.56,3.02,0.0852,1.04,0.3508,0
422,Energy,0.4967,3.68,0.0066,1.22,0.15,0
423,Finance,0.6987,2.79,0.1197,1.71,0.3114,0
424,Finance,0.4884,8.56,0.0315,0.38,0.4218,0
425,Industrials,0.3606,2.4,0.0407,0.99,0.3014,0
426,Retail,0.5917,7.08,0.0392,0.83,0.351,0
427,Finance,0.4567,2.51,0.0588,0.71,0.2729,1
428,Tech,0.2836,15.0,0.1008,0.87,0.6,0
429,Industrials,0.5217,13.45,0.0736,0.84,0.1572,0
430,Retail,0.2077,4.89,0.053,1.6,0.15,0
431,Industrials,0.2025,3.04,0.0704,2.05,0.15,0
432,Finance,0.3399,4.73,0.1048,0.64,0.2538,0
433,Finance,0.2155,4.77,0.2188,1.91,0.3994,0
434,Energy,0.1469,4.42,0.118,0.72,0.6,0
435,Industrials,0.6262,2.49,0.0238,0.83,0.3406,0
436,Tech,0.5836,-4.05,0.0367,0.68,0.4248,1
437,Finance,0.5079,15.0,0.0251,3.0,0.4088,0
438,Industrials,0.4773,8.28,0.1077,1.2,0.15,0
439,Retail,0.1211,6.22,0.0684,1.17,0.2406,0
440,Finance,0.6207,2.26,0.0341,0.86,0.4005,0
441,Industrials,0.5353,2.1,0.1164,0.61,0.2683,0
442,Finance,0.4284,3.74,-0.1493,0.54,0.3323,0
443,Finance,0.3541,1.84,0.0632,0.8,0.15,0
444,Industrials,0.4931,11.11,-0.2144,1.24,0.15,0
445,Industrials,0.2318,2.04,0.0768,0.79,0.2818,0
446,Energy,0.3544,5.85,0.0059,0.69,0.2789,0
447,Finance,0.1368,6.53,0.0735,1.2,0.2359,0
448,Retail,0.6406,1.72,0.0677,1.6,0.2116,0
449,Finance,0.428,0.82,0.0492,0.99,0.6,0
450,Finance,0.3927,1.05,0.1405,1.65,0.3571,0
451,Energy,0.2386,15.0,0.1537,0.87,0.4048,0
452,Retail,0.4868,4.48,0.0889,0.84,0.2945,0
453,Finance,0.2293,4.45,0.0407,2.05,0.15,0
454,Energy,0.4688,15.0,0.0515,0.93,0.1725,0
455,Finance,0.3695,-4.81,0.0795,2.11,0.3378,0
456,Energy,0.5166,2.49,0.0596,0.7,0.6,0
457,Tech,0.2109,3.22,0.0976,1.33,0.3979,0
458,Tech,0.4667,2.2,0.1154,2.23,0.15,0
459,Retail,0.4223,1.39,0.2287,1.38,0.15,0
460,Finance,0.3906,3.48,0.09,0.99,0.206,0
461,Energy,0.2646,5.17,-0.0628,1.05,0.6,0
462,Industrials,0.2809,3.41,0.0196,0.82,0.2241,0
463,Tech,0.215,8.37,0.0632,2.61,0.3192,0
464,Industrials,0.5353,-4.63,0.1099,0.77,0.2469,0
465,Industrials,0.5641,14.4,0.1043,0.59,0.2973,0
466,Tech,0.3128,15.0,-0.1078,1.35,0.2513,0
467,Energy,0.4971,2.13,0.0501,1.67,0.15,1
468,Industrials,0.1979,13.71,0.1091,2.6,0.4554,0
469,Tech,0.5055,2.12,0.0801,1.75,0.2577,0
470,Retail,0.3283,2.92,0.0909,1.66,0.6,0
471,Retail,0.5811,8.21,-0.122,1.35,0.6,1
472,Energy,0.3683,13.05,0.0294,0.64,0.5488,0
473,Retail,0.4385,2.53,0.0353,1.72,0.3251,0
474,Energy,0.2539,4.61,0.0435,1.83,0.579,0
475,Industrials,0.3781,4.03,0.0174,1.41,0.1508,0
476,Industrials,0.2033,1.95,-0.1003,2.98,0.15,0
477,Tech,0.4084,5.39,0.0129,0.69,0.4332,0
478,Energy,0.478,15.0,0.0889,1.3,0.3204,0
479,Industrials,0.2675,1.06,0.0743,0.76,0.15,0
480,Industrials,0.617,2.12,0.0411,2.1,0.3889,0
481,Retail,0.6076,2.28,0.1112,1.05,0.15,0
482,Energy,0.3176,9.24,0.0842,1.29,0.3128,0
483,Industrials,0.5898,4.64,0.1306,1.16,0.3104,0
484,Retail,0.3208,11.24,-0.1789,1.69,0.15,0
485,Industrials,0.2534,4.94,0.1137,2.4,0.6,0
486,Industrials,0.6932,3.09,0.038,0.75,0.15,0
487,Finance,0.5895,2.48,0.0392,1.17,0.4103,0
488,Tech,0.7233,12.69,0.0558,0.98,0.15,0
489,Tech,0.1812,15.0,0.0632,0.34,0.4326,0
490,Finance,0.4118,1.92,0.0072,1.17,0.15,1
491,Tech,0.8854,7.31,-0.1751,0.36,0.2364,1
492,Tech,0.4275,3.38,0.0783,2.14,0.6,0
493,Retail,0.2012,2.32,-0.193,1.73,0.15,0
494,Retail,0.5675,2.94,0.0897,2.04,0.15,0
495,Industrials,0.488,2.87,-0.1801,1.15,0.2816,1
496,Industrials,0.6276,4.49,0.0488,0.69,0.15,0
497,Retail,0.1156,15.0,0.0988,2.14,0.15,0
498,Finance,0.4918,2.52,-0.105,0.95,0.15,0
499,Finance,0.2365,4.34,0.085,1.91,0.6,0
500,Industrials,0.49,0.93,0.0494,0.84,0.15,0
501,Retail,0.4144,6.63,0.029,1.31,0.15,0
502,Tech,0.6166,2.74,0.0766,0.57,0.15,0
503,Retail,0.4301,14.11,0.073,0.76,0.6,1
504,Retail,0.4412,-1.95,0.1197,1.8,0.3204,0
505,Energy,0.3728,2.11,-0.1511,1.5,0.4855,0
506,Industrials,0.7337,1.79,0.0491,0.55,0.15,1
507,Retail,0.4321,5.67,0.0327,0.59,0.1771,0
508,Energy,0.3369,2.35,0.0367,1.19,0.2852,0
509,Industrials,0.3624,1.81,0.1052,1.74,0.15,0
510,Tech,0.3146,5.85,0.1058,1.23,0.6,0
511,Energy,0.1626,-4.53,0.1169,1.02,0.1602,0
512,Finance,0.4465,1.09,0.0574,0.63,0.2526,0
513,Retail,0.1325,8.03,0.1117,1.05,0.2223,0
514,Finance,0.6636,10.1,0.1006,0.87,0.1726,0
515,Finance,0.1684,7.6,0.0346,0.64,0.5794,0
516,Retail,0.4566,5.06,0.0798,1.3,0.2655,0
517,Retail,0.559,1.17,0.0377,0.98,0.2431,0
518,Industrials,0.2258,-4.45,0.0188,1.02,0.3552,0
519,Retail,0.5841,15.0,-0.0701,0.74,0.2616,0
520,Retail,0.8023,0.98,0.0956,2.51,0.15,0
521,Industrials,0.3102,-0.42,0.0714,1.33,0.3313,0
522,Finance,0.5097,6.52,0.061,0.87,0.2785,0
523,Energy,0.1938,-1.14,0.064,0.82,0.2122,0
524,Energy,0.5071,10.99,0.1422,2.14,0.1895,0
525,Tech,0.3179,-1.29,-0.2241,1.94,0.2511,0
526,Energy,0.1852,2.15,0.0271,2.26,0.6,0
527,Retail,0.1865,2.23,0.1677,1.23,0.2168,0
528,Industrials,0.3249,7.07,0.107,0.78,0.15,0
529,Tech,0.3117,6.36,-0.0881,2.21,0.2585,0
530,Industrials,0.3827,13.86,0.1464,0.72,0.2225,0
531,Tech,0.4716,6.03,0.0572,0.87,0.1967,0
532,Industrials,0.4539,4.88,0.0958,1.39,0.6,0
533,Finance,0.3456,1.1,0.0721,1.36,0.15,0
534,Tech,0.5653,7.6,-0.1089,1.24,0.3516,0
535,Tech,0.2468,3.0,0.0449,1.6,0.6,0
536,Tech,0.304,3.87,0.1518,1.25,0.5387,0
537,Industrials,0.2579,15.0,0.1151,0.42,0.1549,0
538,Industrials,0.3721,-4.12,0.0285,2.45,0.2038,0
539,Energy,0.2078,10.06,0.0155,0.77,0.186,0
540,Energy,0.258,4.51,0.0233,1.86,0.6,0
541,Retail,0.3565,13.58,0.076,2.08,0.15,0
542,Energy,0.4556,13.99,0.057,1.24,0.1686,0
543,Finance,0.2509,3.33,0.1267,2.68,0.2869,0
544,Retail,0.453,-1.4,0.1062,0.84,0.2539,1
545,Retail,0.495,1.97,0.0696,1.22,0.296,0
546,Retail,0.5692,0.02,0.0267,0.84,0.6,1
547,Retail,0.2702,-0.4,0.0593,1.71,0.15,0
548,Tech,0.6132,3.86,0.1271,0.75,0.3242,0
549,Finance,0.654,11.96,0.0935,0.87,0.15,0
550,Retail,0.2818,0.15,0.0894,1.19,0.5373,0
551,Retail,0.333,3.64,0.0756,2.6,0.6,0
552,Finance,0.3131,3.3,0.075,1.44,0.15,0
553,Industrials,0.2355,4.13,0.0509,1.29,0.181,0
554,Finance,0.6177,6.15,0.0826,2.06,0.346,0
555,Finance,0.4693,7.89,0.0441,1.98,0.15,0
556,Industrials,0.2383,3.82,0.1061,1.03,0.3703,0
557,Finance,0.3565,4.15,0.0444,0.95,0.15,0
558,Energy,0.2114,1.22,0.0429,2.58,0.15,0
559,Retail,0.2228,1.35,-0.0924,0.8,0.3322,0
560,Energy,0.3214,6.3,0.144,1.86,0.1951,0
561,Energy,0.6414,10.38,0.1543,1.29,0.6,0
562,Energy,0.7039,-3.96,0.0785,0.96,0.1535,0
563,Industrials,0.3383,2.43,0.106,0.88,0.1973,0
564,Tech,0.1934,6.83,0.0745,3.0,0.1605,0
565,Energy,0.2644,4.4,0.0851,0.84,0.3071,0
566,Energy,0.129,6.55,0.0792,1.4,0.6,0
567,Retail,0.161,2.2,0.042,1.78,0.6,0
568,Finance,0.4581,7.11,-0.2245,0.69,0.4187,0
569,Finance,0.128,2.45,-0.1788,0.9,0.518,1
570,Industrials,0.6303,1.76,-0.027,0.95,0.3859,0
571,Retail,0.5421,6.43,0.0702,1.06,0.2391,0
572,Tech,0.6454,1.24,0.0144,1.58,0.15,0
573,Industrials,0.7267,3.45,0.0535,1.94,0.3383,0
574,Energy,0.5324,0.05,0.0761,0.55,0.6,1
575,Finance,0.5809,1.45,0.0126,0.88,0.3967,0
576,Tech,0.6238,7.5,0.063,1.17,0.2488,0
577,Finance,0.2764,5.43,0.0323,1.24,0.2555,0
578,Tech,0.7934,11.07,0.0534,1.08,0.6,0
579,Industrials,0.3437,0.79,0.1475,1.54,0.368,0
580,Tech,0.2426,3.19,0.0663,0.73,0.5371,0
581,Tech,0.5768,4.38,0.0756,1.17,0.3104,0
582,Energy,0.5579,3.25,0.0372,1.04,0.2113,0
583,Industrials,0.2838,7.97,0.0725,3.0,0.15,0
584,Energy,0.5607,1.63,0.1203,2.4,0.6,0
585,Tech,0.6898,3.51,0.1146,1.16,0.4726,0
586,Tech,0.37,7.01,0.0136,1.55,0.15,0
587,Retail,0.4714,7.75,0.0892,2.96,0.4231,0
588,Tech,0.5476,-0.65,0.0503,1.81,0.5153,1
589,Tech,0.3561,13.9,0.1378,1.58,0.1528,0
590,Retail,0.464,5.22,0.0403,2.79,0.5108,0
591,Retail,0.3384,14.05,0.1257,0.97,0.4962,0
592,Energy,0.4442,2.64,0.0388,0.73,0.15,0
593,Energy,0.2288,1.98,0.0698,2.18,0.3017,0
594,Industrials,0.5745,2.75,0.1263,1.9,0.6,0
595,Industrials,0.3487,3.7,0.1204,1.48,0.291,0
596,Retail,0.3394,11.38,0.1393,2.02,0.6,0
597,Tech,0.2175,3.94,0.0371,0.69,0.3441,0
598,Industrials,0.3566,3.43,0.0287,2.86,0.2781,0
599,Tech,0.6749,3.46,-0.0223,2.01,0.2503,0
600,Retail,0.4632,2.47,-0.1981,0.64,0.2203,0
601,Tech,0.5581,11.51,0.1181,1.29,0.15,0
602,Finance,0.5094,9.65,0.1296,1.41,0.2144,0
603,Retail,0.5646,4.19,0.0544,0.64,0.5046,1
604,Industrials,0.483,3.52,0.1193,1.11,0.367,0
605,Retail,0.2115,5.82,0.0688,1.21,0.4409,0
606,Tech,0.403,-0.44,0.0732,1.13,0.4899,0
607,Industrials,0.3009,-2.7,0.0183,0.99,0.2157,0
608,Finance,0.533,6.73,-0.1692,2.06,0.15,0
609,Tech,0.2828,5.33,0.0911,1.03,0.15,0
610,Industrials,0.5509,-2.03,-0.1671,1.68,0.2605,1
611,Finance,0.4758,2.19,0.0683,0.31,0.15,0
612,Retail,0.3028,3.68,0.0059,2.46,0.1941,0
613,Energy,0.6879,2.74,0.0501,2.07,0.6,1
614,Retail,0.5408,3.29,0.1445,0.66,0.6,1
615,Retail,0.6063,3.57,0.0384,1.1,0.5263,0
616,Retail,0.2586,6.81,0.1244,1.46,0.15,0
617,Energy,0.5336,0.42,0.0983,1.39,0.15,0
618,Industrials,0.409,13.01,0.0941,3.0,0.15,0
619,Energy,0.5784,-0.69,-0.1915,1.3,0.6,1
620,Tech,0.3149,3.89,0.0201,0.53,0.15,0
621,Finance,0.3685,-1.6,0.0729,1.13,0.6,0
622,Energy,0.3348,6.86,0.0641,1.31,0.15,0
623,Energy,0.2693,-0.77,0.0762,1.29,0.15,0
624,Tech,0.7372,1.28,0.1003,1.34,0.2597,0
625,Retail,0.5902,3.3,0.1125,1.49,0.2873,0
626,Retail,0.4827,3.47,0.1436,3.0,0.3486,0
627,Energy,0.1452,1.28,0.064,0.76,0.2241,0
628,Tech,0.4328,2.35,0.0031,0.64,0.1703,0
629,Tech,0.3742,8.7,0.052,3.0,0.6,0
630,Industrials,0.2184,11.37,0.0276,1.16,0.6,0
631,Retail,0.3254,4.42,0.1225,0.81,0.2737,0
632,Energy,0.636,2.48,0.0337,1.19,0.15,0
633,Tech,0.5922,1.24,-0.2314,1.92,0.6,1
634,Industrials,0.4143,-2.91,0.0569,0.75,0.5172,0
635,Industrials,0.3476,10.42,0.0168,2.56,0.195,0
636,Tech,0.6487,8.06,0.074,1.38,0.4312,0
637,Energy,0.7976,1.32,0.0361,2.86,0.6,1
638,Finance,0.5607,5.27,-0.0638,0.95,0.15,0
639,Finance,0.763,7.69,0.0625,1.65,0.5543,0
640,Retail,0.5677,3.09,-0.1474,1.19,0.15,0
641,Energy,0.5562,1.86,0.0414,0.79,0.1878,0
642,Energy,0.1411,-1.48,0.0916,1.5,0.3029,0
643,Energy,0.4292,2.13,0.1212,0.42,0.6,0
644,Finance,0.3356,4.19,0.0604,1.14,0.5915,0
645,Retail,0.2875,-0.71,0.0438,0.71,0.2674,0
646,Tech,0.4669,11.73,0.0111,0.9,0.5198,0
647,Energy,0.3687,10.93,0.0184,2.32,0.3481,0
648,Industrials,0.6328,2.92,0.0566,1.9,0.1725,0
649,Retail,0.4278,6.81,0.0638,0.91,0.6,0
650,Energy,0.8417,-2.27,0.1088,0.64,0.3259,0
651,Industrials,0.4466,-4.55,0.0474,0.77,0.6,0
652,Industrials,0.5021,5.82,0.0771,1.28,0.15,0
653,Retail,0.2336,1.83,0.0926,2.87,0.6,0
654,Tech,0.2652,13.63,0.1221,0.63,0.2301,0
655,Tech,0.7912,4.29,0.0964,0.53,0.3385,0
656,Industrials,0.299,8.91,-0.2425,3.0,0.15,0
657,Finance,0.6462,2.2,0.0282,0.83,0.15,0
658,Tech,0.2935,3.18,0.0873,1.94,0.15,0
659,Energy,0.2786,8.32,-0.1206,0.89,0.6,0
660,Finance,0.5849,4.88,0.1266,1.67,0.2188,0
661,Tech,0.3863,6.47,0.04,1.5,0.2377,0
662,Retail,0.6,-1.34,0.1514,0.9,0.3294,1
663,Finance,0.4028,1.09,0.1242,1.65,0.4242,0
664,Industrials,0.3698,-3.07,-0.2234,1.82,0.4224,0
665,Industrials,0.4655,13.47,0.0932,1.6,0.1627,0
666,Energy,0.2622,15.0,0.1278,0.58,0.1879,0
667,Industrials,0.2212,1.52,0.031,1.94,0.2212,0
668,Finance,0.2398,0.51,0.0862,0.53,0.1957,0
669,Finance,0.2487,1.97,0.0887,3.0,0.15,0
670,Tech,0.1423,1.36,0.1425,1.7,0.3719,0
671,Tech,0.1751,4.53,0.0134,1.21,0.15,0
672,Retail,0.4971,0.32,0.0402,3.0,0.4524,1
673,Energy,0.2913,1.34,0.0891,2.06,0.6,0
674,Finance,0.4844,4.8,0.0266,2.33,0.2159,0
675,Energy,0.5652,6.67,0.0248,1.37,0.6,0
676,Finance,0.6609,0.53,0.1003,1.31,0.2029,0
677,Finance,0.1619,2.64,0.0581,1.71,0.1773,0
678,Retail,0.7166,1.56,0.1271,2.02,0.5826,0
679,Tech,0.2628,4.62,0.09,1.41,0.5055,0
680,Finance,0.2676,4.26,0.0566,1.41,0.287,0
681,Energy,0.3341,8.8,0.0416,0.75,0.15,0
682,Retail,0.587,0.9,0.0714,1.43,0.15,0
683,Industrials,0.2079,6.4,0.0578,1.08,0.1729,0
684,Industrials,0.682,-0.64,0.0133,0.3,0.4076,1
685,Energy,0.8961,10.2,0.0355,0.65,0.6,0
686,Industrials,0.6295,1.16,0.0416,0.73,0.1651,0
687,Tech,0.5768,5.17,-0.1278,1.35,0.6,0
688,Industrials,0.3722,8.38,0.1539,0.94,0.2955,0
689,Retail,0.4577,9.54,0.019,0.86,0.1772,0
690,Finance,0.4741,8.59,0.0292,1.52,0.5353,0
691,Finance,0.3422,6.88,0.0857,1.46,0.15,1
692,Energy,0.4961,15.0,0.1238,0.89,0.6,0
693,Energy,0.5603,1.45,0.1598,0.6,0.15,0
694,Retail,0.2638,10.45,0.0288,1.85,0.6,0
695,Finance,0.5628,3.29,0.1342,0.7,0.3252,0
696,Finance,0.3634,5.16,0.1494,2.06,0.1905,0
697,Energy,0.4598,-3.94,0.0442,1.06,0.15,0
698,Finance,0.5119,4.8,0.1658,0.85,0.6,0
699,Tech,0.3355,4.44,0.14,0.89,0.4708,0
700,Industrials,0.2776,-3.48,0.0408,1.9,0.15,0
701,Industrials,0.3695,1.74,0.0664,0.71,0.15,0
702,Retail,0.2838,1.86,0.1102,0.94,0.6,0
703,Retail,0.2008,5.45,0.0066,0.7,0.2073,0
704,Finance,0.4526,0.82,0.0839,1.94,0.3182,0
705,Retail,0.3352,15.0,-0.1547,2.58,0.2758,0
706,Finance,0.7247,10.22,-0.0112,3.0,0.2148,0
707,Energy,0.6239,1.37,0.1847,1.04,0.2128,1
708,Industrials,0.7535,3.45,0.1076,0.32,0.2923,0
709,Finance,0.1647,0.36,0.063,1.66,0.3933,0
710,Industrials,0.5438,1.51,0.0305,1.84,0.15,0
711,Tech,0.3497,-0.53,0.0576,0.83,0.6,0
712,Industrials,0.3669,1.63,0.0454,0.85,0.15,0
713,Tech,0.8414,4.46,0.0899,1.84,0.3222,1
714,Tech,0.5064,2.59,0.039,0.9,0.4468,0
715,Energy,0.5134,1.51,0.1296,0.91,0.1586,0
716,Retail,0.3957,0.87,0.0611,0.92,0.4772,0
717,Energy,0.4855,2.68,0.0552,0.76,0.4698,0
718,Energy,0.3638,2.12,0.0273,0.77,0.1609,0
719,Industrials,0.6444,4.93,-0.054,3.0,0.3733,1
720,Retail,0.3918,-4.19,0.0848,1.39,0.15,0
721,Industrials,0.576,7.76,0.0139,0.72,0.15,0
722,Finance,0.2719,4.83,0.047,2.31,0.4784,0
723,Retail,0.4403,0.69,0.0879,1.73,0.3002,0
724,Industrials,0.7404,3.8,0.0212,0.64,0.5026,0
725,Energy,0.6495,3.09,-0.1994,0.94,0.3,0
726,Retail,0.3471,5.25,0.1465,0.73,0.6,0
727,Industrials,0.2079,2.77,0.1139,0.85,0.15,0
728,Finance,0.4052,-1.68,0.0598,2.05,0.2738,0
729,Tech,0.3931,4.85,0.1155,1.25,0.15,0
730,Retail,0.3327,7.59,0.0033,0.83,0.15,0
731,Industrials,0.4178,3.1,0.044,1.2,0.15,0
732,Energy,0.2502,15.0,0.0499,2.0,0.395,0
733,Retail,0.8484,1.48,0.1414,1.01,0.15,1
734,Tech,0.5252,-2.28,0.1023,0.62,0.3342,1
735,Finance,0.4121,15.0,-0.0165,1.77,0.2978,0
736,Retail,0.2645,10.23,0.0426,1.07,0.2346,0
737,Finance,0.4626,2.66,0.2043,0.69,0.1934,0
738,Industrials,0.1468,6.72,0.0911,1.11,0.1576,0
739,Finance,0.3002,9.8,0.1542,1.67,0.6,0
740,Finance,0.6834,12.65,0.0583,0.56,0.2318,0
741,Finance,0.2295,3.11,0.0531,2.06,0.15,0
742,Tech,0.3745,6.55,0.0849,1.46,0.15,0
743,Retail,0.3008,3.5,0.0644,0.73,0.1819,0
744,Industrials,0.4787,3.83,0.0242,0.92,0.15,0
745,Energy,0.4349,6.55,0.1166,1.96,0.4903,0
746,Retail,0.4517,6.47,0.097,1.85,0.4226,0
747,Retail,0.518,-4.3,0.0527,0.76,0.179,1
748,Finance,0.1996,2.68,0.0862,0.81,0.2839,0
749,Industrials,0.2298,12.04,-0.209,0.7,0.5392,0
750,Energy,0.2774,3.75,0.0848,1.56,0.2154,0
751,Industrials,0.3697,3.36,0.0838,1.49,0.2634,0
752,Retail,0.5405,6.54,0.0336,1.59,0.3529,0
753,Energy,0.3431,5.19,0.0955,1.13,0.5126,0
754,Industrials,0.496,0.73,0.1436,2.42,0.3691,0
755,Industrials,0.5481,3.15,0.122,1.73,0.15,0
756,Tech,0.6351,7.27,0.151,1.64,0.3645,0
757,Tech,0.4278,13.89,0.0447,1.49,0.6,0
758,Industrials,0.2624,6.06,0.0448,0.99,0.15,0
759,Industrials,0.3019,0.85,0.0903,1.76,0.15,0
760,Industrials,0.1713,13.41,0.0986,2.67,0.15,0
761,Finance,0.1078,4.21,0.0157,1.61,0.2653,0
762,Energy,0.483,10.77,0.079,2.25,0.2526,0
763,Finance,0.2793,-1.75,0.0496,1.25,0.15,0
764,Energy,0.3924,5.4,0.1075,1.9,0.6,0
765,Tech,0.6783,4.6,0.1049,1.23,0.15,0
766,Retail,0.8087,5.38,0.0409,0.78,0.3183,0
767,Energy,0.3348,0.42,0.074,1.47,0.6,0
768,Energy,0.5672,1.66,0.053,1.56,0.6,1
769,Tech,0.4472,9.74,0.0165,0.58,0.3593,0
770,Finance,0.6362,4.19,0.059,0.96,0.4898,0
771,Industrials,0.5311,11.9,0.068,1.34,0.5051,0
772,Retail,0.268,5.09,0.0758,1.09,0.4618,1
773,Finance,0.4115,6.86,0.0432,1.13,0.6,0
774,Finance,0.2321,-4.04,-0.2008,1.21,0.6,1
775,Finance,0.3778,8.37,0.0192,0.45,0.6,1
776,Energy,0.2733,0.96,-0.0236,1.9,0.6,1
777,Tech,0.2713,5.91,0.0335,2.18,0.2459,0
778,Finance,0.4696,2.29,0.024,1.08,0.3982,0
779,Industrials,0.226,5.06,0.1473,1.49,0.15,0
780,Finance,0.4459,2.74,0.1103,1.78,0.15,0
781,Energy,0.5783,5.09,0.0453,2.31,0.5081,0
782,Finance,0.1699,-0.54,0.0261,0.37,0.2228,0
783,Finance,0.5593,0.67,0.1288,1.26,0.1882,0
784,Finance,0.4371,-1.43,0.1289,0.61,0.2338,1
785,Retail,0.5455,-2.15,0.041,1.24,0.5438,1
786,Industrials,0.341,8.74,0.0397,0.9,0.1718,0
787,Energy,0.5074,5.38,-0.0848,0.97,0.2835,0
788,Retail,0.6794,2.61,0.0286,0.42,0.3011,0
789,Tech,0.4133,3.75,0.0812,1.48,0.4063,0
790,Industrials,0.4623,2.34,0.1245,1.15,0.2476,0
791,Industrials,0.6477,2.1,0.0141,1.35,0.1822,0
792,Finance,0.2876,3.45,0.0522,1.31,0.4409,0
793,Industrials,0.2659,12.46,0.0612,3.0,0.15,0
794,Finance,0.2522,8.05,0.0635,1.06,0.4547,0
795,Industrials,0.6346,5.3,0.1191,1.26,0.3774,0
796,Industrials,0.4315,1.5,0.0704,0.76,0.15,1
797,Tech,0.3203,4.23,0.1,1.15,0.3077,0
798,Industrials,0.6864,5.12,0.1471,2.06,0.15,0
799,Retail,0.5109,6.64,0.1043,1.89,0.15,0
800,Industrials,0.8063,5.46,0.0807,1.33,0.15,0
801,Energy,0.2178,9.98,0.0879,1.66,0.6,0
802,Finance,0.2136,0.28,-0.0418,1.51,0.3804,0
803,Finance,0.4058,-3.79,0.0952,1.52,0.2502,0
804,Finance,0.3753,10.58,0.0582,0.74,0.3862,0
805,Tech,0.3845,0.9,0.1368,2.08,0.15,0
806,Retail,0.5359,14.11,0.0506,0.72,0.5829,0
807,Tech,0.2522,-0.21,0.0715,1.35,0.4064,0
808,Energy,0.4099,4.17,0.0183,0.99,0.2606,0
809,Industrials,0.6931,1.5,0.0683,1.22,0.15,0
810,Finance,0.4334,2.05,0.0954,1.19,0.4912,0
811,Finance,0.4016,8.78,-0.2297,0.62,0.15,0
812,Finance,0.6159,9.39,0.057,1.18,0.494,0
813,Industrials,0.1768,4.37,-0.1143,0.8,0.1905,0
814,Energy,0.4025,11.98,0.0509,1.16,0.15,0
815,Tech,0.4918,5.04,0.0571,2.1,0.493,0
816,Tech,0.3682,5.49,0.0936,0.6,0.2019,0
817,Energy,0.5337,4.15,-0.0236,0.81,0.6,1
818,Tech,0.2237,4.94,0.0747,3.0,0.1746,0
819,Energy,0.2574,15.0,0.0388,1.23,0.4705,0
820,Tech,0.6623,4.8,0.0563,0.44,0.4679,1
821,Industrials,0.6264,8.7,0.0622,0.72,0.2001,0
822,Retail,0.4006,3.16,0.0973,0.87,0.5242,0
823,Tech,0.4338,-3.36,0.0868,1.25,0.3535,0
824,Industrials,0.4008,1.37,0.1323,1.01,0.15,0
825,Industrials,0.4849,6.27,-0.058,0.67,0.15,0
826,Retail,0.3289,1.09,0.0674,1.27,0.15,0
827,Industrials,0.5022,15.0,0.037,1.04,0.1796,0
828,Tech,0.3908,7.16,0.0352,0.47,0.6,0
829,Tech,0.4326,4.24,-0.161,1.12,0.2544,0
830,Energy,0.6291,3.43,0.0655,0.43,0.3946,1
831,Industrials,0.412,0.83,0.0517,1.11,0.3109,0
832,Tech,0.1549,2.37,0.0479,1.5,0.6,0
833,Retail,0.1251,5.66,0.0671,1.71,0.3226,0
834,Retail,0.6334,2.53,0.056,0.78,0.3723,0
835,Retail,0.6291,13.14,0.102,1.3,0.2847,0
836,Finance,0.3609,1.22,0.0617,0.63,0.15,0
837,Industrials,0.1901,3.95,0.0494,0.93,0.1581,0
838,Tech,0.6406,9.58,0.1194,0.91,0.15,0
839,Retail,0.3617,3.74,0.1027,1.26,0.15,0
840,Energy,0.4141,15.0,0.1857,1.03,0.6,0
841,Energy,0.7339,7.46,0.0443,1.91,0.457,0
842,Retail,0.3213,7.17,0.0692,1.38,0.6,0
843,Retail,0.5289,7.38,0.015,0.67,0.3914,1
844,Finance,0.5832,1.64,0.0612,1.3,0.4959,1
845,Energy,0.2541,7.52,0.0366,0.92,0.6,0
846,Retail,0.2205,1.38,0.1454,2.2,0.2433,0
847,Industrials,0.4238,6.71,0.069,0.94,0.3938,0
848,Retail,0.1847,-4.02,0.0579,1.37,0.15,1
849,Tech,0.717,5.44,0.047,1.9,0.15,0
850,Retail,0.1859,8.8,0.0748,1.59,0.3195,0
851,Finance,0.5815,1.65,0.0628,1.71,0.1713,0
852,Industrials,0.3783,1.95,0.015,0.76,0.2172,0
853,Finance,0.2836,8.15,0.0412,0.68,0.15,0
854,Retail,0.4489,2.85,0.1076,3.0,0.15,0
855,Finance,0.1887,2.8,0.0536,0.77,0.1973,0
856,Energy,0.1847,1.08,0.1092,2.17,0.1729,0
857,Retail,0.4285,2.8,0.0175,0.67,0.15,0
858,Tech,0.6204,2.52,0.0606,1.93,0.259,0
859,Tech,0.1837,2.83,0.0162,1.87,0.6,0
860,Energy,0.1433,6.45,0.0057,0.59,0.3927,0
861,Retail,0.3978,8.73,0.1159,1.03,0.6,0
862,Tech,0.4658,-2.81,0.0977,0.41,0.6,0
863,Energy,0.4121,2.79,0.1209,0.88,0.4332,0
864,Tech,0.2394,12.47,0.1321,1.18,0.6,0
865,Tech,0.5191,4.17,0.0285,1.66,0.316,0
866,Energy,0.5919,-0.41,0.1309,2.93,0.6,0
867,Tech,0.5556,15.0,-0.1552,0.95,0.3435,0
868,Retail,0.4155,3.41,0.056,1.86,0.15,0
869,Finance,0.6492,4.52,0.0915,2.01,0.3524,0
870,Finance,0.4709,15.0,-0.1887,2.2,0.2502,0
871,Energy,0.5816,11.85,0.0334,1.07,0.198,0
872,Industrials,0.6042,6.08,0.0897,2.03,0.2038,0
873,Tech,0.7027,2.93,0.0942,1.09,0.3132,0
874,Finance,0.4173,5.01,0.0532,0.81,0.6,0
875,Tech,0.6648,5.09,-0.2244,0.93,0.3071,0
876,Tech,0.264,2.24,-0.1596,0.76,0.4649,0
877,Tech,0.3362,3.86,0.0772,1.35,0.5861,0
878,Finance,0.6692,4.58,0.01,3.0,0.15,0
879,Energy,0.2229,1.31,0.0496,2.21,0.312,0
880,Finance,0.4745,0.93,0.066,1.67,0.2169,0
881,Tech,0.4314,15.0,0.1679,1.78,0.6,0
882,Energy,0.5559,3.18,0.0295,1.75,0.4341,0
883,Retail,0.715,1.56,0.0344,1.04,0.2116,1
884,Tech,0.4557,4.87,0.0879,1.25,0.5726,0
885,Industrials,0.2625,0.87,0.092,2.83,0.15,0
886,Tech,0.6098,0.47,0.0681,1.29,0.3626,1
887,Industrials,0.8189,7.03,0.0266,3.0,0.1531,0
888,Finance,0.4056,12.86,0.0361,0.69,0.3361,0
889,Finance,0.3255,11.41,-0.1239,2.41,0.2327,0
890,Tech,0.6257,-0.01,0.1133,1.2,0.5016,0
891,Retail,0.3315,6.33,0.0287,0.83,0.6,0
892,Industrials,0.4993,7.23,0.0976,0.99,0.15,0
893,Retail,0.5472,1.88,0.0851,1.45,0.2061,1
894,Industrials,0.1713,11.48,0.1198,0.85,0.15,0
895,Industrials,0.4384,2.97,0.0519,1.66,0.1838,1
896,Retail,0.4958,3.43,0.0481,1.99,0.3718,0
897,Tech,0.4514,4.74,0.0155,1.42,0.15,0
898,Retail,0.6058,1.65,0.1446,1.22,0.2051,0
899,Finance,0.1314,2.92,0.1169,0.67,0.15,0
900,Energy,0.5454,1.25,0.0756,0.67,0.571,1
901,Tech,0.7254,14.48,0.1697,1.65,0.4181,0
902,Tech,0.3785,2.16,0.0741,0.94,0.6,0
903,Finance,0.1158,6.48,0.1116,2.97,0.15,0
904,Energy,0.2503,0.76,0.0293,1.07,0.6,0
905,Energy,0.4247,1.96,0.0648,1.89,0.315,0
906,Energy,0.4051,5.15,0.158,0.88,0.6,0
907,Industrials,0.5107,-4.51,0.1743,1.81,0.294,0
908,Finance,0.1971,13.13,0.0369,0.72,0.3388,0
909,Retail,0.3328,4.05,0.0625,1.84,0.6,0
910,Tech,0.6485,4.9,0.0104,1.31,0.3351,0
911,Finance,0.2926,8.36,0.062,1.21,0.2674,0
912,Tech,0.4261,1.82,0.1322,1.44,0.15,0
913,Industrials,0.4343,-2.64,0.132,0.75,0.5497,1
914,Finance,0.5662,10.0,-0.1037,1.27,0.15,0
915,Energy,0.3271,8.26,0.1146,0.97,0.154,0
916,Energy,0.63,-2.65,-0.136,1.58,0.3006,1
917,Tech,0.4223,7.49,0.0685,1.47,0.3118,0
918,Industrials,0.4283,4.38,0.1299,0.88,0.556,0
919,Energy,0.7101,3.62,0.0604,2.27,0.2636,0
920,Energy,0.554,1.05,-0.1081,1.45,0.2904,1
921,Tech,0.3337,1.73,0.0497,1.25,0.15,0
922,Tech,0.8511,1.77,0.0552,1.11,0.15,0
923,Retail,0.2017,2.35,0.1729,0.7,0.15,0
924,Finance,0.2167,1.87,0.0174,0.71,0.3184,0
925,Finance,0.3448,3.3,0.083,1.42,0.15,0
926,Finance,0.5907,0.69,0.0414,1.09,0.15,0
927,Energy,0.2331,7.08,0.0223,1.01,0.5835,0
928,Retail,0.299,13.59,0.043,1.96,0.3742,0
929,Energy,0.1544,13.46,0.1216,1.33,0.15,0
930,Energy,0.3546,-3.21,0.0487,1.74,0.6,0
931,Industrials,0.4411,-4.02,0.066,1.48,0.15,0
932,Industrials,0.3232,8.26,0.0949,0.67,0.202,0
933,Finance,0.3437,6.85,0.0438,1.73,0.15,0
934,Finance,0.1661,2.37,0.0109,0.52,0.15,0
935,Finance,0.4472,3.46,0.1045,1.08,0.2872,0
936,Energy,0.2055,2.72,0.0488,2.19,0.6,0
937,Industrials,0.4935,7.54,0.0768,1.89,0.3479,0
938,Energy,0.4615,-3.51,0.0456,1.47,0.6,1
939,Retail,0.5935,7.45,0.1011,2.05,0.4386,0
940,Industrials,0.1716,15.0,0.1045,0.99,0.15,0
941,Finance,0.5511,-0.93,0.0913,1.51,0.15,0
942,Finance,0.158,15.0,0.0272,1.14,0.15,0
943,Energy,0.516,5.38,0.1335,3.0,0.2712,0
944,Tech,0.27,2.42,0.0414,3.0,0.2831,0
945,Industrials,0.2773,2.57,0.0673,0.98,0.15,0
946,Finance,0.3452,2.74,-0.0687,1.13,0.6,0
947,Retail,0.2083,8.39,0.1537,0.9,0.194,0
948,Industrials,0.6255,7.54,0.0509,0.98,0.15,0
949,Finance,0.4563,-4.42,0.0144,0.88,0.2901,0
950,Energy,0.7909,2.4,0.0284,1.28,0.3569,0
951,Retail,0.4475,-0.68,0.0559,1.23,0.3549,0
952,Industrials,0.3361,3.63,0.0336,1.4,0.1995,0
953,Tech,0.2136,2.73,0.1145,0.49,0.15,0
954,Tech,0.688,1.63,0.0719,0.87,0.15,0
955,Retail,0.2458,-4.93,0.0427,0.79,0.15,0
956,Energy,0.5762,4.99,-0.1259,0.7,0.6,1
957,Finance,0.2669,5.46,0.0301,2.56,0.1737,0
958,Finance,0.6015,-4.83,0.0964,2.16,0.15,0
959,Finance,0.2823,1.23,0.1262,1.2,0.15,0
960,Industrials,0.4176,5.46,0.0364,1.06,0.2538,0
961,Finance,0.1413,15.0,0.0668,2.19,0.15,0
962,Industrials,0.3726,5.1,0.0561,1.91,0.15,0
963,Energy,0.5967,11.11,0.0493,1.81,0.2637,0
964,Tech,0.5466,7.43,0.0805,2.09,0.2337,0
965,Retail,0.6307,6.18,0.0796,1.08,0.6,0
966,Industrials,0.4164,15.0,0.1252,0.59,0.4087,0
967,Finance,0.2605,7.64,0.1257,0.76,0.5283,0
968,Tech,0.3711,15.0,0.0445,0.99,0.2462,0
969,Retail,0.2975,9.9,0.117,1.19,0.3285,0
970,Industrials,0.4491,6.54,0.0553,0.54,0.2181,0
971,Tech,0.4284,3.09,0.1027,2.1,0.15,1
972,Industrials,0.4243,8.41,0.035,2.34,0.2056,0
973,Finance,0.3594,3.87,0.0866,1.64,0.2088,0
974,Finance,0.2186,3.33,0.1337,1.71,0.1717,0
975,Industrials,0.7549,2.43,0.1457,1.66,0.6,0
976,Industrials,0.4449,-0.54,0.0289,2.58,0.3297,1
977,Energy,0.4855,3.62,0.0998,2.34,0.1561,0
978,Finance,0.8873,5.88,0.0303,2.19,0.4848,0
979,Industrials,0.5294,5.12,0.0881,2.45,0.15,0
980,Retail,0.2803,7.54,0.0228,0.41,0.15,0
981,Retail,0.4006,1.67,0.14,1.22,0.6,1
982,Finance,0.6198,0.69,0.1351,0.68,0.3428,1
983,Retail,0.6535,9.14,0.1058,1.34,0.2753,0
984,Energy,0.5446,3.06,0.0524,3.0,0.6,0
985,Industrials,0.3439,1.39,0.083,0.84,0.4539,0
986,Energy,0.7707,-2.42,-0.1565,0.84,0.6,1
987,Finance,0.4857,10.59,-0.0439,1.1,0.436,0
988,Finance,0.207,2.03,-0.0349,1.2,0.5997,0
989,Retail,0.2234,5.09,0.0436,1.59,0.6,0
990,Industrials,0.3396,5.23,0.0463,1.61,0.1735,0
991,Energy,0.259,2.01,0.0665,1.22,0.1944,0
992,Tech,0.5857,6.81,-0.0926,1.56,0.15,0
993,Energy,0.2374,11.71,0.0394,0.35,0.6,0
994,Industrials,0.5109,7.75,0.0167,0.85,0.15,0
995,Finance,0.1683,4.77,0.0658,0.82,0.3422,0
996,Tech,0.3525,5.04,-0.158,0.78,0.406,0
997,Industrials,0.2883,3.23,0.0421,1.05,0.6,0
998,Industrials,0.3492,15.0,0.019,0.62,0.3191,0
999,Retail,0.1924,12.74,0.0195,0.75,0.15,0
1000,Finance,0.384,9.64,0.1273,1.44,0.6,0
1001,Tech,0.5926,4.94,0.0476,0.52,0.6,1
1002,Industrials,0.2772,1.92,0.0076,1.03,0.5868,0
1003,Retail,0.7019,3.15,-0.0978,2.04,0.15,1
1004,Tech,0.6377,4.35,0.0479,2.6,0.15,0
1005,Tech,0.5032,-3.35,0.1001,0.66,0.6,1
1006,Industrials,0.2056,1.55,-0.2281,0.54,0.3041,0
1007,Industrials,0.3749,10.53,0.0631,1.55,0.6,0
1008,Finance,0.4164,6.66,0.078,0.97,0.15,0
1009,Tech,0.4077,4.77,-0.2275,1.33,0.4427,1
1010,Finance,0.1057,6.49,-0.1714,1.45,0.1952,0
1011,Industrials,0.6294,8.47,0.1083,1.76,0.4728,0
1012,Tech,0.4649,11.52,0.0903,0.74,0.2791,0
1013,Energy,0.2842,-1.13,0.0501,1.02,0.6,0
1014,Energy,0.7709,1.28,-0.057,0.76,0.4441,0
1015,Energy,0.5571,6.5,0.0629,1.83,0.6,0
1016,Finance,0.4831,15.0,0.0587,1.66,0.15,0
1017,Energy,0.5723,-2.36,0.1707,0.99,0.2378,0
1018,Industrials,0.493,5.57,-0.1665,0.73,0.6,1
1019,Retail,0.5557,11.35,0.0527,0.79,0.3806,0
1020,Finance,0.5243,8.74,-0.2312,0.52,0.15,0
1021,Energy,0.5288,1.67,0.0136,2.56,0.15,0
1022,Energy,0.3474,2.39,0.0732,1.08,0.1693,0
1023,Finance,0.2869,3.08,0.0821,1.32,0.3855,0
1024,Tech,0.2614,-4.08,0.0414,1.31,0.3164,0
1025,Industrials,0.5577,7.58,0.1028,1.3,0.3053,0
1026,Industrials,0.3417,5.23,0.0441,1.07,0.3883,0
1027,Tech,0.592,0.62,0.0558,1.57,0.4674,0
1028,Tech,0.3555,2.0,0.0121,0.79,0.291,0
1029,Energy,0.7836,6.39,0.0959,0.65,0.6,0
1030,Finance,0.4151,2.26,0.1035,2.95,0.2707,0
1031,Industrials,0.5576,1.05,0.125,2.16,0.3336,0
1032,Tech,0.4992,1.27,0.1255,1.8,0.2722,0
1033,Industrials,0.5371,0.06,0.0805,1.91,0.4369,0
1034,Energy,0.3269,3.71,0.0441,2.05,0.6,1
1035,Finance,0.4939,3.86,0.0266,0.66,0.15,0
1036,Retail,0.4406,-1.95,0.0593,0.85,0.6,1
1037,Industrials,0.6706,8.7,0.0283,1.37,0.15,0
1038,Retail,0.3192,1.98,0.1152,1.37,0.4438,0
1039,Retail,0.6026,3.99,0.0757,2.18,0.2922,0
1040,Industrials,0.5203,2.2,-0.1771,1.73,0.15,0
1041,Tech,0.5703,-4.18,0.1015,0.93,0.15,0
1042,Retail,0.5718,4.95,0.1319,1.04,0.1708,0
1043,Tech,0.5807,2.22,0.08,1.8,0.15,0
1044,Industrials,0.3368,10.31,-0.2011,0.8,0.3919,0
1045,Energy,0.1984,2.44,0.0248,1.77,0.367,0
1046,Energy,0.7378,12.09,0.0686,1.01,0.333,0
1047,Industrials,0.4546,2.13,0.0578,0.34,0.15,0
1048,Finance,0.2994,-1.19,0.094,1.97,0.2428,0
1049,Retail,0.3822,0.66,0.1242,1.42,0.1867,0
1050,Retail,0.1171,3.19,0.0825,0.59,0.5411,0
1051,Energy,0.2713,-2.65,0.1226,0.95,0.15,0
1052,Energy,0.2605,0.39,0.0241,1.81,0.2229,0
1053,Retail,0.3713,6.85,0.0285,0.85,0.15,0
1054,Finance,0.6155,5.66,0.0948,1.04,0.15,0
1055,Industrials,0.3833,-3.62,0.0194,1.05,0.15,0
1056,Energy,0.3227,3.04,0.0627,1.93,0.2207,0
1057,Finance,0.4661,3.53,0.0118,1.39,0.15,0
1058,Retail,0.5152,6.55,0.086,1.27,0.15,0
1059,Industrials,0.482,11.2,0.0948,0.53,0.1987,0
1060,Energy,0.181,7.59,0.051,1.7,0.15,0
1061,Retail,0.2882,2.33,0.1693,0.63,0.15,0
1062,Finance,0.4107,5.86,0.008,2.76,0.5327,0
1063,Retail,0.6467,8.73,-0.204,2.11,0.15,1
1064,Finance,0.5458,10.49,0.1924,2.01,0.1565,0
1065,Industrials,0.2599,9.11,0.1016,2.08,0.15,0
1066,Finance,0.401,7.48,0.0692,1.26,0.214,0
1067,Finance,0.2703,1.95,0.0218,2.13,0.15,0
1068,Retail,0.4895,-3.22,0.0289,2.65,0.5894,0
1069,Tech,0.4806,0.44,0.0145,1.05,0.6,1
1070,Energy,0.63,7.85,0.015,1.01,0.3199,0
1071,Industrials,0.4403,15.0,0.1322,1.24,0.5949,0
1072,Finance,0.4125,3.2,0.045,1.06,0.2017,0
1073,Energy,0.5295,0.3,0.0544,2.04,0.4696,0
1074,Finance,0.7673,0.27,-0.1503,2.38,0.15,0
1075,Tech,0.6518,2.6,0.0614,0.83,0.6,1
1076,Retail,0.277,-3.4,0.0245,0.69,0.6,0
1077,Energy,0.6168,3.98,0.0287,1.13,0.575,0
1078,Industrials,0.5098,1.14,0.1257,0.8,0.436,0
1079,Energy,0.1881,2.69,0.1637,0.74,0.6,0
1080,Tech,0.6569,1.66,0.1314,0.63,0.6,0
1081,Retail,0.3208,4.07,0.05,1.34,0.2717,0
1082,Industrials,0.3829,4.52,-0.0623,2.31,0.15,0
1083,Retail,0.1286,4.43,0.0319,0.52,0.3491,0
1084,Finance,0.1721,15.0,0.0603,0.67,0.1754,0
1085,Energy,0.2726,7.41,0.047,2.53,0.2377,0
1086,Finance,0.1807,10.7,-0.107,0.49,0.2153,0
1087,Tech,0.3742,3.83,0.0329,1.39,0.2484,0
1088,Industrials,0.615,2.3,-0.0797,3.0,0.2328,0
1089,Industrials,0.3825,6.51,0.101,1.51,0.3672,0
1090,Retail,0.4473,6.34,0.1441,0.7,0.4326,0
1091,Tech,0.363,0.68,0.0475,1.72,0.2928,0
1092,Finance,0.5902,3.85,0.0375,2.63,0.6,0
1093,Energy,0.7663,0.98,0.1151,0.39,0.15,1
1094,Tech,0.8577,3.87,0.1182,0.97,0.6,0
1095,Tech,0.683,6.01,0.1332,1.47,0.4349,0
1096,Tech,0.5473,1.4,0.0366,1.92,0.15,0
1097,Industrials,0.3789,2.51,0.0556,1.95,0.2922,0
1098,Retail,0.1155,2.25,0.0404,0.99,0.5847,0
1099,Energy,0.4478,7.77,0.018,0.92,0.15,0
1100,Finance,0.5368,3.19,0.0823,0.32,0.5965,1
1101,Tech,0.3611,3.58,0.0216,0.84,0.3393,0
1102,Finance,0.3171,12.05,0.0926,3.0,0.3939,0
1103,Tech,0.682,5.42,0.0185,2.83,0.15,0
1104,Retail,0.6877,4.25,0.1134,3.0,0.15,1
1105,Finance,0.5738,11.01,0.0585,0.38,0.15,0
1106,Energy,0.5257,6.03,0.0337,1.59,0.1861,0
1107,Industrials,0.4016,2.61,0.0429,1.97,0.1915,0
1108,Retail,0.3035,15.0,0.0547,1.41,0.2423,0
1109,Retail,0.4675,2.5,0.1031,1.27,0.3235,0
1110,Finance,0.5196,3.8,0.0517,0.99,0.15,0
1111,Finance,0.5462,12.48,0.1655,0.68,0.15,0
1112,Finance,0.7975,12.0,-0.2312,1.4,0.4069,0
1113,Finance,0.6415,-1.88,0.0952,1.56,0.3527,0
1114,Tech,0.5015,4.91,0.0687,1.97,0.5524,0
1115,Industrials,0.5992,6.45,0.1045,2.55,0.15,0
1116,Finance,0.2354,1.71,0.0721,0.73,0.2836,0
1117,Retail,0.6638,4.46,0.0959,1.16,0.4159,0
1118,Retail,0.6265,2.28,0.0795,0.74,0.4022,0
1119,Finance,0.3548,-2.51,0.0157,2.02,0.3214,0
1120,Retail,0.4156,1.86,0.0992,0.8,0.2395,0
1121,Industrials,0.6494,6.41,0.0701,0.93,0.15,0
1122,Energy,0.3682,2.53,0.0785,0.84,0.2824,0
1123,Retail,0.651,0.9,0.0405,1.68,0.213,0
1124,Energy,0.5009,6.18,-0.2382,1.83,0.2066,0
1125,Tech,0.5238,6.25,-0.2462,1.5,0.6,0
1126,Retail,0.3481,5.71,0.0832,1.01,0.3019,0
1127,Finance,0.6118,0.53,0.0617,1.52,0.1749,0
1128,Energy,0.2187,7.38,0.1387,0.72,0.1613,0
1129,Tech,0.7254,-0.61,0.0782,1.13,0.15,1
1130,Finance,0.4559,2.97,0.1364,1.81,0.6,0
1131,Industrials,0.6915,8.04,0.153,0.81,0.6,1
1132,Industrials,0.6468,1.1,-0.1157,1.05,0.15,0
1133,Tech,0.7706,-0.84,0.1438,2.43,0.15,1
1134,Industrials,0.3884,15.0,0.0738,0.89,0.2496,0
1135,Industrials,0.7471,15.0,0.0437,1.25,0.2247,0
1136,Finance,0.509,2.9,0.0187,1.18,0.3249,0
1137,Industrials,0.8679,3.48,0.0465,0.67,0.4839,1
1138,Finance,0.2518,0.51,0.0381,0.64,0.1643,0
1139,Tech,0.4377,-2.38,0.084,0.89,0.3926,1
1140,Energy,0.9184,6.68,0.0553,0.69,0.4599,1
1141,Tech,0.4523,3.89,-0.0774,2.58,0.283,0
1142,Retail,0.463,4.32,0.0107,0.81,0.6,0
1143,Tech,0.3523,9.62,0.0264,0.77,0.2038,0
1144,Tech,0.6332,8.41,0.0893,1.17,0.2244,0
1145,Retail,0.639,2.43,0.0903,0.77,0.4728,0
1146,Retail,0.3519,5.71,0.071,1.04,0.6,0
1147,Tech,0.1284,4.17,0.039,1.85,0.4514,0
1148,Energy,0.2694,2.6,0.0539,3.0,0.15,0
1149,Retail,0.5945,6.55,0.0738,0.87,0.2752,0
1150,Industrials,0.3314,1.23,0.0255,2.63,0.1867,0
1151,Tech,0.4339,8.81,0.1,1.57,0.6,0
1152,Tech,0.2298,2.66,0.085,0.83,0.171,0
1153,Tech,0.5585,1.27,0.1445,0.85,0.2348,0
1154,Retail,0.6638,4.42,0.0135,0.98,0.468,0
1155,Industrials,0.6252,8.62,0.1292,1.13,0.2049,0
1156,Energy,0.4955,2.3,0.1299,0.42,0.15,0
1157,Tech,0.4379,6.06,-0.1499,1.61,0.15,0
1158,Industrials,0.2652,5.09,0.0361,1.06,0.1509,0
1159,Finance,0.5521,15.0,0.083,2.67,0.3273,0
1160,Energy,0.4942,4.39,0.0231,1.28,0.4047,1
1161,Retail,0.6171,2.43,0.0643,1.17,0.6,1
1162,Industrials,0.3095,4.49,0.1334,1.16,0.4391,0
1163,Tech,0.5038,8.22,-0.1586,0.7,0.6,1
1164,Retail,0.3334,5.65,-0.1907,1.56,0.15,0
1165,Retail,0.2998,3.1,0.0354,1.32,0.3102,0
1166,Retail,0.4351,4.67,0.0347,2.1,0.5951,1
1167,Energy,0.6739,5.11,0.062,0.76,0.15,0
1168,Energy,0.581,6.34,0.0991,2.14,0.4688,0
1169,Tech,0.68,-3.92,0.0433,1.28,0.2787,0
1170,Tech,0.7367,4.18,0.0974,1.91,0.6,0
1171,Industrials,0.3703,3.5,0.1164,1.73,0.4784,0
1172,Finance,0.5557,4.11,0.089,1.57,0.15,0
1173,Finance,0.4236,3.91,0.0613,0.98,0.595,0
1174,Retail,0.1615,15.0,0.0648,0.32,0.2875,0
1175,Retail,0.4863,3.44,0.062,0.65,0.2195,0
1176,Finance,0.3795,2.83,0.0518,2.72,0.3383,0
1177,Tech,0.6448,3.46,0.0905,0.71,0.3215,0
1178,Tech,0.303,5.8,0.1393,3.0,0.15,0
1179,Tech,0.3651,2.4,0.0755,0.98,0.3419,0
1180,Energy,0.4664,3.62,0.0022,1.86,0.227,0
1181,Retail,0.1788,15.0,-0.116,0.65,0.1523,0
1182,Industrials,0.8384,5.52,0.0277,0.9,0.5478,0
1183,Energy,0.7348,2.99,0.0206,1.61,0.5939,0
1184,Industrials,0.276,15.0,0.0628,0.59,0.48,0
1185,Energy,0.4197,4.46,0.0188,0.85,0.15,0
1186,Industrials,0.219,3.72,0.0341,1.46,0.15,0
1187,Retail,0.6548,0.98,0.1,0.99,0.4417,0
1188,Tech,0.4637,5.47,-0.2043,1.08,0.6,1
1189,Energy,0.3202,6.55,0.1317,0.91,0.6,0
1190,Energy,0.1614,14.77,0.1212,0.6,0.3284,0
1191,Energy,0.5893,5.77,0.1297,1.56,0.1696,0
1192,Tech,0.3646,2.0,0.0686,0.89,0.15,0
1193,Tech,0.703,3.69,0.0441,1.16,0.3461,0
1194,Finance,0.2571,1.89,0.0496,1.62,0.3699,0
1195,Energy,0.6897,6.55,0.0877,2.12,0.15,0
1196,Industrials,0.2594,6.03,-0.2237,0.91,0.15,0
1197,Finance,0.6038,5.5,0.0113,1.14,0.6,0
1198,Retail,0.3655,3.29,0.0632,1.24,0.5625,0
1199,Industrials,0.4676,-3.88,0.0491,1.29,0.15,0
1200,Industrials,0.5038,1.79,0.0175,1.36,0.6,0
1201,Industrials,0.6503,7.39,0.0209,2.38,0.1628,0
1202,Energy,0.6323,5.49,-0.2468,1.15,0.6,0
1203,Industrials,0.55,2.66,0.1211,0.99,0.15,0
1204,Finance,0.406,10.91,0.1029,1.57,0.2369,0
1205,Industrials,0.7275,1.97,0.0375,2.05,0.5543,0
1206,Industrials,0.533,8.4,0.0787,2.2,0.2847,0
1207,Tech,0.254,-1.17,0.0248,0.86,0.6,0
1208,Tech,0.4666,3.52,0.116,0.88,0.4324,0
1209,Energy,0.25,7.31,0.106,1.47,0.2682,0
1210,Industrials,0.6312,3.05,0.0071,1.62,0.1929,0
1211,Finance,0.4174,14.93,0.0545,2.22,0.2068,0
1212,Energy,0.3156,-3.01,0.126,0.75,0.6,0
1213,Industrials,0.4018,1.58,0.1379,1.16,0.15,0
1214,Energy,0.3522,4.88,0.0531,1.65,0.15,0
1215,Tech,0.5897,1.53,0.0533,0.67,0.4291,0
1216,Retail,0.2638,2.36,0.1219,1.29,0.4423,0
1217,Retail,0.514,1.7,-0.0727,1.28,0.5595,1
1218,Energy,0.5406,4.44,0.1142,1.23,0.6,0
1219,Retail,0.1753,2.29,-0.0937,1.42,0.35,0
1220,Industrials,0.2091,7.7,0.1058,1.01,0.1796,0
1221,Finance,0.3941,-2.33,0.0297,2.82,0.15,0
1222,Industrials,0.3097,8.33,0.1121,2.03,0.3931,0
1223,Industrials,0.2616,7.22,0.0765,2.69,0.3482,0
1224,Energy,0.6771,4.14,0.0913,1.24,0.6,0
1225,Tech,0.5455,2.58,0.1098,1.14,0.442,0
1226,Retail,0.4346,4.95,0.0382,0.66,0.4394,0
1227,Industrials,0.2826,3.62,0.0106,1.39,0.2088,0
1228,Finance,0.22,4.15,0.081,0.58,0.15,0
1229,Finance,0.5642,15.0,0.0591,2.25,0.2886,0
1230,Industrials,0.5,15.0,0.0378,0.74,0.248,0
1231,Retail,0.3327,2.6,0.0271,1.08,0.439,0
1232,Industrials,0.3225,6.39,0.0528,2.01,0.2984,0
1233,Tech,0.6598,3.2,0.0308,1.12,0.1594,0
1234,Industrials,0.3339,1.94,0.0222,2.51,0.15,0
1235,Finance,0.2663,4.62,0.0365,1.98,0.2784,0
1236,Energy,0.283,10.19,0.0122,0.83,0.15,0
1237,Finance,0.3941,9.27,0.0673,1.25,0.15,0
1238,Industrials,0.4658,15.0,0.1047,0.83,0.3379,0
1239,Industrials,0.6174,5.85,0.0533,1.89,0.15,0
1240,Finance,0.4356,6.41,0.0844,0.8,0.1624,0
1241,Tech,0.4176,9.73,-0.1868,1.6,0.4078,0
1242,Energy,0.161,-2.85,0.0185,2.37,0.3871,0
1243,Tech,0.5188,3.91,0.0212,1.84,0.2218,0
1244,Tech,0.2442,-2.63,0.0562,0.79,0.15,0
1245,Tech,0.5796,3.84,-0.0757,1.1,0.215,1
1246,Tech,0.7011,6.84,0.0983,1.38,0.3239,0
1247,Finance,0.4738,9.65,0.0157,1.57,0.15,0
1248,Tech,0.3985,-4.34,0.0409,2.39,0.4019,0
1249,Finance,0.2092,11.35,-0.1952,0.63,0.15,0
1250,Tech,0.6734,-3.07,0.0237,1.5,0.2258,0
1251,Retail,0.7045,-0.57,0.0786,1.49,0.3178,1
1252,Finance,0.4155,-4.07,0.1263,2.13,0.15,0
1253,Finance,0.3321,2.1,0.0534,0.8,0.5514,0
1254,Retail,0.5243,2.02,0.0383,1.73,0.15,0
1255,Industrials,0.4451,1.1,0.0772,2.11,0.2027,0
1256,Retail,0.6465,4.61,-0.0352,1.11,0.4534,1
1257,Energy,0.3856,6.4,0.0335,0.87,0.6,0
1258,Industrials,0.3339,2.81,-0.1192,1.6,0.3667,0
1259,Energy,0.4915,8.32,0.0326,0.42,0.6,0
1260,Finance,0.4214,4.84,0.0342,1.28,0.15,0
1261,Finance,0.2316,12.18,-0.1148,3.0,0.15,0
1262,Tech,0.4179,3.77,0.0346,0.65,0.1633,0
1263,Energy,0.2345,3.04,0.0588,0.87,0.6,0
1264,Retail,0.7121,7.19,0.0953,1.37,0.5329,0
1265,Tech,0.4438,2.4,0.0184,2.84,0.6,0
1266,Energy,0.5457,14.58,0.0233,1.58,0.4699,0
1267,Retail,0.685,4.71,0.0488,1.58,0.15,0
1268,Tech,0.4085,2.03,-0.0768,1.1,0.3052,0
1269,Retail,0.4316,1.35,0.0438,2.58,0.507,0
1270,Tech,0.3858,12.85,0.027,0.63,0.3547,0
1271,Finance,0.2746,11.71,0.0291,1.22,0.454,0
1272,Energy,0.4078,7.28,0.0675,2.94,0.2451,0
1273,Industrials,0.2984,2.45,0.0191,1.12,0.1795,0
1274,Retail,0.3475,3.12,0.1601,1.42,0.4277,0
1275,Finance,0.2505,1.95,-0.2147,1.84,0.2286,1
1276,Finance,0.7248,3.14,0.0818,1.28,0.345,0
1277,Retail,0.2547,2.94,0.1975,0.62,0.15,0
1278,Energy,0.5242,3.94,0.041,0.73,0.3389,0
1279,Industrials,0.2814,1.88,0.0459,1.37,0.6,0
1280,Energy,0.4013,9.16,0.0506,1.34,0.5246,0
1281,Industrials,0.59,3.75,0.1166,1.84,0.15,0
1282,Retail,0.2688,10.85,0.0381,1.79,0.3412,0
1283,Energy,0.6105,1.34,0.0687,1.07,0.5389,0
1284,Finance,0.6114,7.76,0.0481,1.51,0.215,0
1285,Retail,0.6301,14.53,0.0748,0.69,0.6,0
1286,Tech,0.3744,4.65,0.0696,1.64,0.15,0
1287,Industrials,0.3916,3.56,0.1446,1.72,0.2404,0
1288,Industrials,0.2417,15.0,0.0277,2.15,0.6,0
1289,Retail,0.4075,15.0,0.0459,2.47,0.4771,0
1290,Tech,0.1679,1.41,-0.0995,1.63,0.6,1
1291,Tech,0.4847,4.15,-0.1201,1.91,0.5828,0
1292,Energy,0.321,15.0,0.0554,1.2,0.1588,0
1293,Retail,0.4856,8.39,0.1365,0.85,0.2283,0
1294,Tech,0.2735,2.91,0.0657,0.69,0.15,0
1295,Retail,0.5397,5.53,0.0816,0.85,0.1618,1
1296,Tech,0.3347,4.07,0.1036,1.03,0.15,0
1297,Industrials,0.1928,7.66,0.0853,2.76,0.2687,0
1298,Finance,0.5716,15.0,0.0339,2.24,0.1913,0
1299,Finance,0.4572,-4.64,0.0551,1.13,0.2276,0
1300,Industrials,0.2455,2.85,0.1245,1.34,0.15,0
1301,Retail,0.4046,5.65,0.0598,0.39,0.2854,0
1302,Energy,0.2689,3.06,-0.0609,0.65,0.2142,0
1303,Industrials,0.5197,2.55,0.0536,2.33,0.3072,0
1304,Industrials,0.4413,4.03,0.0652,2.3,0.3443,0
1305,Industrials,0.5583,0.81,0.0522,0.6,0.471,0
1306,Energy,0.5642,-1.4,0.0887,2.02,0.4242,0
1307,Retail,0.1568,2.9,0.0931,0.88,0.6,0
1308,Industrials,0.418,-3.0,0.0747,1.25,0.5813,0
1309,Finance,0.4342,4.54,0.0309,0.96,0.15,0
1310,Industrials,0.4931,7.06,-0.1608,2.88,0.3061,0
1311,Energy,0.4164,5.77,0.127,1.02,0.2492,0
1312,Energy,0.4403,8.6,-0.1543,0.52,0.6,0
1313,Industrials,0.2047,4.94,0.0377,0.64,0.15,0
1314,Tech,0.4354,1.92,0.0378,1.38,0.3587,0
1315,Retail,0.2673,2.55,0.038,2.09,0.2948,0
1316,Industrials,0.6615,1.92,0.1132,1.7,0.1686,0
1317,Retail,0.4133,2.63,0.051,1.82,0.3571,0
1318,Retail,0.2416,12.62,0.0375,1.36,0.1583,0
1319,Industrials,0.4698,8.51,0.0918,1.0,0.2566,0
1320,Industrials,0.3946,1.12,0.0116,0.64,0.4107,0
1321,Industrials,0.6797,1.69,0.0484,1.39,0.15,0
1322,Industrials,0.3863,1.77,0.0677,1.22,0.4043,0
1323,Energy,0.1879,9.03,0.0193,0.8,0.5452,0
1324,Industrials,0.3805,-1.85,0.0529,1.14,0.15,0
1325,Finance,0.5509,1.97,0.059,1.09,0.15,0
1326,Finance,0.155,-0.13,0.1604,1.4,0.3634,0
1327,Tech,0.458,14.9,0.0732,2.38,0.15,0
1328,Energy,0.3306,9.82,0.0065,0.71,0.5077,0
1329,Retail,0.7542,7.58,0.131,1.04,0.4094,0
1330,Industrials,0.4827,5.25,0.082,1.08,0.2622,0
1331,Retail,0.6834,7.93,0.1071,1.32,0.2917,0
1332,Energy,0.1871,-1.68,0.0838,1.21,0.4262,0
1333,Industrials,0.4406,5.38,0.0605,1.39,0.2347,0
1334,Industrials,0.5978,0.48,0.0619,1.02,0.4073,0
1335,Industrials,0.4878,1.71,0.0723,0.63,0.2386,0
1336,Retail,0.3897,-4.1,0.023,1.89,0.5076,0
1337,Retail,0.582,3.2,0.159,2.51,0.459,0
1338,Energy,0.3691,7.92,0.1,2.68,0.1636,0
1339,Retail,0.2932,8.96,-0.0511,1.55,0.6,1
1340,Tech,0.3083,2.75,-0.1691,2.01,0.1985,0
1341,Industrials,0.4421,0.53,0.0573,1.49,0.3857,0
1342,Energy,0.352,3.19,0.056,0.54,0.2208,0
1343,Industrials,0.2367,2.31,-0.0166,1.27,0.15,0
1344,Energy,0.5869,3.94,0.0403,0.89,0.6,1
1345,Energy,0.2301,9.13,-0.1402,2.42,0.1747,0
1346,Finance,0.3958,-4.13,0.1251,1.58,0.3779,0
1347,Industrials,0.2404,3.76,-0.1296,1.69,0.3674,0
1348,Tech,0.3101,7.55,0.0412,0.59,0.3701,0
1349,Tech,0.3601,15.0,0.0438,0.65,0.15,0
1350,Industrials,0.6401,7.23,0.0931,0.77,0.1613,0
1351,Industrials,0.4723,3.39,0.0704,3.0,0.2279,0
1352,Tech,0.397,3.51,0.1159,2.44,0.6,0
1353,Industrials,0.3118,2.78,0.1622,1.88,0.3385,0
1354,Tech,0.1872,2.8,0.0674,0.77,0.3053,0
1355,Finance,0.2992,4.7,0.1405,1.19,0.2391,0
1356,Retail,0.2963,15.0,0.0366,0.85,0.6,0
1357,Finance,0.1905,8.29,0.0531,0.97,0.15,0
1358,Industrials,0.7207,6.74,-0.1701,0.49,0.5883,1
1359,Finance,0.3788,3.29,-0.1892,1.84,0.3475,0
1360,Retail,0.3657,2.56,0.0063,1.54,0.2786,0
1361,Retail,0.4731,1.82,0.0903,1.25,0.5232,0
1362,Retail,0.4498,6.73,0.0884,1.13,0.6,0
1363,Energy,0.4094,5.07,0.0482,2.17,0.6,0
1364,Tech,0.5556,0.27,0.1143,1.29,0.15,1
1365,Energy,0.4938,7.62,0.0053,1.79,0.6,0
1366,Finance,0.586,4.33,0.1753,0.76,0.4305,0
1367,Finance,0.4347,1.77,0.0359,1.04,0.1889,0
1368,Finance,0.2256,1.92,0.0179,2.89,0.4477,0
1369,Industrials,0.3964,2.52,0.0842,2.22,0.2911,0
1370,Industrials,0.3034,11.73,0.0717,2.09,0.3667,0
1371,Retail,0.6835,1.97,0.1173,1.06,0.2157,0
1372,Energy,0.3626,-0.36,0.0505,1.58,0.6,0
1373,Tech,0.3157,14.35,0.0043,2.8,0.15,0
1374,Finance,0.4947,1.81,-0.1476,2.63,0.2044,1
1375,Retail,0.3639,6.97,-0.1706,1.52,0.2625,0
1376,Retail,0.2876,2.04,-0.1255,1.7,0.304,0
1377,Industrials,0.4623,4.03,0.0619,0.81,0.15,0
1378,Finance,0.3937,2.49,0.0791,1.38,0.15,0
1379,Tech,0.4596,11.03,0.0712,1.07,0.4625,0
1380,Tech,0.2282,4.07,0.0341,2.3,0.15,0
1381,Finance,0.5499,-0.25,0.0172,0.71,0.1915,0
1382,Energy,0.2558,9.27,0.0904,0.94,0.5913,0
1383,Finance,0.1556,-3.68,0.0411,1.84,0.4226,0
1384,Finance,0.569,5.32,0.0631,2.24,0.3217,0
1385,Industrials,0.265,-4.94,0.1083,1.48,0.15,0
1386,Energy,0.3158,5.65,-0.0718,1.05,0.15,0
1387,Finance,0.4038,0.58,0.0702,1.43,0.15,0
1388,Energy,0.3281,-1.3,0.0603,1.43,0.5801,0
1389,Industrials,0.4083,7.75,0.0201,0.87,0.4054,0
1390,Finance,0.2656,4.94,-0.2033,0.93,0.6,0
1391,Finance,0.5783,11.6,0.0339,1.71,0.2524,0
1392,Tech,0.225,3.99,-0.2098,3.0,0.5087,0
1393,Tech,0.4567,5.94,0.0283,0.79,0.15,0
1394,Energy,0.4192,-3.49,0.0995,1.28,0.15,0
1395,Energy,0.5816,3.38,0.0754,0.84,0.5077,0
1396,Tech,0.2794,7.19,0.0761,1.17,0.4376,0
1397,Energy,0.2165,11.52,0.0203,0.65,0.4727,0
1398,Industrials,0.5574,15.0,0.0929,0.73,0.3448,0
1399,Industrials,0.4635,13.94,0.1416,1.94,0.2135,0
1400,Retail,0.2171,14.33,0.0407,1.15,0.15,0
1401,Retail,0.7378,6.82,0.0763,1.03,0.6,1
1402,Industrials,0.4603,15.0,0.1357,0.82,0.269,0
1403,Tech,0.1454,2.28,0.1461,2.66,0.6,0
1404,Finance,0.3805,5.1,0.0755,2.7,0.2759,0
1405,Energy,0.4172,4.03,0.1491,2.85,0.2116,0
1406,Tech,0.7648,2.57,0.0299,0.7,0.2695,0
1407,Retail,0.2869,2.71,0.0556,1.83,0.3133,0
1408,Energy,0.2738,-3.48,-0.0427,0.49,0.3636,1
1409,Energy,0.4847,-1.9,0.0825,2.43,0.4193,0
1410,Energy,0.4799,-3.1,0.0835,1.97,0.15,0
1411,Finance,0.4386,5.07,0.036,1.11,0.6,0
1412,Tech,0.4032,-1.94,-0.1626,0.41,0.3273,1
1413,Industrials,0.4359,1.92,0.0431,0.71,0.2359,0
1414,Industrials,0.3362,1.99,0.1615,0.49,0.1686,0
1415,Retail,0.6778,-2.38,0.0457,0.67,0.6,1
1416,Retail,0.4631,9.89,0.1102,0.31,0.2038,0
1417,Tech,0.4959,5.2,0.0666,0.7,0.15,0
1418,Tech,0.1501,7.19,0.0022,1.26,0.15,0
1419,Retail,0.2366,3.31,0.0714,2.55,0.6,0
1420,Retail,0.5688,4.27,0.0639,2.82,0.15,0
1421,Finance,0.3545,7.25,0.1461,1.37,0.15,0
1422,Energy,0.402,12.17,0.1103,0.89,0.3123,0
1423,Tech,0.6621,3.42,0.0425,1.83,0.15,1
1424,Tech,0.6284,1.25,0.0494,2.73,0.2579,1
1425,Industrials,0.4132,6.13,0.0738,2.85,0.3093,0
1426,Energy,0.2982,0.94,0.0766,0.98,0.6,0
1427,Energy,0.2779,9.54,0.1065,2.77,0.6,0
1428,Industrials,0.496,2.83,0.0996,0.98,0.6,0
1429,Industrials,0.3349,2.7,0.059,3.0,0.15,0
1430,Retail,0.1654,1.63,0.0379,1.03,0.5299,0
1431,Energy,0.5153,2.16,0.1103,3.0,0.3005,0
1432,Industrials,0.655,5.85,0.0111,1.49,0.2179,0
1433,Tech,0.4779,13.74,0.1299,0.68,0.3052,0
1434,Tech,0.438,4.57,0.0501,2.15,0.15,0
1435,Retail,0.3581,6.88,-0.1172,1.51,0.6,0
1436,Industrials,0.588,9.54,0.1478,0.95,0.324,0
1437,Tech,0.3605,-3.55,0.0378,1.14,0.1876,0
1438,Finance,0.3019,-4.64,0.012,1.86,0.15,0
1439,Retail,0.4986,1.06,0.0257,0.78,0.15,0
1440,Industrials,0.6871,-3.23,0.0926,0.77,0.15,0
1441,Retail,0.2708,-2.91,0.0264,1.73,0.2787,1
1442,Retail,0.5576,1.88,0.0638,1.11,0.6,1
1443,Energy,0.4972,-4.19,0.1498,1.91,0.6,1
1444,Energy,0.6894,6.21,0.0522,0.74,0.2681,0
1445,Finance,0.3793,2.73,0.0659,1.02,0.15,0
1446,Industrials,0.4749,15.0,0.0299,2.54,0.3053,0
1447,Tech,0.6052,1.25,0.0331,0.92,0.4075,1
1448,Retail,0.3653,4.07,0.0256,1.13,0.15,0
1449,Industrials,0.4474,2.04,0.0238,0.86,0.15,0
1450,Industrials,0.4723,3.59,0.0398,2.17,0.1739,0
1451,Finance,0.4261,12.19,0.0514,1.81,0.15,0
1452,Tech,0.5472,11.28,0.0899,2.01,0.1992,0
1453,Industrials,0.7372,4.02,0.1254,1.53,0.5649,0
1454,Finance,0.2226,8.96,0.0613,2.61,0.6,0
1455,Energy,0.1854,1.09,0.1054,0.89,0.6,0
1456,Industrials,0.8981,2.78,0.1173,1.65,0.2362,0
1457,Retail,0.5855,1.8,0.0373,2.48,0.6,1
1458,Energy,0.7255,3.14,0.0945,1.23,0.6,0
1459,Finance,0.5383,4.49,0.0105,0.6,0.2712,0
1460,Tech,0.3591,9.39,0.0195,2.07,0.15,0
1461,Energy,0.816,-1.28,0.1057,2.06,0.15,0
1462,Energy,0.3829,2.3,0.117,1.76,0.43,0
1463,Finance,0.1913,-2.41,0.1039,1.06,0.15,0
1464,Retail,0.4144,6.86,0.1093,0.93,0.3,0
1465,Energy,0.4569,3.94,0.084,0.9,0.3856,0
1466,Energy,0.3138,4.44,0.0896,2.17,0.5989,0
1467,Energy,0.5878,5.15,0.0166,1.17,0.3292,1
1468,Energy,0.6742,5.63,0.055,0.97,0.4754,0
1469,Energy,0.2311,1.92,0.0304,2.0,0.3253,0
1470,Finance,0.4906,6.83,-0.1012,0.79,0.15,0
1471,Energy,0.788,3.42,0.0565,2.65,0.5985,0
1472,Retail,0.5697,4.23,-0.1072,2.58,0.1791,0
1473,Finance,0.4726,15.0,0.0326,1.48,0.5167,0
1474,Finance,0.1931,3.52,-0.1432,1.0,0.15,0
1475,Finance,0.5643,15.0,0.2183,2.33,0.15,0
1476,Energy,0.3628,5.9,0.0729,0.5,0.2364,0
1477,Retail,0.7511,2.17,0.0188,1.66,0.4308,0
1478,Finance,0.2861,0.81,0.0629,1.02,0.3845,0
1479,Finance,0.8237,6.52,0.0718,1.99,0.15,0
1480,Energy,0.4713,5.09,0.129,1.0,0.15,0
1481,Finance,0.2631,5.29,0.0483,1.16,0.1888,0
1482,Finance,0.6435,2.18,0.1318,1.19,0.1967,0
1483,Retail,0.524,4.45,0.0105,1.86,0.15,0
1484,Energy,0.2318,6.19,0.0308,0.4,0.4055,0
1485,Industrials,0.5045,-0.73,-0.1073,1.02,0.2745,1
1486,Tech,0.5979,5.58,0.0239,0.68,0.6,0
1487,Tech,0.2707,9.37,0.0529,0.75,0.4314,0
1488,Energy,0.2202,14.89,0.0941,1.16,0.6,0
1489,Retail,0.36,6.78,0.1064,1.93,0.15,0
1490,Retail,0.3995,5.19,0.1006,1.29,0.331,0
1491,Tech,0.2927,5.97,-0.1977,0.73,0.2918,1
1492,Finance,0.8172,8.82,0.0999,0.83,0.15,0
1493,Energy,0.6722,7.89,0.0583,0.78,0.2872,0
1494,Retail,0.2225,3.09,-0.0409,1.44,0.1633,0
1495,Industrials,0.4174,2.5,-0.1159,1.75,0.15,0
1496,Industrials,0.1411,3.41,0.0503,0.87,0.15,0
1497,Industrials,0.4605,1.64,0.1204,0.79,0.15,0
1498,Finance,0.1408,1.42,0.1571,0.89,0.15,0
1499,Industrials,0.2935,5.33,0.0922,0.82,0.1653,0
1500,Energy,0.2957,5.02,0.0177,2.24,0.2691,0
1501,Tech,0.5178,3.26,0.0919,2.61,0.6,0
1502,Finance,0.8947,6.37,-0.0311,1.72,0.2011,0
1503,Tech,0.1591,8.18,0.0624,1.44,0.3966,0
1504,Industrials,0.4808,15.0,0.111,1.7,0.376,0
1505,Finance,0.4066,4.75,0.0188,2.87,0.443,0
1506,Industrials,0.6706,-4.5,0.0587,2.43,0.3866,0
1507,Retail,0.483,-3.74,-0.0636,1.69,0.3399,0
1508,Industrials,0.4815,8.23,0.0144,2.47,0.2107,0
1509,Finance,0.2405,9.19,0.0786,1.73,0.6,0
1510,Industrials,0.8691,2.76,0.0889,2.52,0.15,0
1511,Finance,0.6073,3.41,0.0321,1.1,0.4423,0
1512,Finance,0.4164,-3.21,0.0509,1.17,0.1881,0
1513,Retail,0.4371,6.68,0.1463,0.51,0.15,0
1514,Industrials,0.6697,1.74,0.125,1.49,0.4398,1
1515,Tech,0.3866,9.08,0.0449,1.2,0.6,0
1516,Retail,0.6221,1.32,-0.1386,1.14,0.2509,1
1517,Energy,0.4336,15.0,0.0281,1.17,0.15,0
1518,Industrials,0.3725,10.38,0.035,1.59,0.1843,0
1519,Energy,0.5409,2.62,0.0475,1.16,0.2999,0
1520,Retail,0.8076,4.3,0.0783,1.51,0.3176,0
1521,Finance,0.2022,-1.21,0.081,0.84,0.2378,0
1522,Retail,0.5237,2.07,0.1302,0.63,0.2887,0
1523,Tech,0.3751,4.83,0.0713,1.16,0.15,0
1524,Retail,0.1851,15.0,0.0758,1.38,0.6,0
1525,Tech,0.6387,2.53,0.0152,0.8,0.1901,0
1526,Finance,0.5985,8.43,0.0676,0.8,0.3736,0
1527,Retail,0.4529,7.34,-0.2355,0.75,0.3106,0
1528,Tech,0.388,3.62,0.1475,1.38,0.15,0
1529,Energy,0.1894,4.53,0.1006,0.75,0.6,0
1530,Finance,0.5705,5.54,0.0278,0.92,0.3166,0
1531,Energy,0.3819,5.37,0.0473,1.31,0.6,0
1532,Energy,0.3757,3.36,0.0185,2.39,0.4286,0
1533,Finance,0.6183,5.7,0.0904,2.86,0.15,0
1534,Energy,0.2596,15.0,0.0558,1.02,0.1717,0
1535,Retail,0.433,3.92,0.0344,2.52,0.4989,0
1536,Retail,0.4292,3.83,0.1194,0.85,0.3835,0
1537,Industrials,0.4489,1.25,0.0906,0.86,0.15,0
1538,Industrials,0.4369,5.4,0.0512,1.93,0.2063,0
1539,Tech,0.3382,15.0,0.034,1.74,0.246,0
1540,Finance,0.3492,0.7,0.0632,3.0,0.4013,0
1541,Industrials,0.4654,3.06,0.0444,1.85,0.2307,0
1542,Finance,0.5704,4.89,-0.2369,1.84,0.2677,0
1543,Industrials,0.6971,2.83,0.0644,1.41,0.199,0
1544,Tech,0.4874,3.03,0.057,0.78,0.2969,0
1545,Industrials,0.5461,4.0,0.0396,1.76,0.3631,0
1546,Finance,0.3732,4.21,0.0229,1.74,0.2081,0
1547,Retail,0.3962,11.72,0.0725,1.74,0.3389,0
1548,Finance,0.3068,2.46,0.0422,1.17,0.6,0
1549,Retail,0.7565,8.57,0.0451,0.45,0.2969,0
1550,Tech,0.5938,2.35,0.1357,0.98,0.15,0
1551,Tech,0.4261,-3.8,0.0792,1.71,0.1568,0
1552,Retail,0.4597,2.36,0.0518,1.27,0.2782,0
1553,Retail,0.2857,9.81,0.0251,1.0,0.15,0
1554,Retail,0.7503,2.5,0.1121,0.82,0.466,0
1555,Industrials,0.1802,-4.15,0.0428,0.77,0.1672,0
1556,Retail,0.3735,5.01,0.0697,0.94,0.3065,0
1557,Retail,0.6906,-1.6,0.0666,2.33,0.2577,1
1558,Industrials,0.5893,10.21,0.031,2.53,0.6,0
1559,Finance,0.6238,2.76,0.1258,0.79,0.5218,0
1560,Energy,0.647,4.99,0.0437,1.9,0.15,0
1561,Industrials,0.4524,4.23,0.0257,1.62,0.2452,0
1562,Energy,0.4707,-4.03,0.0302,1.42,0.187,0
1563,Energy,0.7858,3.35,0.1076,2.71,0.15,0
1564,Energy,0.7328,-4.7,0.1087,1.14,0.505,1
1565,Energy,0.3298,1.24,0.0466,3.0,0.6,0
1566,Industrials,0.4335,-0.52,0.0352,0.8,0.3093,0
1567,Finance,0.4157,3.01,0.0171,0.62,0.3627,0
1568,Industrials,0.3454,1.3,0.037,1.04,0.15,0
1569,Tech,0.6842,8.82,0.0437,1.45,0.5384,0
1570,Tech,0.5926,4.31,0.025,1.31,0.2509,0
1571,Tech,0.5304,5.79,0.1503,1.37,0.5379,0
1572,Finance,0.2218,5.91,-0.1572,3.0,0.15,0
1573,Retail,0.3191,10.0,0.0477,1.1,0.1553,0
1574,Finance,0.184,2.43,0.0426,1.2,0.15,0
1575,Energy,0.27,-1.29,-0.1237,1.14,0.15,0
1576,Energy,0.3833,1.45,0.052,2.2,0.15,0
1577,Finance,0.8032,1.36,0.0846,0.83,0.2413,1
1578,Tech,0.5288,8.36,0.1807,2.02,0.15,0
1579,Tech,0.5561,2.12,0.0619,2.28,0.3922,0
1580,Energy,0.585,-2.78,0.159,1.13,0.6,0
1581,Tech,0.4964,4.86,0.0515,0.78,0.4991,0
1582,Retail,0.4678,5.13,0.0834,1.04,0.4629,0
1583,Industrials,0.7379,8.07,0.0087,0.75,0.2344,0
1584,Finance,0.512,3.24,0.0633,0.95,0.4515,0
1585,Finance,0.765,0.8,0.0766,0.91,0.15,0
1586,Energy,0.2398,-4.83,0.0426,1.82,0.15,0
1587,Finance,0.8801,-2.2,-0.0891,0.35,0.15,1
1588,Energy,0.602,8.84,0.0946,0.31,0.1836,0
1589,Energy,0.3582,3.82,0.0843,1.6,0.6,0
1590,Energy,0.5439,4.39,0.0615,1.35,0.6,0
1591,Finance,0.1642,4.84,0.016,1.12,0.3093,0
1592,Tech,0.1889,-3.48,0.1258,1.73,0.15,0
1593,Energy,0.4452,1.53,0.0819,0.92,0.15,0
1594,Retail,0.447,4.16,0.0808,1.75,0.15,0
1595,Tech,0.406,-1.76,0.0235,0.94,0.2184,0
1596,Energy,0.4299,4.05,0.1321,0.69,0.4065,0
1597,Retail,0.5227,0.99,0.13,0.93,0.3722,0
1598,Retail,0.7928,15.0,0.0665,0.79,0.6,0
1599,Tech,0.361,-1.28,0.0947,1.46,0.222,0
1600,Retail,0.3482,14.07,0.0176,1.82,0.15,0
1601,Retail,0.4537,1.94,0.053,1.08,0.6,1
1602,Finance,0.2617,-0.55,-0.112,0.78,0.6,1
1603,Energy,0.205,7.79,0.0272,0.82,0.15,0
1604,Tech,0.59,-0.56,0.1128,2.28,0.4879,0
1605,Finance,0.5973,1.17,0.0749,1.82,0.4894,0
1606,Tech,0.5634,15.0,0.0443,1.31,0.15,0
1607,Retail,0.2554,1.33,0.0613,2.37,0.6,0
1608,Tech,0.3539,2.09,0.0588,0.66,0.6,0
1609,Retail,0.4258,4.23,0.1251,1.79,0.15,0
1610,Retail,0.3701,5.23,0.0557,0.79,0.4344,0
1611,Industrials,0.4454,5.86,0.1545,1.27,0.15,0
1612,Finance,0.5064,7.39,0.0159,2.52,0.15,0
1613,Industrials,0.5399,3.77,0.0719,1.31,0.6,0
1614,Finance,0.5748,1.78,0.0318,2.73,0.3718,0
1615,Energy,0.6626,2.2,0.1218,1.45,0.15,0
1616,Finance,0.6342,7.12,-0.0426,1.55,0.15,0
1617,Finance,0.5096,4.36,0.0215,2.17,0.15,0
1618,Industrials,0.5797,3.31,-0.2462,1.32,0.3787,1
1619,Tech,0.2475,3.35,0.0423,1.94,0.5496,1
1620,Tech,0.1871,5.03,0.0744,0.88,0.15,0
1621,Finance,0.3962,2.72,0.0817,1.87,0.589,0
1622,Finance,0.6814,4.09,0.1027,1.25,0.15,1
1623,Energy,0.3744,6.13,0.1519,1.13,0.515,0
1624,Finance,0.4297,2.48,0.0753,1.6,0.15,0
1625,Energy,0.6035,-4.82,0.0322,1.73,0.5442,1
1626,Energy,0.3758,4.39,0.0954,1.18,0.15,0
1627,Energy,0.2617,6.17,0.0359,1.3,0.4004,0
1628,Finance,0.4005,6.37,-0.0825,1.91,0.3979,0
1629,Retail,0.3451,2.44,0.0867,0.6,0.4126,1
1630,Tech,0.3592,12.54,0.0339,1.82,0.308,0
1631,Tech,0.4789,2.9,0.0872,2.73,0.15,0
1632,Tech,0.5215,-4.93,0.0139,1.42,0.3037,0
1633,Retail,0.5922,2.27,0.104,0.74,0.392,0
1634,Industrials,0.401,9.16,0.116,1.11,0.15,0
1635,Industrials,0.3555,7.27,0.0212,1.17,0.15,0
1636,Finance,0.2299,-1.52,0.0516,2.29,0.15,0
1637,Finance,0.3671,2.22,0.0428,1.38,0.1676,0
1638,Retail,0.5874,0.74,0.0574,1.89,0.2997,1
1639,Finance,0.6563,-3.58,-0.2251,2.19,0.4024,1
1640,Tech,0.2657,5.83,0.0699,0.73,0.4877,0
1641,Retail,0.7172,1.45,0.0225,0.64,0.2344,0
1642,Retail,0.6946,7.6,0.0902,1.04,0.15,0
1643,Tech,0.6438,3.77,0.0794,1.29,0.2781,0
1644,Finance,0.335,3.56,0.098,1.34,0.2312,0
1645,Tech,0.3038,7.29,0.0658,1.96,0.6,0
1646,Energy,0.3061,4.13,-0.1393,0.75,0.15,0
1647,Tech,0.4955,3.17,0.0697,1.07,0.4569,0
1648,Industrials,0.4915,4.34,0.0568,1.93,0.4279,0
1649,Retail,0.2274,11.77,0.032,1.88,0.15,0
1650,Finance,0.4296,6.61,0.0383,0.88,0.4893,0
1651,Retail,0.4916,8.14,0.0524,1.44,0.15,0
1652,Industrials,0.3122,7.82,0.0594,0.92,0.3456,0
1653,Tech,0.245,3.82,0.101,0.73,0.2498,0
1654,Tech,0.7661,3.37,0.0337,1.53,0.5031,0
1655,Energy,0.6812,9.02,0.0549,0.44,0.6,0
1656,Energy,0.3084,3.07,0.0434,1.53,0.15,0
1657,Energy,0.5447,-1.0,0.0276,0.99,0.4029,1
1658,Finance,0.3423,14.99,0.035,1.68,0.1657,0
1659,Industrials,0.4122,4.94,-0.1533,0.49,0.3175,0
1660,Retail,0.2926,6.36,0.0879,0.77,0.1717,0
1661,Finance,0.2412,5.62,0.15,1.82,0.5846,0
1662,Retail,0.5881,11.92,0.0258,0.75,0.3794,1
1663,Finance,0.2332,8.7,0.0682,0.75,0.3407,0
1664,Retail,0.2114,14.38,0.0466,2.07,0.5531,0
1665,Industrials,0.6016,3.88,0.0213,0.51,0.15,0
1666,Retail,0.7412,3.44,0.027,2.15,0.6,0
1667,Tech,0.4383,-0.22,0.0799,1.92,0.2065,0
1668,Industrials,0.4782,4.2,0.0372,0.62,0.2809,0
1669,Finance,0.2851,2.09,0.1029,3.0,0.1515,0
1670,Industrials,0.5032,2.81,0.124,1.36,0.476,0
1671,Retail,0.4989,15.0,0.0642,0.83,0.6,0
1672,Finance,0.336,11.54,-0.1791,1.1,0.4765,0
1673,Industrials,0.3961,-2.45,0.0873,1.51,0.3385,0
1674,Tech,0.7437,5.11,0.1551,1.22,0.2403,0
1675,Tech,0.5661,10.37,0.0277,0.88,0.6,0
1676,Finance,0.6151,3.45,0.1796,1.8,0.6,0
1677,Energy,0.5452,10.81,0.0452,3.0,0.3992,0
1678,Industrials,0.4164,10.93,0.1469,0.94,0.167,0
1679,Finance,0.1364,4.26,0.071,1.3,0.435,0
1680,Industrials,0.625,-1.84,0.0406,0.61,0.15,0
1681,Energy,0.2828,2.34,0.0633,0.67,0.6,0
1682,Tech,0.7852,8.41,0.112,2.32,0.3325,0
1683,Energy,0.3509,5.31,0.0615,0.77,0.15,0
1684,Industrials,0.4493,8.89,0.1613,1.75,0.6,0
1685,Industrials,0.5517,1.97,0.0565,1.74,0.5018,0
1686,Energy,0.2938,1.0,0.1017,0.74,0.15,0
1687,Energy,0.5109,1.13,-0.0286,0.86,0.4901,1
1688,Industrials,0.1346,5.09,0.0445,0.98,0.2668,0
1689,Tech,0.5534,14.11,0.0601,1.88,0.4981,0
1690,Industrials,0.6193,3.92,0.0469,1.46,0.15,0
1691,Industrials,0.6112,3.13,-0.0129,0.89,0.2045,0
1692,Finance,0.3793,3.55,-0.0943,2.25,0.6,0
1693,Finance,0.5695,1.67,0.0479,1.34,0.15,0
1694,Retail,0.4566,3.85,0.0811,1.53,0.2326,0
1695,Finance,0.4898,1.17,0.0688,0.54,0.3407,1
1696,Tech,0.1853,3.33,0.0168,1.84,0.3252,0
1697,Finance,0.2171,1.89,0.0261,2.56,0.2722,0
1698,Industrials,0.3029,1.8,0.0401,1.23,0.1645,0
1699,Energy,0.3746,6.25,0.0846,0.93,0.5431,0
1700,Industrials,0.6281,-1.22,-0.1045,0.67,0.2693,1
1701,Finance,0.269,1.84,0.0368,0.72,0.2176,0
1702,Retail,0.1561,4.5,0.0852,0.95,0.1647,0
1703,Tech,0.6503,5.47,-0.0339,1.46,0.3173,0
1704,Energy,0.5337,2.08,0.0301,0.72,0.15,0
1705,Tech,0.4748,2.89,0.0457,2.24,0.2935,0
1706,Tech,0.4278,3.04,0.0815,1.6,0.4827,0
1707,Retail,0.3994,1.99,-0.1948,2.36,0.15,0
1708,Finance,0.4117,-0.09,0.0405,1.17,0.2168,0
1709,Industrials,0.6848,7.62,0.1011,1.41,0.2722,0
1710,Retail,0.7542,-2.13,0.0112,0.75,0.2719,0
1711,Retail,0.4273,13.87,0.0192,1.53,0.15,0
1712,Energy,0.3489,4.49,0.0756,1.71,0.6,0
1713,Energy,0.4945,4.19,0.1221,1.83,0.4589,0
1714,Finance,0.33,1.33,0.1748,2.23,0.5693,0
1715,Energy,0.4809,4.94,-0.0909,1.59,0.1679,0
1716,Industrials,0.381,3.04,0.157,0.74,0.1963,0
1717,Finance,0.634,7.11,0.0346,2.28,0.15,0
1718,Retail,0.163,1.29,0.0626,1.02,0.3432,0
1719,Retail,0.5996,9.42,0.0443,0.76,0.3682,0
1720,Tech,0.3313,5.47,0.0806,1.47,0.2788,0
1721,Energy,0.3362,4.68,0.0807,2.06,0.15,0
1722,Tech,0.2738,6.65,0.1292,1.74,0.4594,0
1723,Tech,0.4071,0.74,0.1217,1.09,0.5634,0
1724,Energy,0.3289,4.41,0.1482,1.4,0.15,0
1725,Energy,0.4357,-0.42,0.0254,0.66,0.3698,0
1726,Finance,0.4411,3.18,0.0931,1.2,0.4059,0
1727,Industrials,0.4496,1.15,0.1098,1.54,0.6,0
1728,Finance,0.5389,-3.23,0.062,1.81,0.3664,0
1729,Tech,0.2513,2.13,0.101,0.91,0.5608,0
1730,Tech,0.453,5.35,0.0891,1.72,0.4464,0
1731,Energy,0.5994,3.09,0.101,0.73,0.6,0
1732,Energy,0.4529,0.45,0.0972,1.55,0.22,0
1733,Energy,0.2772,1.38,0.1481,1.3,0.4913,1
1734,Retail,0.6695,5.48,0.0689,0.9,0.15,0
1735,Finance,0.2955,4.34,0.0655,0.96,0.6,0
1736,Energy,0.2098,5.4,0.0903,1.75,0.3804,0
1737,Industrials,0.5075,6.89,0.1551,2.58,0.2921,0
1738,Energy,0.5926,0.15,-0.2169,2.15,0.3848,1
1739,Retail,0.5124,-1.2,-0.1814,0.94,0.15,1
1740,Tech,0.4636,1.34,-0.0208,0.81,0.2854,1
1741,Industrials,0.1739,5.68,0.0263,1.62,0.15,0
1742,Finance,0.3514,11.44,0.0417,1.93,0.2328,0
1743,Retail,0.1852,15.0,0.0207,0.6,0.2295,0
1744,Energy,0.2576,1.39,0.0244,2.28,0.4098,0
1745,Retail,0.3427,6.31,0.0661,0.63,0.2168,0
1746,Tech,0.4822,6.57,0.1321,0.93,0.15,0
1747,Industrials,0.3214,6.96,0.1176,0.98,0.15,0
1748,Energy,0.2422,6.3,0.0481,1.09,0.15,0
1749,Finance,0.2985,4.5,0.1865,1.74,0.3681,0
1750,Retail,0.2902,4.41,-0.2246,1.91,0.5588,1
1751,Retail,0.477,7.59,0.0147,0.6,0.3587,0
1752,Tech,0.4138,13.54,0.12,1.29,0.2335,0
1753,Industrials,0.6951,0.33,-0.0101,2.28,0.2078,1
1754,Energy,0.5772,4.33,0.0685,1.79,0.4013,0
1755,Tech,0.7086,2.54,0.0204,2.22,0.2876,1
1756,Energy,0.2533,-3.64,0.0786,1.33,0.2588,0
1757,Finance,0.7548,10.34,0.0675,0.95,0.6,0
1758,Finance,0.5748,-3.97,0.0665,2.61,0.5863,0
1759,Retail,0.645,1.68,0.0185,0.71,0.2092,1
1760,Energy,0.6482,7.41,0.0218,0.64,0.4373,1
1761,Finance,0.4315,3.86,0.0518,2.18,0.2932,0
1762,Energy,0.3933,12.25,0.0765,1.69,0.1585,0
1763,Finance,0.4767,13.87,0.0715,1.87,0.2096,0
1764,Tech,0.2128,11.14,0.0336,1.25,0.2017,0
1765,Industrials,0.2163,-4.25,-0.0458,0.54,0.15,0
1766,Finance,0.2433,2.25,0.0469,1.17,0.1806,0
1767,Finance,0.4605,8.34,0.024,1.44,0.2663,0
1768,Industrials,0.5923,2.36,0.0645,0.91,0.15,0
1769,Finance,0.467,4.87,0.0844,0.88,0.1744,0
1770,Tech,0.2667,0.82,0.0741,0.77,0.265,0
1771,Energy,0.4744,15.0,0.0213,1.63,0.2515,0
1772,Energy,0.2146,3.29,0.1471,1.25,0.6,0
1773,Industrials,0.3838,0.68,0.058,1.17,0.1755,0
1774,Energy,0.2202,2.64,0.0268,1.42,0.1982,0
1775,Tech,0.4219,3.92,0.0315,0.75,0.1695,0
1776,Tech,0.3898,2.91,0.035,0.52,0.3453,0
1777,Retail,0.4793,5.64,0.0527,0.99,0.1795,1
1778,Finance,0.6004,-0.23,0.037,0.61,0.6,1
1779,Tech,0.3327,-1.14,0.029,1.21,0.2863,0
1780,Finance,0.408,2.02,-0.1325,1.98,0.2559,0
1781,Finance,0.2681,5.5,0.1023,0.96,0.2085,0
1782,Energy,0.485,2.76,0.0489,0.63,0.4533,1
1783,Industrials,0.3243,4.78,0.0471,1.58,0.3815,0
1784,Finance,0.533,0.66,0.0503,1.44,0.15,0
1785,Energy,0.5353,-4.48,0.0265,1.96,0.15,0
1786,Tech,0.8301,3.06,0.0142,2.59,0.5703,1
1787,Energy,0.7207,1.88,0.064,1.08,0.6,1
1788,Industrials,0.1341,1.56,0.0882,0.69,0.2996,0
1789,Retail,0.3716,3.24,0.034,0.63,0.6,0
1790,Energy,0.5332,3.59,0.1082,1.63,0.6,0
1791,Energy,0.4333,5.96,0.0743,0.62,0.15,0
1792,Energy,0.4557,3.4,0.0451,0.77,0.2953,0
1793,Finance,0.5868,3.4,0.0258,0.8,0.3551,0
1794,Energy,0.2809,9.14,0.0905,1.19,0.15,0
1795,Finance,0.5451,3.13,0.0673,0.58,0.1951,0
1796,Finance,0.5071,0.88,0.1476,0.72,0.2861,0
1797,Tech,0.5247,4.64,0.0674,1.09,0.1549,0
1798,Industrials,0.1702,4.11,0.1022,1.89,0.15,0
1799,Retail,0.3083,11.06,0.0306,0.91,0.472,0
1800,Retail,0.3407,2.6,0.0387,2.77,0.3243,0
1801,Retail,0.5562,6.51,0.0496,2.52,0.4552,0
1802,Finance,0.3213,15.0,0.0508,0.77,0.15,0
1803,Tech,0.5454,1.98,-0.1703,0.63,0.3839,0
1804,Industrials,0.2688,4.18,0.1411,1.27,0.4723,0
1805,Retail,0.5213,6.09,0.0925,1.98,0.15,0
1806,Energy,0.2115,6.16,0.0655,0.68,0.315,0
1807,Energy,0.5173,4.73,-0.1325,1.3,0.3392,1
1808,Industrials,0.6398,9.35,-0.1414,1.34,0.5071,0
1809,Tech,0.1695,4.59,0.0821,1.97,0.3633,0
1810,Retail,0.5049,3.29,0.0304,1.89,0.6,0
1811,Tech,0.6058,3.55,0.0519,3.0,0.15,0
1812,Tech,0.3513,3.62,0.0516,0.6,0.5048,0
1813,Finance,0.4893,3.95,-0.1004,0.76,0.5059,0
1814,Retail,0.7993,4.95,0.0973,1.46,0.6,0
1815,Tech,0.5423,-2.53,0.1068,1.1,0.1792,0
1816,Industrials,0.2843,9.72,0.1006,1.79,0.3252,0
1817,Retail,0.6578,5.96,0.1139,2.21,0.4672,0
1818,Finance,0.4997,-1.33,-0.0795,0.8,0.15,0
1819,Tech,0.7096,4.78,-0.0797,0.81,0.151,0
1820,Energy,0.6658,-3.82,0.0895,1.74,0.2375,1
1821,Tech,0.4105,5.38,0.0763,1.55,0.15,0
1822,Retail,0.5253,-3.17,0.1549,1.74,0.4037,0
1823,Industrials,0.4621,15.0,0.0504,0.68,0.15,0
1824,Industrials,0.463,7.8,-0.1758,2.1,0.1827,0
1825,Tech,0.2672,2.69,0.0545,1.44,0.1967,0
1826,Industrials,0.5534,5.76,0.0407,1.45,0.15,0
1827,Retail,0.1458,1.05,0.0526,0.61,0.2358,0
1828,Tech,0.5773,5.08,0.0293,0.41,0.3043,0
1829,Retail,0.1511,1.48,0.0494,1.31,0.2413,0
1830,Tech,0.3054,6.14,-0.213,1.19,0.15,0
1831,Tech,0.3287,2.12,0.0495,2.46,0.1698,0
1832,Finance,0.4295,7.96,0.0587,1.52,0.1551,0
1833,Tech,0.1746,1.38,0.1016,0.63,0.15,0
1834,Tech,0.5877,2.25,0.0149,1.79,0.4446,0
1835,Industrials,0.2097,8.1,-0.0583,1.68,0.15,0
1836,Energy,0.452,3.24,0.0524,1.2,0.4155,0
1837,Retail,0.8144,15.0,0.0317,0.49,0.15,0
1838,Tech,0.3918,3.75,0.0441,1.32,0.15,0
1839,Tech,0.1742,4.02,0.0787,2.26,0.3214,0
1840,Tech,0.5176,1.74,0.1463,1.46,0.4621,0
1841,Industrials,0.8409,9.51,0.0449,2.8,0.1534,0
1842,Retail,0.3869,5.22,0.0191,1.29,0.3419,0
1843,Tech,0.6485,-4.37,-0.2387,0.93,0.3086,1
1844,Tech,0.7894,5.91,0.1603,1.68,0.6,0
1845,Industrials,0.3727,6.34,0.0826,0.67,0.4017,1
1846,Tech,0.2769,3.92,0.0284,0.55,0.2427,0
1847,Retail,0.3673,8.37,-0.0928,1.27,0.167,0
1848,Energy,0.6482,2.8,0.0433,0.92,0.222,0
1849,Tech,0.4817,9.37,0.0234,0.66,0.2016,0
1850,Energy,0.5566,2.46,-0.1329,1.02,0.3658,0
1851,Retail,0.2209,4.1,0.0603,1.53,0.15,0
1852,Industrials,0.198,2.82,0.0316,2.56,0.1543,0
1853,Tech,0.1453,9.5,0.1047,1.19,0.15,0
1854,Energy,0.4992,2.26,0.092,1.15,0.1951,1
1855,Industrials,0.4464,1.33,0.038,1.82,0.2613,0
1856,Tech,0.6383,4.19,0.0325,0.34,0.15,0
1857,Retail,0.3151,15.0,0.0465,1.49,0.277,0
1858,Industrials,0.2578,4.36,0.0985,1.27,0.3379,0
1859,Retail,0.2016,9.62,0.064,1.12,0.16,0
1860,Tech,0.2527,3.5,0.068,1.43,0.15,0
1861,Tech,0.7226,1.79,0.0195,1.24,0.4687,1
1862,Energy,0.2923,-0.62,0.112,3.0,0.3744,0
1863,Industrials,0.3604,15.0,0.0334,1.4,0.6,1
1864,Industrials,0.5078,10.44,0.0547,0.6,0.3585,0
1865,Retail,0.4946,-3.7,0.0438,2.08,0.15,0
1866,Tech,0.6099,1.34,-0.2103,1.44,0.15,1
1867,Finance,0.41,4.39,0.0266,1.19,0.4063,0
1868,Industrials,0.3915,2.18,0.143,0.75,0.15,0
1869,Finance,0.7088,-3.1,0.113,3.0,0.151,0
1870,Energy,0.6231,4.2,-0.0172,2.81,0.2853,0
1871,Industrials,0.4633,1.95,0.1429,0.99,0.1991,0
1872,Energy,0.3573,9.43,0.096,1.83,0.5055,0
1873,Finance,0.3605,-2.46,0.1491,0.34,0.1653,0
1874,Retail,0.4955,-4.56,-0.0206,0.56,0.15,1
1875,Retail,0.48,3.49,0.0334,1.02,0.6,1
1876,Industrials,0.6001,0.33,-0.1247,2.15,0.6,1
1877,Retail,0.2357,2.67,0.1784,0.88,0.4508,0
1878,Tech,0.2666,8.69,0.0164,2.09,0.559,0
1879,Tech,0.5619,0.63,0.1381,1.82,0.15,0
1880,Retail,0.2601,2.19,0.1092,0.64,0.6,0
1881,Energy,0.6133,1.69,0.0113,1.76,0.15,0
1882,Industrials,0.2228,2.13,0.0211,1.77,0.15,0
1883,Tech,0.65,5.8,0.0175,0.67,0.343,0
1884,Retail,0.5321,3.13,0.048,0.86,0.6,0
1885,Tech,0.7069,2.57,0.0718,0.54,0.2133,0
1886,Tech,0.4248,3.31,0.1169,0.83,0.15,0
1887,Retail,0.1496,3.83,0.0749,0.88,0.4914,0
1888,Industrials,0.5219,1.86,0.0796,0.69,0.2426,0
1889,Industrials,0.6615,14.63,0.0984,1.32,0.15,0
1890,Energy,0.1778,4.32,0.0851,0.81,0.6,0
1891,Finance,0.2857,-2.91,0.0571,1.95,0.1966,0
1892,Retail,0.5998,2.22,0.0322,2.2,0.15,0
1893,Industrials,0.343,5.12,0.05,1.09,0.15,0
1894,Tech,0.4778,2.56,0.0224,1.64,0.2442,0
1895,Finance,0.3521,4.0,0.0934,1.28,0.5945,0
1896,Tech,0.2936,-4.05,0.0499,1.65,0.15,0
1897,Tech,0.5662,8.84,0.0781,1.46,0.3766,0
1898,Finance,0.7524,11.13,-0.0667,1.39,0.2448,0
1899,Tech,0.8538,2.92,0.1475,1.3,0.375,0
1900,Tech,0.515,10.84,0.0624,2.56,0.3923,0
1901,Energy,0.2118,2.03,0.0893,0.78,0.6,1
1902,Tech,0.345,2.51,0.1196,2.15,0.4935,0
1903,Finance,0.7164,0.67,0.1441,0.88,0.2328,0
1904,Tech,0.2423,15.0,0.01,0.95,0.416,0
1905,Industrials,0.1717,-3.32,0.0957,1.54,0.15,0
1906,Tech,0.7174,6.44,0.0789,2.45,0.5263,0
1907,Retail,0.7089,3.36,0.0472,0.75,0.2906,1
1908,Industrials,0.3406,8.83,0.0759,3.0,0.2775,0
1909,Retail,0.4341,3.3,0.0689,0.83,0.15,0
1910,Tech,0.4407,1.82,0.0205,0.69,0.5518,0
1911,Finance,0.609,1.93,0.0381,0.92,0.1605,0
1912,Tech,0.1505,1.41,0.055,3.0,0.2633,0
1913,Finance,0.274,4.72,0.0176,0.44,0.6,0
1914,Energy,0.2059,1.94,0.0904,0.96,0.15,0
1915,Retail,0.4089,6.67,0.118,0.88,0.6,0
1916,Retail,0.609,-4.49,0.058,1.8,0.15,1
1917,Industrials,0.6674,1.21,0.0321,1.05,0.15,0
1918,Industrials,0.3429,9.53,0.0055,1.4,0.3465,0
1919,Energy,0.563,1.55,0.0719,1.12,0.259,1
1920,Retail,0.2507,15.0,0.0929,1.41,0.1738,0
1921,Energy,0.3599,12.53,0.0232,0.4,0.2672,0
1922,Industrials,0.1798,-0.2,0.1407,0.45,0.158,0
1923,Retail,0.3703,6.85,0.0608,1.2,0.3801,0
1924,Industrials,0.2476,5.47,0.08,0.97,0.15,0
1925,Retail,0.3668,2.55,0.045,1.21,0.15,0
1926,Finance,0.2596,4.1,0.04,0.71,0.15,0
1927,Retail,0.2226,0.99,-0.0417,2.86,0.6,0
1928,Finance,0.2661,2.87,0.1353,1.72,0.4331,0
1929,Finance,0.6143,11.0,0.081,2.84,0.2514,0
1930,Retail,0.2064,15.0,0.0474,1.38,0.3145,0
1931,Retail,0.2705,6.82,0.074,2.09,0.3374,0
1932,Finance,0.551,12.28,0.0817,1.16,0.15,0
1933,Industrials,0.3643,1.96,0.0457,1.42,0.15,0
1934,Industrials,0.3673,3.65,0.0039,2.18,0.1962,0
1935,Industrials,0.317,6.24,-0.2074,1.54,0.4242,0
1936,Finance,0.5004,5.88,0.0644,1.33,0.2817,0
1937,Finance,0.6991,9.56,0.0552,2.28,0.15,0
1938,Finance,0.419,4.25,0.0225,1.78,0.3262,0
1939,Retail,0.5791,0.57,-0.0246,0.77,0.5203,1
1940,Tech,0.5091,-0.81,0.0576,3.0,0.6,1
1941,Industrials,0.279,2.88,0.0951,1.16,0.2479,0
1942,Tech,0.2477,-3.22,0.0999,0.39,0.214,0
1943,Finance,0.4169,6.0,-0.1288,0.61,0.15,0
1944,Tech,0.207,-4.28,-0.1104,1.26,0.6,0
1945,Finance,0.4019,9.78,0.0501,2.03,0.15,0
1946,Tech,0.4166,2.78,0.0878,2.43,0.15,0
1947,Industrials,0.3837,2.36,0.0124,0.98,0.3803,0
1948,Industrials,0.3352,2.74,0.0211,1.6,0.15,0
1949,Industrials,0.2329,10.04,0.043,0.73,0.6,0
1950,Industrials,0.4988,1.77,0.0593,1.49,0.4028,0
1951,Energy,0.515,13.18,0.0978,2.51,0.4755,0
1952,Industrials,0.7301,4.89,-0.0504,1.35,0.4034,1
1953,Finance,0.5554,2.19,0.0544,0.56,0.1918,0
1954,Energy,0.3848,2.1,-0.0974,0.83,0.6,0
1955,Tech,0.2808,1.91,0.0241,2.12,0.3367,0
1956,Energy,0.2085,7.81,0.0884,1.05,0.15,0
1957,Industrials,0.4358,4.27,0.138,1.26,0.2506,0
1958,Tech,0.3791,-0.88,0.1906,1.0,0.1535,0
1959,Finance,0.2852,0.96,0.0388,1.85,0.15,0
1960,Energy,0.3712,3.98,0.0378,1.26,0.1539,0
1961,Finance,0.6535,2.62,0.0824,1.13,0.15,1
1962,Tech,0.8293,4.54,0.0241,0.62,0.4898,0
1963,Finance,0.6126,4.43,0.077,2.02,0.6,0
1964,Energy,0.5002,7.62,0.0465,0.63,0.6,0
1965,Finance,0.2714,4.26,0.0261,1.92,0.3423,0
1966,Finance,0.2443,1.88,-0.2449,2.51,0.2354,0
1967,Tech,0.5782,6.75,0.0611,1.16,0.6,0
1968,Energy,0.7164,3.28,-0.0122,1.03,0.3063,0
1969,Industrials,0.7503,9.51,0.0502,1.82,0.5126,0
1970,Tech,0.6811,-1.52,0.0348,0.64,0.15,1
1971,Energy,0.393,8.25,0.0371,0.38,0.6,0
1972,Industrials,0.1117,2.68,0.069,0.73,0.6,0
1973,Industrials,0.2219,7.61,0.0427,1.27,0.1574,0
1974,Energy,0.7863,-0.85,0.0544,1.97,0.5276,1
1975,Finance,0.4817,4.07,0.0298,1.36,0.6,1
1976,Industrials,0.288,4.94,0.091,2.16,0.15,0
1977,Tech,0.5078,2.15,0.0751,1.33,0.15,0
1978,Retail,0.7415,10.99,0.0642,1.24,0.4206,0
1979,Retail,0.2063,6.98,0.1128,1.31,0.4276,0
1980,Finance,0.806,-0.78,0.1186,0.98,0.4108,0
1981,Finance,0.2472,2.24,0.0772,1.62,0.6,0
1982,Energy,0.6177,5.45,0.1174,2.68,0.4767,0
1983,Finance,0.7245,3.36,0.1338,0.82,0.15,0
1984,Tech,0.3378,8.33,0.0267,2.28,0.2646,0
1985,Tech,0.559,7.95,0.154,1.53,0.2239,0
1986,Finance,0.3559,1.1,0.0852,2.24,0.15,0
1987,Energy,0.306,2.78,0.0392,1.1,0.2769,0
1988,Industrials,0.5239,5.83,0.1003,1.27,0.1881,0
1989,Tech,0.3954,-4.62,0.051,1.71,0.5533,0
1990,Energy,0.3743,9.91,0.0477,1.34,0.3809,0
1991,Tech,0.2106,15.0,-0.0234,2.8,0.1849,0
1992,Energy,0.4187,3.22,0.0399,1.38,0.15,0
1993,Industrials,0.2227,1.31,-0.09,1.38,0.4793,0
1994,Retail,0.4248,2.29,-0.1356,3.0,0.6,0
1995,Industrials,0.8169,-3.22,0.0379,2.26,0.6,0
1996,Finance,0.3924,4.77,0.0325,1.5,0.2574,1
1997,Finance,0.1261,9.93,0.0679,0.87,0.15,0
1998,Tech,0.6771,8.08,0.075,2.04,0.395,0
1999,Finance,0.2603,3.24,0.0589,1.24,0.15,0
2000,Retail,0.3462,5.13,0.0054,0.41,0.2046,0
