Date,Quarter,Ticker,Company_Name,Sector,Market_Cap,Total_Debt,Total_Assets,Book_Equity,Leverage_Ratio,Risk_Free_Rate,Equity_Volatility,Default_Barrier
2016-03-31,Q1 2016,AAPL,Apple,Technology,2971.27,126.19,3097.46,3454.88,0.0407,0.0165,0.2196,44.17
2016-03-31,Q1 2016,BAC,Bank of America,Financials,271.57,341.94,613.51,235.87,0.5574,0.0165,0.2824,205.16
2016-03-31,Q1 2016,GS,Goldman Sachs,Financials,132.69,152.43,285.12,98.81,0.5346,0.0165,0.3292,99.08
2016-03-31,Q1 2016,JNJ,Johnson & Johnson,Healthcare,407.01,43.92,450.93,360.85,0.0974,0.0165,0.1737,17.57
2016-03-31,Q1 2016,JPM,JPMorgan Chase,Financials,356.0,397.69,753.68,332.22,0.5277,0.0165,0.2386,238.61
2016-03-31,Q1 2016,MSFT,Microsoft,Technology,2403.73,77.29,2481.02,1690.57,0.0312,0.0165,0.2339,30.92
2016-03-31,Q1 2016,PG,Procter & Gamble,Consumer,355.49,34.94,390.42,360.33,0.0895,0.0165,0.1577,13.97
2016-03-31,Q1 2016,V,Visa,Financials,567.81,20.36,588.17,656.66,0.0346,0.0165,0.2126,7.13
2016-03-31,Q1 2016,WMT,Walmart,Consumer,372.94,57.23,430.18,459.59,0.133,0.0165,0.1989,25.76
2016-03-31,Q1 2016,XOM,Exxon Mobil,Energy,437.25,57.48,494.73,532.51,0.1162,0.0165,0.2869,28.74
2016-06-30,Q2 2016,AAPL,Apple,Technology,3025.17,122.22,3147.39,3583.2,0.0388,0.0146,0.259,42.78
2016-06-30,Q2 2016,BAC,Bank of America,Financials,276.42,347.98,624.4,261.56,0.5573,0.0146,0.2943,208.79
2016-06-30,Q2 2016,GS,Goldman Sachs,Financials,126.16,144.59,270.75,158.69,0.534,0.0146,0.3185,93.98
2016-06-30,Q2 2016,JNJ,Johnson & Johnson,Healthcare,412.38,45.87,458.25,290.38,0.1001,0.0146,0.1804,18.35
2016-06-30,Q2 2016,JPM,JPMorgan Chase,Financials,412.94,404.16,817.1,366.94,0.4946,0.0146,0.2504,242.5
2016-06-30,Q2 2016,MSFT,Microsoft,Technology,2465.3,84.61,2549.91,2914.48,0.0332,0.0146,0.2062,33.84
2016-06-30,Q2 2016,PG,Procter & Gamble,Consumer,399.33,35.56,434.88,510.13,0.0818,0.0146,0.1521,14.22
2016-06-30,Q2 2016,V,Visa,Financials,493.55,20.02,513.57,499.12,0.039,0.0146,0.2185,7.01
2016-06-30,Q2 2016,WMT,Walmart,Consumer,394.82,51.3,446.12,304.77,0.115,0.0146,0.1935,23.08
2016-06-30,Q2 2016,XOM,Exxon Mobil,Energy,444.26,58.11,502.38,371.74,0.1157,0.0146,0.2759,29.06
2016-09-30,Q3 2016,AAPL,Apple,Technology,3294.06,131.93,3425.99,3557.97,0.0385,0.0169,0.2417,46.18
2016-09-30,Q3 2016,BAC,Bank of America,Financials,289.2,354.76,643.96,211.38,0.5509,0.0169,0.2676,212.86
2016-09-30,Q3 2016,GS,Goldman Sachs,Financials,154.11,149.9,304.01,121.28,0.4931,0.0169,0.2994,97.44
2016-09-30,Q3 2016,JNJ,Johnson & Johnson,Healthcare,408.28,41.89,450.17,443.84,0.093,0.0169,0.1683,16.75
2016-09-30,Q3 2016,JPM,JPMorgan Chase,Financials,361.57,365.99,727.56,314.89,0.503,0.0169,0.2268,219.59
2016-09-30,Q3 2016,MSFT,Microsoft,Technology,2775.97,86.5,2862.46,2338.98,0.0302,0.0169,0.23,34.6
2016-09-30,Q3 2016,PG,Procter & Gamble,Consumer,375.19,36.64,411.83,446.6,0.089,0.0169,0.1618,14.66
2016-09-30,Q3 2016,V,Visa,Financials,613.21,19.57,632.77,769.46,0.0309,0.0169,0.2258,6.85
2016-09-30,Q3 2016,WMT,Walmart,Consumer,392.29,52.87,445.16,495.09,0.1188,0.0169,0.1855,23.79
2016-09-30,Q3 2016,XOM,Exxon Mobil,Energy,352.63,57.46,410.09,255.47,0.1401,0.0169,0.2851,28.73
2016-12-31,Q4 2016,AAPL,Apple,Technology,3279.13,126.79,3405.92,2305.35,0.0372,0.0196,0.2237,44.38
2016-12-31,Q4 2016,BAC,Bank of America,Financials,300.54,360.18,660.72,271.51,0.5451,0.0196,0.2716,216.11
2016-12-31,Q4 2016,GS,Goldman Sachs,Financials,135.34,156.01,291.34,166.77,0.5355,0.0196,0.3168,101.4
2016-12-31,Q4 2016,JNJ,Johnson & Johnson,Healthcare,460.15,43.39,503.54,411.94,0.0862,0.0196,0.1889,17.36
2016-12-31,Q4 2016,JPM,JPMorgan Chase,Financials,325.9,374.53,700.43,246.33,0.5347,0.0196,0.2699,224.72
2016-12-31,Q4 2016,MSFT,Microsoft,Technology,2880.77,79.93,2960.7,2295.91,0.027,0.0196,0.2375,31.97
2016-12-31,Q4 2016,PG,Procter & Gamble,Consumer,362.06,35.18,397.24,447.22,0.0886,0.0196,0.1642,14.07
2016-12-31,Q4 2016,V,Visa,Financials,569.67,20.3,589.97,489.42,0.0344,0.0196,0.1992,7.1
2016-12-31,Q4 2016,WMT,Walmart,Consumer,425.57,58.3,483.87,465.82,0.1205,0.0196,0.2027,26.24
2016-12-31,Q4 2016,XOM,Exxon Mobil,Energy,385.62,66.34,451.96,420.78,0.1468,0.0196,0.2646,33.17
2017-03-31,Q1 2017,AAPL,Apple,Technology,3591.56,129.66,3721.21,4590.63,0.0348,0.0143,0.2569,45.38
2017-03-31,Q1 2017,BAC,Bank of America,Financials,343.95,368.61,712.56,298.71,0.5173,0.0143,0.2534,221.17
2017-03-31,Q1 2017,GS,Goldman Sachs,Financials,116.5,144.55,261.05,147.29,0.5537,0.0143,0.3272,93.96
2017-03-31,Q1 2017,JNJ,Johnson & Johnson,Healthcare,378.41,46.31,424.72,477.44,0.109,0.0143,0.1871,18.52
2017-03-31,Q1 2017,JPM,JPMorgan Chase,Financials,392.09,409.98,802.07,410.18,0.5112,0.0143,0.2496,245.99
2017-03-31,Q1 2017,MSFT,Microsoft,Technology,3044.72,82.75,3127.47,2159.54,0.0265,0.0143,0.2388,33.1
2017-03-31,Q1 2017,PG,Procter & Gamble,Consumer,350.3,37.34,387.64,320.77,0.0963,0.0143,0.1534,14.94
2017-03-31,Q1 2017,V,Visa,Financials,572.41,20.79,593.21,702.02,0.0351,0.0143,0.2201,7.28
2017-03-31,Q1 2017,WMT,Walmart,Consumer,349.72,53.36,403.08,373.85,0.1324,0.0143,0.2196,24.01
2017-03-31,Q1 2017,XOM,Exxon Mobil,Energy,417.45,58.33,475.77,505.39,0.1226,0.0143,0.2697,29.16
2017-06-30,Q2 2017,AAPL,Apple,Technology,3423.46,143.24,3566.7,2985.0,0.0402,0.0143,0.2444,50.13
2017-06-30,Q2 2017,BAC,Bank of America,Financials,321.31,368.56,689.87,378.81,0.5343,0.0143,0.2884,221.14
2017-06-30,Q2 2017,GS,Goldman Sachs,Financials,179.18,160.73,339.91,221.11,0.4729,0.0143,0.2903,104.48
2017-06-30,Q2 2017,JNJ,Johnson & Johnson,Healthcare,502.01,44.38,546.39,539.02,0.0812,0.0143,0.1651,17.75
2017-06-30,Q2 2017,JPM,JPMorgan Chase,Financials,427.57,422.8,850.37,521.74,0.4972,0.0143,0.2707,253.68
2017-06-30,Q2 2017,MSFT,Microsoft,Technology,3212.01,81.36,3293.37,3362.87,0.0247,0.0143,0.1996,32.54
2017-06-30,Q2 2017,PG,Procter & Gamble,Consumer,406.93,34.12,441.05,291.04,0.0774,0.0143,0.1748,13.65
2017-06-30,Q2 2017,V,Visa,Financials,543.06,18.8,561.87,639.25,0.0335,0.0143,0.2004,6.58
2017-06-30,Q2 2017,WMT,Walmart,Consumer,432.0,56.17,488.17,442.53,0.1151,0.0143,0.2055,25.28
2017-06-30,Q2 2017,XOM,Exxon Mobil,Energy,346.29,59.69,405.98,268.8,0.147,0.0143,0.2812,29.85
2017-09-30,Q3 2017,AAPL,Apple,Technology,4046.6,138.37,4184.97,2867.57,0.0331,0.0197,0.2216,48.43
2017-09-30,Q3 2017,BAC,Bank of America,Financials,337.92,352.62,690.55,347.9,0.5106,0.0197,0.292,211.57
2017-09-30,Q3 2017,GS,Goldman Sachs,Financials,122.72,144.39,267.11,156.22,0.5406,0.0197,0.3143,93.85
2017-09-30,Q3 2017,JNJ,Johnson & Johnson,Healthcare,495.15,38.74,533.89,398.06,0.0726,0.0197,0.1776,15.5
2017-09-30,Q3 2017,JPM,JPMorgan Chase,Financials,390.1,425.13,815.23,368.79,0.5215,0.0197,0.2337,255.08
2017-09-30,Q3 2017,MSFT,Microsoft,Technology,3418.17,94.67,3512.84,3253.28,0.0269,0.0197,0.2089,37.87
2017-09-30,Q3 2017,PG,Procter & Gamble,Consumer,345.56,33.89,379.45,256.52,0.0893,0.0197,0.1646,13.55
2017-09-30,Q3 2017,V,Visa,Financials,513.0,22.63,535.63,513.96,0.0423,0.0197,0.225,7.92
2017-09-30,Q3 2017,WMT,Walmart,Consumer,367.64,60.84,428.48,397.44,0.142,0.0197,0.1818,27.38
2017-09-30,Q3 2017,XOM,Exxon Mobil,Energy,400.64,62.73,463.37,394.43,0.1354,0.0197,0.2575,31.36
2017-12-31,Q4 2017,AAPL,Apple,Technology,3597.81,128.01,3725.82,2773.55,0.0344,0.0173,0.2494,44.8
2017-12-31,Q4 2017,BAC,Bank of America,Financials,304.29,391.9,696.19,296.67,0.5629,0.0173,0.2826,235.14
2017-12-31,Q4 2017,GS,Goldman Sachs,Financials,116.79,153.63,270.41,149.1,0.5681,0.0173,0.3243,99.86
2017-12-31,Q4 2017,JNJ,Johnson & Johnson,Healthcare,480.83,44.52,525.35,553.14,0.0847,0.0173,0.191,17.81
2017-12-31,Q4 2017,JPM,JPMorgan Chase,Financials,421.2,418.61,839.81,532.45,0.4985,0.0173,0.2538,251.17
2017-12-31,Q4 2017,MSFT,Microsoft,Technology,3441.67,87.77,3529.44,2556.17,0.0249,0.0173,0.212,35.11
2017-12-31,Q4 2017,PG,Procter & Gamble,Consumer,399.31,37.22,436.53,304.23,0.0853,0.0173,0.1729,14.89
2017-12-31,Q4 2017,V,Visa,Financials,624.08,21.88,645.96,758.28,0.0339,0.0173,0.207,7.66
2017-12-31,Q4 2017,WMT,Walmart,Consumer,391.51,56.4,447.92,361.45,0.1259,0.0173,0.2111,25.38
2017-12-31,Q4 2017,XOM,Exxon Mobil,Energy,473.67,64.37,538.04,540.48,0.1196,0.0173,0.297,32.18
2018-03-31,Q1 2018,AAPL,Apple,Technology,4331.04,133.6,4464.65,3181.3,0.0299,0.0136,0.2424,46.76
2018-03-31,Q1 2018,BAC,Bank of America,Financials,322.75,370.93,693.68,410.01,0.5347,0.0136,0.2841,222.56
2018-03-31,Q1 2018,GS,Goldman Sachs,Financials,133.54,149.14,282.68,116.97,0.5276,0.0136,0.2897,96.94
2018-03-31,Q1 2018,JNJ,Johnson & Johnson,Healthcare,466.58,47.61,514.2,499.68,0.0926,0.0136,0.1656,19.05
2018-03-31,Q1 2018,JPM,JPMorgan Chase,Financials,444.14,447.06,891.2,396.19,0.5016,0.0136,0.2698,268.24
2018-03-31,Q1 2018,MSFT,Microsoft,Technology,4080.75,92.6,4173.36,4794.67,0.0222,0.0136,0.2327,37.04
2018-03-31,Q1 2018,PG,Procter & Gamble,Consumer,421.2,33.25,454.46,500.25,0.0732,0.0136,0.1743,13.3
2018-03-31,Q1 2018,V,Visa,Financials,603.4,20.99,624.39,453.1,0.0336,0.0136,0.2304,7.35
2018-03-31,Q1 2018,WMT,Walmart,Consumer,396.29,57.37,453.66,294.7,0.1265,0.0136,0.2129,25.82
2018-03-31,Q1 2018,XOM,Exxon Mobil,Energy,402.4,64.84,467.25,366.41,0.1388,0.0136,0.2586,32.42
2018-06-30,Q2 2018,AAPL,Apple,Technology,3850.77,134.77,3985.54,3355.67,0.0338,0.0166,0.2577,47.17
2018-06-30,Q2 2018,BAC,Bank of America,Financials,320.77,382.67,703.44,245.94,0.544,0.0166,0.2796,229.6
2018-06-30,Q2 2018,GS,Goldman Sachs,Financials,135.15,156.06,291.2,99.17,0.5359,0.0166,0.2771,101.44
2018-06-30,Q2 2018,JNJ,Johnson & Johnson,Healthcare,481.31,46.92,528.23,518.68,0.0888,0.0166,0.187,18.77
2018-06-30,Q2 2018,JPM,JPMorgan Chase,Financials,360.05,407.03,767.08,419.92,0.5306,0.0166,0.2529,244.22
2018-06-30,Q2 2018,MSFT,Microsoft,Technology,3402.46,89.95,3492.42,3904.76,0.0258,0.0166,0.2237,35.98
2018-06-30,Q2 2018,PG,Procter & Gamble,Consumer,382.18,32.14,414.32,401.36,0.0776,0.0166,0.1465,12.86
2018-06-30,Q2 2018,V,Visa,Financials,604.72,24.06,628.78,523.95,0.0383,0.0166,0.1969,8.42
2018-06-30,Q2 2018,WMT,Walmart,Consumer,446.42,63.01,509.44,469.01,0.1237,0.0166,0.216,28.36
2018-06-30,Q2 2018,XOM,Exxon Mobil,Energy,465.61,62.75,528.37,346.54,0.1188,0.0166,0.283,31.38
2018-09-30,Q3 2018,AAPL,Apple,Technology,4185.25,125.58,4310.83,5365.27,0.0291,0.0136,0.2564,43.95
2018-09-30,Q3 2018,BAC,Bank of America,Financials,396.13,352.3,748.42,493.8,0.4707,0.0136,0.2981,211.38
2018-09-30,Q3 2018,GS,Goldman Sachs,Financials,146.28,146.55,292.83,184.26,0.5005,0.0136,0.322,95.26
2018-09-30,Q3 2018,JNJ,Johnson & Johnson,Healthcare,548.37,47.08,595.46,636.88,0.0791,0.0136,0.196,18.83
2018-09-30,Q3 2018,JPM,JPMorgan Chase,Financials,405.02,431.99,837.01,358.73,0.5161,0.0136,0.2657,259.2
2018-09-30,Q3 2018,MSFT,Microsoft,Technology,4303.67,94.81,4398.47,5561.91,0.0216,0.0136,0.2046,37.92
2018-09-30,Q3 2018,PG,Procter & Gamble,Consumer,441.57,33.3,474.87,339.18,0.0701,0.0136,0.1655,13.32
2018-09-30,Q3 2018,V,Visa,Financials,716.97,22.02,738.98,600.23,0.0298,0.0136,0.2172,7.71
2018-09-30,Q3 2018,WMT,Walmart,Consumer,432.62,55.82,488.44,419.78,0.1143,0.0136,0.1852,25.12
2018-09-30,Q3 2018,XOM,Exxon Mobil,Energy,514.62,61.94,576.56,488.32,0.1074,0.0136,0.2673,30.97
2018-12-31,Q4 2018,AAPL,Apple,Technology,3785.54,137.34,3922.87,3817.31,0.035,0.0136,0.2536,48.07
2018-12-31,Q4 2018,BAC,Bank of America,Financials,343.36,409.01,752.38,420.96,0.5436,0.0136,0.2746,245.41
2018-12-31,Q4 2018,GS,Goldman Sachs,Financials,166.37,162.7,329.07,186.74,0.4944,0.0136,0.2828,105.75
2018-12-31,Q4 2018,JNJ,Johnson & Johnson,Healthcare,426.98,43.26,470.24,416.51,0.092,0.0136,0.1973,17.3
2018-12-31,Q4 2018,JPM,JPMorgan Chase,Financials,491.85,460.43,952.28,497.8,0.4835,0.0136,0.2676,276.26
2018-12-31,Q4 2018,MSFT,Microsoft,Technology,4293.33,95.33,4388.66,4015.75,0.0217,0.0136,0.2172,38.13
2018-12-31,Q4 2018,PG,Procter & Gamble,Consumer,384.32,36.06,420.38,422.95,0.0858,0.0136,0.1495,14.42
2018-12-31,Q4 2018,V,Visa,Financials,689.29,22.49,711.77,557.72,0.0316,0.0136,0.2035,7.87
2018-12-31,Q4 2018,WMT,Walmart,Consumer,433.59,51.39,484.98,468.3,0.106,0.0136,0.1896,23.13
2018-12-31,Q4 2018,XOM,Exxon Mobil,Energy,491.89,67.62,559.51,598.84,0.1209,0.0136,0.3052,33.81
2019-03-31,Q1 2019,AAPL,Apple,Technology,4907.63,140.31,5047.94,5809.27,0.0278,0.0212,0.2519,49.11
2019-03-31,Q1 2019,BAC,Bank of America,Financials,318.04,370.76,688.81,262.0,0.5383,0.0212,0.2724,222.46
2019-03-31,Q1 2019,GS,Goldman Sachs,Financials,128.79,173.88,302.67,93.19,0.5745,0.0212,0.318,113.02
2019-03-31,Q1 2019,JNJ,Johnson & Johnson,Healthcare,473.88,43.9,517.78,463.22,0.0848,0.0212,0.1889,17.56
2019-03-31,Q1 2019,JPM,JPMorgan Chase,Financials,487.44,418.47,905.9,392.97,0.4619,0.0212,0.2294,251.08
2019-03-31,Q1 2019,MSFT,Microsoft,Technology,3934.61,88.36,4022.97,4816.54,0.022,0.0212,0.2385,35.34
2019-03-31,Q1 2019,PG,Procter & Gamble,Consumer,387.51,34.91,422.42,275.92,0.0826,0.0212,0.1543,13.96
2019-03-31,Q1 2019,V,Visa,Financials,738.97,22.14,761.11,753.43,0.0291,0.0212,0.1992,7.75
2019-03-31,Q1 2019,WMT,Walmart,Consumer,501.84,59.19,561.03,505.36,0.1055,0.0212,0.2013,26.64
2019-03-31,Q1 2019,XOM,Exxon Mobil,Energy,454.46,61.1,515.56,419.14,0.1185,0.0212,0.2791,30.55
2019-06-30,Q2 2019,AAPL,Apple,Technology,4930.31,149.64,5079.96,4504.62,0.0295,0.0104,0.2634,52.38
2019-06-30,Q2 2019,BAC,Bank of America,Financials,313.51,406.33,719.84,367.9,0.5645,0.0104,0.2799,243.8
2019-06-30,Q2 2019,GS,Goldman Sachs,Financials,158.69,159.65,318.35,166.96,0.5015,0.0104,0.3147,103.77
2019-06-30,Q2 2019,JNJ,Johnson & Johnson,Healthcare,539.17,46.16,585.33,437.77,0.0789,0.0104,0.1723,18.46
2019-06-30,Q2 2019,JPM,JPMorgan Chase,Financials,389.37,418.47,807.83,300.53,0.518,0.0104,0.2695,251.08
2019-06-30,Q2 2019,MSFT,Microsoft,Technology,3720.01,87.8,3807.8,3237.39,0.0231,0.0104,0.214,35.12
2019-06-30,Q2 2019,PG,Procter & Gamble,Consumer,393.48,35.34,428.82,315.78,0.0824,0.0104,0.1654,14.14
2019-06-30,Q2 2019,V,Visa,Financials,677.13,22.21,699.34,867.86,0.0318,0.0104,0.2254,7.77
2019-06-30,Q2 2019,WMT,Walmart,Consumer,425.27,57.89,483.16,402.41,0.1198,0.0104,0.2193,26.05
2019-06-30,Q2 2019,XOM,Exxon Mobil,Energy,560.43,58.59,619.02,426.53,0.0947,0.0104,0.2606,29.3
2019-09-30,Q3 2019,AAPL,Apple,Technology,4383.8,140.24,4524.04,3954.02,0.031,0.0114,0.2225,49.08
2019-09-30,Q3 2019,BAC,Bank of America,Financials,384.61,364.21,748.83,343.92,0.4864,0.0114,0.2758,218.53
2019-09-30,Q3 2019,GS,Goldman Sachs,Financials,156.49,146.75,303.24,120.32,0.4839,0.0114,0.3066,95.39
2019-09-30,Q3 2019,JNJ,Johnson & Johnson,Healthcare,488.25,49.2,537.45,479.93,0.0915,0.0114,0.1768,19.68
2019-09-30,Q3 2019,JPM,JPMorgan Chase,Financials,498.08,437.21,935.29,519.48,0.4675,0.0114,0.239,262.33
2019-09-30,Q3 2019,MSFT,Microsoft,Technology,4246.47,96.64,4343.11,3365.83,0.0223,0.0114,0.2192,38.65
2019-09-30,Q3 2019,PG,Procter & Gamble,Consumer,410.7,36.66,447.36,429.06,0.0819,0.0114,0.1709,14.66
2019-09-30,Q3 2019,V,Visa,Financials,745.53,23.11,768.64,941.61,0.0301,0.0114,0.1966,8.09
2019-09-30,Q3 2019,WMT,Walmart,Consumer,517.93,59.64,577.57,620.67,0.1033,0.0114,0.2186,26.84
2019-09-30,Q3 2019,XOM,Exxon Mobil,Energy,478.76,66.42,545.17,408.28,0.1218,0.0114,0.2902,33.21
2019-12-31,Q4 2019,AAPL,Apple,Technology,4944.92,147.07,5091.99,4150.4,0.0289,0.0172,0.2592,51.47
2019-12-31,Q4 2019,BAC,Bank of America,Financials,349.06,386.15,735.2,383.65,0.5252,0.0172,0.2813,231.69
2019-12-31,Q4 2019,GS,Goldman Sachs,Financials,143.95,167.46,311.42,134.66,0.5378,0.0172,0.319,108.85
2019-12-31,Q4 2019,JNJ,Johnson & Johnson,Healthcare,409.68,44.58,454.26,321.01,0.0981,0.0172,0.1906,17.83
2019-12-31,Q4 2019,JPM,JPMorgan Chase,Financials,465.1,445.06,910.15,381.83,0.489,0.0172,0.2332,267.03
2019-12-31,Q4 2019,MSFT,Microsoft,Technology,4244.59,85.05,4329.64,4149.54,0.0196,0.0172,0.2113,34.02
2019-12-31,Q4 2019,PG,Procter & Gamble,Consumer,403.98,36.74,440.72,467.59,0.0834,0.0172,0.1721,14.7
2019-12-31,Q4 2019,V,Visa,Financials,962.21,22.36,984.58,817.01,0.0227,0.0172,0.2202,7.83
2019-12-31,Q4 2019,WMT,Walmart,Consumer,510.79,60.02,570.82,631.51,0.1052,0.0172,0.2115,27.01
2019-12-31,Q4 2019,XOM,Exxon Mobil,Energy,563.38,66.1,629.48,700.78,0.105,0.0172,0.287,33.05
2020-03-31,Q1 2020,AAPL,Apple,Technology,5124.02,135.69,5259.7,5007.21,0.0258,0.0149,0.2615,47.49
2020-03-31,Q1 2020,BAC,Bank of America,Financials,263.69,375.53,639.22,310.72,0.5875,0.0149,0.2604,225.32
2020-03-31,Q1 2020,GS,Goldman Sachs,Financials,103.21,167.3,270.51,116.84,0.6185,0.0149,0.3085,108.74
2020-03-31,Q1 2020,JNJ,Johnson & Johnson,Healthcare,355.37,48.62,404.0,397.3,0.1204,0.0149,0.1952,19.45
2020-03-31,Q1 2020,JPM,JPMorgan Chase,Financials,344.23,463.15,807.37,263.81,0.5736,0.0149,0.2673,277.89
2020-03-31,Q1 2020,MSFT,Microsoft,Technology,3101.42,97.76,3199.17,2639.55,0.0306,0.0149,0.2132,39.1
2020-03-31,Q1 2020,PG,Procter & Gamble,Consumer,317.35,34.9,352.26,409.67,0.0991,0.0149,0.1708,13.96
2020-03-31,Q1 2020,V,Visa,Financials,634.6,24.94,659.54,799.99,0.0378,0.0149,0.2279,8.73
2020-03-31,Q1 2020,WMT,Walmart,Consumer,373.36,56.09,429.46,390.45,0.1306,0.0149,0.2043,25.24
2020-03-31,Q1 2020,XOM,Exxon Mobil,Energy,421.24,64.6,485.84,422.73,0.133,0.0149,0.2862,32.3
2020-06-30,Q2 2020,AAPL,Apple,Technology,3928.43,149.0,4077.43,3081.91,0.0365,0.0216,0.2245,52.15
2020-06-30,Q2 2020,BAC,Bank of America,Financials,313.7,379.65,693.35,370.71,0.5476,0.0216,0.2523,227.79
2020-06-30,Q2 2020,GS,Goldman Sachs,Financials,111.18,153.73,264.91,113.68,0.5803,0.0216,0.3252,99.93
2020-06-30,Q2 2020,JNJ,Johnson & Johnson,Healthcare,404.29,53.07,457.36,286.18,0.116,0.0216,0.1859,21.23
2020-06-30,Q2 2020,JPM,JPMorgan Chase,Financials,364.16,444.19,808.35,384.1,0.5495,0.0216,0.245,266.51
2020-06-30,Q2 2020,MSFT,Microsoft,Technology,2960.04,90.61,3050.66,3381.85,0.0297,0.0216,0.2179,36.25
2020-06-30,Q2 2020,PG,Procter & Gamble,Consumer,339.81,37.2,377.01,279.69,0.0987,0.0216,0.1501,14.88
2020-06-30,Q2 2020,V,Visa,Financials,555.38,26.31,581.69,411.12,0.0452,0.0216,0.2205,9.21
2020-06-30,Q2 2020,WMT,Walmart,Consumer,392.19,57.83,450.02,294.61,0.1285,0.0216,0.2199,26.02
2020-06-30,Q2 2020,XOM,Exxon Mobil,Energy,315.26,55.33,370.59,393.73,0.1493,0.0216,0.2723,27.66
2020-09-30,Q3 2020,AAPL,Apple,Technology,5804.57,160.17,5964.74,4157.57,0.0269,0.0155,0.2267,56.06
2020-09-30,Q3 2020,BAC,Bank of America,Financials,362.82,379.78,742.61,368.13,0.5114,0.0155,0.2767,227.87
2020-09-30,Q3 2020,GS,Goldman Sachs,Financials,180.84,172.79,353.63,143.43,0.4886,0.0155,0.2809,112.31
2020-09-30,Q3 2020,JNJ,Johnson & Johnson,Healthcare,488.07,47.52,535.58,532.8,0.0887,0.0155,0.1706,19.01
2020-09-30,Q3 2020,JPM,JPMorgan Chase,Financials,494.42,444.89,939.31,513.66,0.4736,0.0155,0.2283,266.93
2020-09-30,Q3 2020,MSFT,Microsoft,Technology,3892.03,91.06,3983.09,4228.3,0.0229,0.0155,0.216,36.43
2020-09-30,Q3 2020,PG,Procter & Gamble,Consumer,507.69,38.04,545.72,359.34,0.0697,0.0155,0.1467,15.21
2020-09-30,Q3 2020,V,Visa,Financials,825.84,23.09,848.94,909.13,0.0272,0.0155,0.1976,8.08
2020-09-30,Q3 2020,WMT,Walmart,Consumer,499.17,58.13,557.3,565.74,0.1043,0.0155,0.2142,26.16
2020-09-30,Q3 2020,XOM,Exxon Mobil,Energy,564.62,66.51,631.13,401.91,0.1054,0.0155,0.2578,33.25
2020-12-31,Q4 2020,AAPL,Apple,Technology,7700.77,150.86,7851.63,9403.26,0.0192,0.0129,0.2394,52.8
2020-12-31,Q4 2020,BAC,Bank of America,Financials,341.6,376.61,718.2,292.29,0.5244,0.0129,0.2733,225.96
2020-12-31,Q4 2020,GS,Goldman Sachs,Financials,176.31,150.67,326.98,189.44,0.4608,0.0129,0.2946,97.94
2020-12-31,Q4 2020,JNJ,Johnson & Johnson,Healthcare,566.89,49.77,616.67,612.3,0.0807,0.0129,0.1713,19.91
2020-12-31,Q4 2020,JPM,JPMorgan Chase,Financials,495.96,455.61,951.57,472.58,0.4788,0.0129,0.2696,273.37
2020-12-31,Q4 2020,MSFT,Microsoft,Technology,5406.63,88.75,5495.39,4739.88,0.0162,0.0129,0.2397,35.5
2020-12-31,Q4 2020,PG,Procter & Gamble,Consumer,423.75,37.42,461.17,366.3,0.0811,0.0129,0.1617,14.97
2020-12-31,Q4 2020,V,Visa,Financials,867.87,23.09,890.96,617.08,0.0259,0.0129,0.2274,8.08
2020-12-31,Q4 2020,WMT,Walmart,Consumer,399.46,59.57,459.03,515.56,0.1298,0.0129,0.201,26.8
2020-12-31,Q4 2020,XOM,Exxon Mobil,Energy,527.48,64.8,592.27,503.81,0.1094,0.0129,0.2533,32.4
2021-03-31,Q1 2021,AAPL,Apple,Technology,6387.08,152.39,6539.47,5577.3,0.0233,0.0109,0.2331,53.34
2021-03-31,Q1 2021,BAC,Bank of America,Financials,416.12,393.73,809.84,441.21,0.4862,0.0109,0.2892,236.24
2021-03-31,Q1 2021,GS,Goldman Sachs,Financials,177.9,149.02,326.92,179.92,0.4558,0.0109,0.2728,96.86
2021-03-31,Q1 2021,JNJ,Johnson & Johnson,Healthcare,626.68,50.45,677.13,714.12,0.0745,0.0109,0.1697,20.18
2021-03-31,Q1 2021,JPM,JPMorgan Chase,Financials,471.05,474.21,945.26,388.08,0.5017,0.0109,0.2255,284.52
2021-03-31,Q1 2021,MSFT,Microsoft,Technology,4615.28,102.78,4718.06,3459.98,0.0218,0.0109,0.2245,41.11
2021-03-31,Q1 2021,PG,Procter & Gamble,Consumer,431.5,37.1,468.6,480.27,0.0792,0.0109,0.1579,14.84
2021-03-31,Q1 2021,V,Visa,Financials,922.18,25.32,947.5,704.5,0.0267,0.0109,0.1922,8.86
2021-03-31,Q1 2021,WMT,Walmart,Consumer,496.95,57.58,554.53,495.86,0.1038,0.0109,0.2039,25.91
2021-03-31,Q1 2021,XOM,Exxon Mobil,Energy,441.36,61.52,502.88,458.95,0.1223,0.0109,0.2787,30.76
2021-06-30,Q2 2021,AAPL,Apple,Technology,7643.74,165.98,7809.71,6495.65,0.0213,0.0075,0.2395,58.09
2021-06-30,Q2 2021,BAC,Bank of America,Financials,381.61,402.95,784.56,349.78,0.5136,0.0075,0.2571,241.77
2021-06-30,Q2 2021,GS,Goldman Sachs,Financials,138.61,164.25,302.86,112.43,0.5423,0.0075,0.3025,106.76
2021-06-30,Q2 2021,JNJ,Johnson & Johnson,Healthcare,587.46,46.79,634.25,737.05,0.0738,0.0075,0.197,18.71
2021-06-30,Q2 2021,JPM,JPMorgan Chase,Financials,627.01,469.77,1096.78,739.66,0.4283,0.0075,0.2597,281.86
2021-06-30,Q2 2021,MSFT,Microsoft,Technology,5835.78,103.25,5939.03,6909.19,0.0174,0.0075,0.227,41.3
2021-06-30,Q2 2021,PG,Procter & Gamble,Consumer,444.61,36.47,481.07,331.75,0.0758,0.0075,0.1663,14.59
2021-06-30,Q2 2021,V,Visa,Financials,1002.78,25.29,1028.08,724.22,0.0246,0.0075,0.214,8.85
2021-06-30,Q2 2021,WMT,Walmart,Consumer,546.1,59.39,605.49,664.73,0.0981,0.0075,0.2138,26.72
2021-06-30,Q2 2021,XOM,Exxon Mobil,Energy,543.95,66.31,610.26,439.7,0.1087,0.0075,0.2838,33.16
2021-09-30,Q3 2021,AAPL,Apple,Technology,8338.34,157.32,8495.67,8237.66,0.0185,0.0081,0.2461,55.06
2021-09-30,Q3 2021,BAC,Bank of America,Financials,374.68,421.27,795.95,333.93,0.5293,0.0081,0.287,252.76
2021-09-30,Q3 2021,GS,Goldman Sachs,Financials,170.2,167.82,338.02,142.93,0.4965,0.0081,0.2715,109.08
2021-09-30,Q3 2021,JNJ,Johnson & Johnson,Healthcare,669.11,48.64,717.75,610.75,0.0678,0.0081,0.1723,19.46
2021-09-30,Q3 2021,JPM,JPMorgan Chase,Financials,526.65,485.1,1011.75,389.3,0.4795,0.0081,0.2408,291.06
2021-09-30,Q3 2021,MSFT,Microsoft,Technology,6212.21,102.89,6315.1,7848.76,0.0163,0.0081,0.2331,41.15
2021-09-30,Q3 2021,PG,Procter & Gamble,Consumer,484.6,39.23,523.83,613.91,0.0749,0.0081,0.159,15.69
2021-09-30,Q3 2021,V,Visa,Financials,893.12,24.34,917.46,831.13,0.0265,0.0081,0.2175,8.52
2021-09-30,Q3 2021,WMT,Walmart,Consumer,486.18,56.73,542.92,352.61,0.1045,0.0081,0.1807,25.53
2021-09-30,Q3 2021,XOM,Exxon Mobil,Energy,600.83,63.71,664.54,572.48,0.0959,0.0081,0.2933,31.85
2021-12-31,Q4 2021,AAPL,Apple,Technology,8819.52,175.32,8994.83,9856.8,0.0195,0.0052,0.2234,61.36
2021-12-31,Q4 2021,BAC,Bank of America,Financials,434.77,398.21,832.98,462.87,0.4781,0.0052,0.2807,238.92
2021-12-31,Q4 2021,GS,Goldman Sachs,Financials,177.78,161.05,338.84,147.97,0.4753,0.0052,0.2812,104.68
2021-12-31,Q4 2021,JNJ,Johnson & Johnson,Healthcare,630.57,53.77,684.34,476.01,0.0786,0.0052,0.1936,21.51
2021-12-31,Q4 2021,JPM,JPMorgan Chase,Financials,542.56,433.41,975.97,702.46,0.4441,0.0052,0.2366,260.05
2021-12-31,Q4 2021,MSFT,Microsoft,Technology,5608.2,100.32,5708.52,4120.37,0.0176,0.0052,0.2406,40.13
2021-12-31,Q4 2021,PG,Procter & Gamble,Consumer,494.26,37.17,531.43,456.51,0.0699,0.0052,0.1523,14.87
2021-12-31,Q4 2021,V,Visa,Financials,958.21,24.95,983.16,1047.46,0.0254,0.0052,0.2121,8.73
2021-12-31,Q4 2021,WMT,Walmart,Consumer,597.55,58.12,655.67,736.93,0.0886,0.0052,0.2182,26.15
2021-12-31,Q4 2021,XOM,Exxon Mobil,Energy,502.8,63.6,566.4,419.48,0.1123,0.0052,0.2821,31.8
2022-03-31,Q1 2022,AAPL,Apple,Technology,9767.73,170.82,9938.55,11822.36,0.0172,0.0373,0.2576,59.79
2022-03-31,Q1 2022,BAC,Bank of America,Financials,502.62,386.72,889.35,608.54,0.4348,0.0373,0.2797,232.03
2022-03-31,Q1 2022,GS,Goldman Sachs,Financials,175.85,188.22,364.07,210.11,0.517,0.0373,0.2909,122.34
2022-03-31,Q1 2022,JNJ,Johnson & Johnson,Healthcare,632.54,53.6,686.13,502.97,0.0781,0.0373,0.1937,21.44
2022-03-31,Q1 2022,JPM,JPMorgan Chase,Financials,520.47,461.19,981.66,389.64,0.4698,0.0373,0.236,276.71
2022-03-31,Q1 2022,MSFT,Microsoft,Technology,5822.58,108.37,5930.95,5008.68,0.0183,0.0373,0.2367,43.35
2022-03-31,Q1 2022,PG,Procter & Gamble,Consumer,464.07,37.97,502.05,500.78,0.0756,0.0373,0.1523,15.19
2022-03-31,Q1 2022,V,Visa,Financials,1042.29,25.28,1067.57,1249.99,0.0237,0.0373,0.2103,8.85
2022-03-31,Q1 2022,WMT,Walmart,Consumer,546.22,59.68,605.9,492.18,0.0985,0.0373,0.2097,26.85
2022-03-31,Q1 2022,XOM,Exxon Mobil,Energy,599.81,68.34,668.15,670.87,0.1023,0.0373,0.2901,34.17
2022-06-30,Q2 2022,AAPL,Apple,Technology,8792.0,169.29,8961.29,7979.0,0.0189,0.0406,0.2458,59.25
2022-06-30,Q2 2022,BAC,Bank of America,Financials,527.49,404.06,931.55,674.02,0.4338,0.0406,0.2711,242.44
2022-06-30,Q2 2022,GS,Goldman Sachs,Financials,202.14,172.96,375.1,153.93,0.4611,0.0406,0.3262,112.43
2022-06-30,Q2 2022,JNJ,Johnson & Johnson,Healthcare,634.15,54.3,688.45,703.89,0.0789,0.0406,0.1781,21.72
2022-06-30,Q2 2022,JPM,JPMorgan Chase,Financials,579.73,479.73,1059.46,677.07,0.4528,0.0406,0.2303,287.84
2022-06-30,Q2 2022,MSFT,Microsoft,Technology,6503.1,103.62,6606.72,5726.49,0.0157,0.0406,0.2292,41.45
2022-06-30,Q2 2022,PG,Procter & Gamble,Consumer,522.49,35.31,557.8,663.84,0.0633,0.0406,0.1488,14.12
2022-06-30,Q2 2022,V,Visa,Financials,825.76,23.77,849.52,618.85,0.028,0.0406,0.2176,8.32
2022-06-30,Q2 2022,WMT,Walmart,Consumer,515.98,56.03,572.02,411.84,0.098,0.0406,0.2118,25.21
2022-06-30,Q2 2022,XOM,Exxon Mobil,Energy,508.46,64.06,572.51,587.25,0.1119,0.0406,0.2534,32.03
2022-09-30,Q3 2022,AAPL,Apple,Technology,10324.08,173.38,10497.46,12002.29,0.0165,0.0342,0.2565,60.68
2022-09-30,Q3 2022,BAC,Bank of America,Financials,436.95,370.59,807.54,563.84,0.4589,0.0342,0.2749,222.35
2022-09-30,Q3 2022,GS,Goldman Sachs,Financials,164.97,166.58,331.56,136.58,0.5024,0.0342,0.2719,108.28
2022-09-30,Q3 2022,JNJ,Johnson & Johnson,Healthcare,702.78,51.08,753.87,827.82,0.0678,0.0342,0.1793,20.43
2022-09-30,Q3 2022,JPM,JPMorgan Chase,Financials,640.07,482.73,1122.8,609.24,0.4299,0.0342,0.2569,289.64
2022-09-30,Q3 2022,MSFT,Microsoft,Technology,6861.26,100.47,6961.73,8361.23,0.0144,0.0342,0.2188,40.19
2022-09-30,Q3 2022,PG,Procter & Gamble,Consumer,459.27,37.0,496.26,324.69,0.0745,0.0342,0.1463,14.8
2022-09-30,Q3 2022,V,Visa,Financials,1287.17,25.43,1312.61,1108.76,0.0194,0.0342,0.2225,8.9
2022-09-30,Q3 2022,WMT,Walmart,Consumer,563.22,58.58,621.8,462.02,0.0942,0.0342,0.1997,26.36
2022-09-30,Q3 2022,XOM,Exxon Mobil,Energy,578.9,68.27,647.17,450.82,0.1055,0.0342,0.2538,34.14
2022-12-31,Q4 2022,AAPL,Apple,Technology,8343.7,170.87,8514.56,7474.92,0.0201,0.0419,0.2409,59.8
2022-12-31,Q4 2022,BAC,Bank of America,Financials,340.26,419.15,759.41,397.39,0.5519,0.0419,0.2542,251.49
2022-12-31,Q4 2022,GS,Goldman Sachs,Financials,187.57,161.19,348.76,158.54,0.4622,0.0419,0.3292,104.77
2022-12-31,Q4 2022,JNJ,Johnson & Johnson,Healthcare,586.76,48.27,635.03,610.54,0.076,0.0419,0.1868,19.31
2022-12-31,Q4 2022,JPM,JPMorgan Chase,Financials,487.12,459.71,946.82,516.35,0.4855,0.0419,0.2396,275.82
2022-12-31,Q4 2022,MSFT,Microsoft,Technology,6848.35,108.37,6956.73,7333.86,0.0156,0.0419,0.2289,43.35
2022-12-31,Q4 2022,PG,Procter & Gamble,Consumer,543.81,38.07,581.88,612.03,0.0654,0.0419,0.1719,15.23
2022-12-31,Q4 2022,V,Visa,Financials,1188.31,27.29,1215.6,854.34,0.0224,0.0419,0.2283,9.55
2022-12-31,Q4 2022,WMT,Walmart,Consumer,517.58,59.12,576.7,414.32,0.1025,0.0419,0.1842,26.61
2022-12-31,Q4 2022,XOM,Exxon Mobil,Energy,562.08,65.57,627.66,404.66,0.1045,0.0419,0.2564,32.79
2023-03-31,Q1 2023,AAPL,Apple,Technology,9393.53,179.7,9573.23,10288.02,0.0188,0.037,0.2399,62.9
2023-03-31,Q1 2023,BAC,Bank of America,Financials,486.08,432.13,918.21,472.17,0.4706,0.037,0.288,259.28
2023-03-31,Q1 2023,GS,Goldman Sachs,Financials,186.24,184.91,371.15,139.49,0.4982,0.037,0.2736,120.19
2023-03-31,Q1 2023,JNJ,Johnson & Johnson,Healthcare,667.11,51.14,718.25,546.85,0.0712,0.037,0.1865,20.46
2023-03-31,Q1 2023,JPM,JPMorgan Chase,Financials,573.1,494.35,1067.45,517.89,0.4631,0.037,0.2657,296.61
2023-03-31,Q1 2023,MSFT,Microsoft,Technology,7285.52,106.05,7391.57,8910.7,0.0143,0.037,0.2076,42.42
2023-03-31,Q1 2023,PG,Procter & Gamble,Consumer,581.93,38.49,620.42,560.49,0.062,0.037,0.1672,15.4
2023-03-31,Q1 2023,V,Visa,Financials,964.93,25.11,990.04,875.73,0.0254,0.037,0.2046,8.79
2023-03-31,Q1 2023,WMT,Walmart,Consumer,545.72,60.3,606.02,666.3,0.0995,0.037,0.2091,27.14
2023-03-31,Q1 2023,XOM,Exxon Mobil,Energy,535.06,72.4,607.46,447.89,0.1192,0.037,0.3078,36.2
2023-06-30,Q2 2023,AAPL,Apple,Technology,10594.69,177.28,10771.97,8987.88,0.0165,0.0385,0.2578,62.05
2023-06-30,Q2 2023,BAC,Bank of America,Financials,463.33,420.85,884.18,577.96,0.476,0.0385,0.2638,252.51
2023-06-30,Q2 2023,GS,Goldman Sachs,Financials,156.17,183.53,339.7,178.01,0.5403,0.0385,0.2779,119.29
2023-06-30,Q2 2023,JNJ,Johnson & Johnson,Healthcare,464.05,50.34,514.39,594.74,0.0979,0.0385,0.1713,20.14
2023-06-30,Q2 2023,JPM,JPMorgan Chase,Financials,690.57,501.7,1192.27,856.6,0.4208,0.0385,0.2461,301.02
2023-06-30,Q2 2023,MSFT,Microsoft,Technology,8440.75,113.6,8554.35,6818.52,0.0133,0.0385,0.2085,45.44
2023-06-30,Q2 2023,PG,Procter & Gamble,Consumer,532.07,38.33,570.4,480.03,0.0672,0.0385,0.1705,15.33
2023-06-30,Q2 2023,V,Visa,Financials,1331.99,25.9,1357.9,1121.05,0.0191,0.0385,0.1921,9.07
2023-06-30,Q2 2023,WMT,Walmart,Consumer,484.89,57.35,542.24,564.45,0.1058,0.0385,0.1852,25.81
2023-06-30,Q2 2023,XOM,Exxon Mobil,Energy,642.17,69.47,711.65,587.93,0.0976,0.0385,0.2852,34.74
2023-09-30,Q3 2023,AAPL,Apple,Technology,11058.7,179.27,11237.97,11265.52,0.016,0.037,0.261,62.75
2023-09-30,Q3 2023,BAC,Bank of America,Financials,453.06,402.56,855.63,327.11,0.4705,0.037,0.2932,241.54
2023-09-30,Q3 2023,GS,Goldman Sachs,Financials,181.62,168.92,350.54,219.13,0.4819,0.037,0.3183,109.8
2023-09-30,Q3 2023,JNJ,Johnson & Johnson,Healthcare,653.37,53.86,707.24,635.63,0.0762,0.037,0.1806,21.55
2023-09-30,Q3 2023,JPM,JPMorgan Chase,Financials,555.92,441.62,997.54,594.99,0.4427,0.037,0.2603,264.97
2023-09-30,Q3 2023,MSFT,Microsoft,Technology,9299.75,117.89,9417.64,7658.39,0.0125,0.037,0.2029,47.16
2023-09-30,Q3 2023,PG,Procter & Gamble,Consumer,459.6,37.1,496.71,561.12,0.0747,0.037,0.1497,14.84
2023-09-30,Q3 2023,V,Visa,Financials,1212.63,27.65,1240.29,995.71,0.0223,0.037,0.2173,9.68
2023-09-30,Q3 2023,WMT,Walmart,Consumer,572.05,67.98,640.03,448.37,0.1062,0.037,0.1812,30.59
2023-09-30,Q3 2023,XOM,Exxon Mobil,Energy,579.83,69.6,649.43,515.87,0.1072,0.037,0.2804,34.8
2023-12-31,Q4 2023,AAPL,Apple,Technology,10002.8,181.78,10184.57,12227.94,0.0178,0.0493,0.2536,63.62
2023-12-31,Q4 2023,BAC,Bank of America,Financials,505.56,461.35,966.91,617.46,0.4771,0.0493,0.284,276.81
2023-12-31,Q4 2023,GS,Goldman Sachs,Financials,189.94,181.99,371.93,157.54,0.4893,0.0493,0.3095,118.29
2023-12-31,Q4 2023,JNJ,Johnson & Johnson,Healthcare,698.97,54.81,753.78,828.08,0.0727,0.0493,0.1894,21.93
2023-12-31,Q4 2023,JPM,JPMorgan Chase,Financials,775.16,502.73,1277.88,981.94,0.3934,0.0493,0.2592,301.64
2023-12-31,Q4 2023,MSFT,Microsoft,Technology,8943.8,122.64,9066.45,6832.67,0.0135,0.0493,0.2269,49.06
2023-12-31,Q4 2023,PG,Procter & Gamble,Consumer,518.91,41.47,560.38,484.21,0.074,0.0493,0.1584,16.59
2023-12-31,Q4 2023,V,Visa,Financials,1441.59,26.21,1467.8,1289.87,0.0179,0.0493,0.2044,9.17
2023-12-31,Q4 2023,WMT,Walmart,Consumer,491.12,60.86,551.98,584.78,0.1103,0.0493,0.1848,27.39
2023-12-31,Q4 2023,XOM,Exxon Mobil,Energy,608.69,72.83,681.53,746.93,0.1069,0.0493,0.2746,36.42
2024-03-31,Q1 2024,AAPL,Apple,Technology,9873.42,197.63,10071.06,11727.57,0.0196,0.04,0.2505,69.17
2024-03-31,Q1 2024,BAC,Bank of America,Financials,425.33,448.02,873.35,455.83,0.513,0.04,0.278,268.81
2024-03-31,Q1 2024,GS,Goldman Sachs,Financials,213.51,181.74,395.25,215.96,0.4598,0.04,0.2988,118.13
2024-03-31,Q1 2024,JNJ,Johnson & Johnson,Healthcare,697.84,50.01,747.85,691.92,0.0669,0.04,0.1712,20.0
2024-03-31,Q1 2024,JPM,JPMorgan Chase,Financials,607.55,469.18,1076.73,508.13,0.4357,0.04,0.2287,281.51
2024-03-31,Q1 2024,MSFT,Microsoft,Technology,8030.67,106.7,8137.37,8416.98,0.0131,0.04,0.2215,42.68
2024-03-31,Q1 2024,PG,Procter & Gamble,Consumer,441.12,36.63,477.76,356.73,0.0767,0.04,0.1658,14.65
2024-03-31,Q1 2024,V,Visa,Financials,1161.74,27.9,1189.64,1312.4,0.0235,0.04,0.2005,9.76
2024-03-31,Q1 2024,WMT,Walmart,Consumer,550.98,58.95,609.93,651.16,0.0966,0.04,0.2016,26.53
2024-03-31,Q1 2024,XOM,Exxon Mobil,Energy,630.38,70.22,700.6,533.36,0.1002,0.04,0.3039,35.11
2024-06-30,Q2 2024,AAPL,Apple,Technology,13033.52,180.78,13214.3,13901.41,0.0137,0.0368,0.2357,63.27
2024-06-30,Q2 2024,BAC,Bank of America,Financials,432.3,383.06,815.35,552.37,0.4698,0.0368,0.2791,229.83
2024-06-30,Q2 2024,GS,Goldman Sachs,Financials,205.53,175.96,381.49,149.23,0.4612,0.0368,0.308,114.38
2024-06-30,Q2 2024,JNJ,Johnson & Johnson,Healthcare,641.27,51.43,692.7,705.73,0.0743,0.0368,0.1654,20.57
2024-06-30,Q2 2024,JPM,JPMorgan Chase,Financials,661.97,490.15,1152.12,744.99,0.4254,0.0368,0.2303,294.09
2024-06-30,Q2 2024,MSFT,Microsoft,Technology,9793.01,116.67,9909.68,11668.5,0.0118,0.0368,0.2369,46.67
2024-06-30,Q2 2024,PG,Procter & Gamble,Consumer,550.44,38.73,589.17,585.81,0.0657,0.0368,0.1615,15.49
2024-06-30,Q2 2024,V,Visa,Financials,1634.27,27.77,1662.04,1356.52,0.0167,0.0368,0.193,9.72
2024-06-30,Q2 2024,WMT,Walmart,Consumer,645.65,59.65,705.29,679.2,0.0846,0.0368,0.1867,26.84
2024-06-30,Q2 2024,XOM,Exxon Mobil,Energy,564.18,63.68,627.86,659.14,0.1014,0.0368,0.2674,31.84
2024-09-30,Q3 2024,AAPL,Apple,Technology,11618.72,190.22,11808.95,8604.45,0.0161,0.0425,0.2544,66.58
2024-09-30,Q3 2024,BAC,Bank of America,Financials,438.11,401.59,839.7,419.24,0.4783,0.0425,0.2922,240.95
2024-09-30,Q3 2024,GS,Goldman Sachs,Financials,232.59,179.77,412.36,201.07,0.436,0.0425,0.2748,116.85
2024-09-30,Q3 2024,JNJ,Johnson & Johnson,Healthcare,590.6,47.21,637.81,531.42,0.074,0.0425,0.1861,18.88
2024-09-30,Q3 2024,JPM,JPMorgan Chase,Financials,680.7,476.85,1157.55,719.29,0.4119,0.0425,0.2498,286.11
2024-09-30,Q3 2024,MSFT,Microsoft,Technology,10403.64,113.86,10517.5,8697.38,0.0108,0.0425,0.2136,45.55
2024-09-30,Q3 2024,PG,Procter & Gamble,Consumer,537.94,39.09,577.02,407.76,0.0677,0.0425,0.1584,15.63
2024-09-30,Q3 2024,V,Visa,Financials,1444.7,27.92,1472.62,1163.24,0.019,0.0425,0.218,9.77
2024-09-30,Q3 2024,WMT,Walmart,Consumer,602.99,67.7,670.69,590.4,0.1009,0.0425,0.1824,30.47
2024-09-30,Q3 2024,XOM,Exxon Mobil,Energy,564.73,68.96,633.68,693.51,0.1088,0.0425,0.2884,34.48
2024-12-31,Q4 2024,AAPL,Apple,Technology,13107.96,199.29,13307.26,9459.97,0.015,0.0363,0.2306,69.75
2024-12-31,Q4 2024,BAC,Bank of America,Financials,580.47,397.63,978.1,751.99,0.4065,0.0363,0.3039,238.58
2024-12-31,Q4 2024,GS,Goldman Sachs,Financials,196.44,186.24,382.67,198.91,0.4867,0.0363,0.3074,121.05
2024-12-31,Q4 2024,JNJ,Johnson & Johnson,Healthcare,615.48,47.84,663.32,577.43,0.0721,0.0363,0.1781,19.14
2024-12-31,Q4 2024,JPM,JPMorgan Chase,Financials,605.17,475.32,1080.5,665.05,0.4399,0.0363,0.2648,285.19
2024-12-31,Q4 2024,MSFT,Microsoft,Technology,9420.26,119.74,9540.0,7316.04,0.0126,0.0363,0.2343,47.9
2024-12-31,Q4 2024,PG,Procter & Gamble,Consumer,533.91,39.39,573.31,626.82,0.0687,0.0363,0.1537,15.76
2024-12-31,Q4 2024,V,Visa,Financials,1785.03,27.52,1812.55,1657.18,0.0152,0.0363,0.2259,9.63
2024-12-31,Q4 2024,WMT,Walmart,Consumer,618.45,63.93,682.39,774.08,0.0937,0.0363,0.1999,28.77
2024-12-31,Q4 2024,XOM,Exxon Mobil,Energy,678.8,65.73,744.53,510.86,0.0883,0.0363,0.3045,32.86
2025-03-31,Q1 2025,AAPL,Apple,Technology,12292.58,189.15,12481.73,8795.18,0.0152,0.0406,0.2225,66.2
2025-03-31,Q1 2025,BAC,Bank of America,Financials,486.0,423.41,909.41,527.11,0.4656,0.0406,0.2981,254.05
2025-03-31,Q1 2025,GS,Goldman Sachs,Financials,205.73,176.16,381.89,218.85,0.4613,0.0406,0.3159,114.5
2025-03-31,Q1 2025,JNJ,Johnson & Johnson,Healthcare,758.9,53.08,811.98,731.36,0.0654,0.0406,0.1658,21.23
2025-03-31,Q1 2025,JPM,JPMorgan Chase,Financials,742.18,492.1,1234.28,596.8,0.3987,0.0406,0.2597,295.26
2025-03-31,Q1 2025,MSFT,Microsoft,Technology,10432.18,120.01,10552.19,9797.88,0.0114,0.0406,0.2044,48.0
2025-03-31,Q1 2025,PG,Procter & Gamble,Consumer,625.86,39.28,665.14,807.49,0.0591,0.0406,0.1517,15.71
2025-03-31,Q1 2025,V,Visa,Financials,1560.67,27.36,1588.03,1146.93,0.0172,0.0406,0.2308,9.58
2025-03-31,Q1 2025,WMT,Walmart,Consumer,478.23,59.14,537.37,512.54,0.1101,0.0406,0.206,26.61
2025-03-31,Q1 2025,XOM,Exxon Mobil,Energy,615.6,68.87,684.46,787.65,0.1006,0.0406,0.2762,34.43
2025-06-30,Q2 2025,AAPL,Apple,Technology,14467.23,203.1,14670.34,16804.89,0.0138,0.0341,0.2165,71.09
2025-06-30,Q2 2025,BAC,Bank of America,Financials,518.83,428.45,947.28,616.57,0.4523,0.0341,0.2865,257.07
2025-06-30,Q2 2025,GS,Goldman Sachs,Financials,209.1,185.59,394.68,212.49,0.4702,0.0341,0.2956,120.63
2025-06-30,Q2 2025,JNJ,Johnson & Johnson,Healthcare,542.05,51.7,593.75,553.53,0.0871,0.0341,0.1697,20.68
2025-06-30,Q2 2025,JPM,JPMorgan Chase,Financials,708.85,484.11,1192.96,790.58,0.4058,0.0341,0.2281,290.47
2025-06-30,Q2 2025,MSFT,Microsoft,Technology,8525.37,113.01,8638.39,7848.93,0.0131,0.0341,0.2162,45.2
2025-06-30,Q2 2025,PG,Procter & Gamble,Consumer,541.42,38.24,579.66,618.52,0.066,0.0341,0.1592,15.3
2025-06-30,Q2 2025,V,Visa,Financials,1605.07,29.57,1634.64,1218.01,0.0181,0.0341,0.2095,10.35
2025-06-30,Q2 2025,WMT,Walmart,Consumer,627.1,63.14,690.24,480.26,0.0915,0.0341,0.2019,28.41
2025-06-30,Q2 2025,XOM,Exxon Mobil,Energy,683.44,66.94,750.38,486.28,0.0892,0.0341,0.2665,33.47
2025-09-30,Q3 2025,AAPL,Apple,Technology,14543.38,213.48,14756.86,10761.97,0.0145,0.036,0.2409,74.72
2025-09-30,Q3 2025,BAC,Bank of America,Financials,456.61,412.98,869.59,508.15,0.4749,0.036,0.2765,247.79
2025-09-30,Q3 2025,GS,Goldman Sachs,Financials,234.26,184.01,418.26,169.38,0.4399,0.036,0.3241,119.6
2025-09-30,Q3 2025,JNJ,Johnson & Johnson,Healthcare,692.34,52.42,744.76,514.24,0.0704,0.036,0.1624,20.97
2025-09-30,Q3 2025,JPM,JPMorgan Chase,Financials,682.18,467.97,1150.15,665.58,0.4069,0.036,0.2643,280.78
2025-09-30,Q3 2025,MSFT,Microsoft,Technology,9887.48,135.91,10023.38,10832.84,0.0136,0.036,0.2374,54.36
2025-09-30,Q3 2025,PG,Procter & Gamble,Consumer,585.49,41.55,627.04,502.95,0.0663,0.036,0.1447,16.62
2025-09-30,Q3 2025,V,Visa,Financials,1411.48,26.68,1438.16,1135.49,0.0186,0.036,0.1931,9.34
2025-09-30,Q3 2025,WMT,Walmart,Consumer,622.33,59.15,681.48,566.21,0.0868,0.036,0.211,26.62
2025-09-30,Q3 2025,XOM,Exxon Mobil,Energy,743.64,70.78,814.42,749.1,0.0869,0.036,0.2901,35.39
2025-12-31,Q4 2025,AAPL,Apple,Technology,17696.17,218.69,17914.85,21006.44,0.0122,0.0406,0.2475,76.54
2025-12-31,Q4 2025,BAC,Bank of America,Financials,512.14,422.6,934.73,547.48,0.4521,0.0406,0.2954,253.56
2025-12-31,Q4 2025,GS,Goldman Sachs,Financials,210.0,182.85,392.85,152.28,0.4655,0.0406,0.3281,118.85
2025-12-31,Q4 2025,JNJ,Johnson & Johnson,Healthcare,690.63,50.83,741.46,665.52,0.0686,0.0406,0.1841,20.33
2025-12-31,Q4 2025,JPM,JPMorgan Chase,Financials,818.41,530.63,1349.04,879.62,0.3933,0.0406,0.2441,318.38
2025-12-31,Q4 2025,MSFT,Microsoft,Technology,13128.28,120.07,13248.35,16908.99,0.0091,0.0406,0.2245,48.03
2025-12-31,Q4 2025,PG,Procter & Gamble,Consumer,528.53,39.02,567.54,609.41,0.0687,0.0406,0.1587,15.61
2025-12-31,Q4 2025,V,Visa,Financials,1566.4,29.63,1596.03,1906.03,0.0186,0.0406,0.2246,10.37
2025-12-31,Q4 2025,WMT,Walmart,Consumer,497.07,62.96,560.02,612.46,0.1124,0.0406,0.2058,28.33
2025-12-31,Q4 2025,XOM,Exxon Mobil,Energy,684.37,68.18,752.55,860.15,0.0906,0.0406,0.2646,34.09
2026-03-31,Q1 2026,AAPL,Apple,Technology,16975.04,208.4,17183.44,14913.07,0.0121,0.0422,0.2431,72.94
2026-03-31,Q1 2026,BAC,Bank of America,Financials,605.29,435.7,1040.98,781.31,0.4185,0.0422,0.3045,261.42
2026-03-31,Q1 2026,GS,Goldman Sachs,Financials,190.3,183.17,373.47,226.58,0.4905,0.0422,0.2828,119.06
2026-03-31,Q1 2026,JNJ,Johnson & Johnson,Healthcare,794.46,53.5,847.96,560.57,0.0631,0.0422,0.1709,21.4
2026-03-31,Q1 2026,JPM,JPMorgan Chase,Financials,800.95,520.98,1321.93,933.8,0.3941,0.0422,0.2578,312.59
2026-03-31,Q1 2026,MSFT,Microsoft,Technology,10474.43,133.23,10607.66,11937.51,0.0126,0.0422,0.2219,53.29
2026-03-31,Q1 2026,PG,Procter & Gamble,Consumer,589.27,41.82,631.09,608.44,0.0663,0.0422,0.1442,16.73
2026-03-31,Q1 2026,V,Visa,Financials,1518.87,31.06,1549.93,1624.57,0.02,0.0422,0.1969,10.87
2026-03-31,Q1 2026,WMT,Walmart,Consumer,549.81,63.23,613.04,648.8,0.1031,0.0422,0.1882,28.45
2026-03-31,Q1 2026,XOM,Exxon Mobil,Energy,831.07,72.34,903.4,899.03,0.0801,0.0422,0.2946,36.17
