FacilityID,FacilityType,CreditLimit_M,CurrentBalance_M,Utilization,UnusedLimit_M,CreditScore,MaturityMonths,IndustryStress,CCF,EAD_M,EAD_Percent
1,Credit Card,0.08,0.03,0.4167,0.05,514,12,0,0.7599,0.07,0.8599
2,Letter of Credit,3.29,0.9,0.2752,2.38,685,87,1,0.629,2.4,0.7311
3,Term Loan,54.85,51.74,0.9432,3.12,774,82,0,0.8,54.23,0.9886
4,Letter of Credit,6.2,4.07,0.6572,2.12,543,87,0,0.644,5.44,0.878
5,Credit Card,0.03,0.01,0.1983,0.02,754,12,0,0.6,0.02,0.6793
6,Credit Card,0.09,0.05,0.5435,0.04,405,12,0,0.6113,0.08,0.8225
7,Term Loan,78.64,78.16,0.9939,0.48,569,118,1,1.0,78.64,1.0
8,Letter of Credit,11.62,5.59,0.4807,6.04,352,47,0,0.4948,8.57,0.7377
9,Letter of Credit,5.88,1.73,0.2943,4.15,428,31,0,0.7514,4.85,0.8246
10,Revolving Credit Line,35.86,10.89,0.3036,24.97,327,18,1,1.0,35.86,1.0
11,Revolving Credit Line,4.11,1.42,0.3454,2.69,846,12,0,0.7543,3.45,0.8392
12,Credit Card,0.08,0.04,0.4495,0.04,314,12,0,0.7582,0.07,0.8669
13,Credit Card,0.01,0.0,0.0549,0.01,706,12,0,0.5296,0.01,0.5554
14,Revolving Credit Line,12.21,5.0,0.4096,7.21,327,55,0,1.0,12.21,1.0
15,Credit Card,0.04,0.01,0.2959,0.03,582,12,0,0.7454,0.03,0.8207
16,Revolving Credit Line,15.93,9.96,0.6248,5.98,533,55,0,0.7421,14.39,0.9032
17,Letter of Credit,10.62,1.2,0.1127,9.42,809,62,0,0.3363,4.36,0.4111
18,Revolving Credit Line,49.89,15.67,0.314,34.22,429,55,0,1.0,49.89,1.0
19,Credit Card,0.07,0.01,0.1153,0.06,497,12,0,0.8939,0.06,0.9061
20,Letter of Credit,16.79,4.56,0.2714,12.23,702,113,0,0.3125,8.38,0.4991
21,Letter of Credit,2.38,0.67,0.2811,1.71,772,73,1,0.5989,1.69,0.7116
22,Credit Card,0.03,0.01,0.2027,0.02,532,12,0,0.7178,0.02,0.775
23,Credit Card,0.09,0.02,0.2167,0.07,772,12,0,0.4012,0.05,0.531
24,Letter of Credit,6.45,4.14,0.6406,2.32,697,44,0,0.4466,5.17,0.8011
25,Letter of Credit,17.06,8.97,0.5256,8.09,674,45,0,0.6892,14.54,0.8526
26,Revolving Credit Line,24.85,18.87,0.7595,5.98,780,16,0,0.6598,22.82,0.9182
27,Letter of Credit,0.97,0.24,0.2435,0.74,398,83,1,0.5765,0.66,0.6796
28,Revolving Credit Line,10.35,9.1,0.8784,1.26,622,51,0,0.7522,10.04,0.9699
29,Credit Card,0.1,0.02,0.1547,0.08,692,12,0,0.6078,0.07,0.6685
30,Revolving Credit Line,15.53,4.79,0.3083,10.74,335,56,0,0.8613,14.04,0.9041
31,Term Loan,80.6,79.71,0.989,0.89,770,38,0,0.8,80.42,0.9978
32,Term Loan,46.66,45.12,0.9672,1.53,350,48,0,1.0,46.66,1.0
33,Term Loan,32.22,30.9,0.9591,1.32,641,72,0,1.0,32.22,1.0
34,Term Loan,33.81,32.25,0.9537,1.57,563,76,0,1.0,33.81,1.0
35,Letter of Credit,12.65,1.66,0.1315,10.98,568,53,0,0.4595,6.71,0.5306
36,Credit Card,0.05,0.01,0.141,0.04,357,12,1,0.8731,0.04,0.891
37,Letter of Credit,11.21,8.26,0.7365,2.95,746,92,0,0.3743,9.36,0.8351
38,Letter of Credit,11.54,6.86,0.5947,4.68,346,117,1,0.8024,10.61,0.9199
39,Letter of Credit,0.83,0.25,0.3053,0.58,656,46,0,0.6797,0.65,0.7774
40,Letter of Credit,1.38,0.78,0.5603,0.61,624,27,0,0.6776,1.19,0.8582
41,Term Loan,7.52,7.21,0.9586,0.31,774,107,0,0.8,7.46,0.9917
42,Term Loan,59.47,54.29,0.9129,5.18,726,35,0,0.8,58.43,0.9826
43,Revolving Credit Line,32.92,27.15,0.8246,5.77,552,46,0,0.8639,32.14,0.9761
44,Revolving Credit Line,42.4,14.23,0.3356,28.17,800,56,1,0.653,32.62,0.7695
45,Revolving Credit Line,40.37,18.22,0.4514,22.15,398,59,0,0.915,38.49,0.9534
46,Letter of Credit,7.15,2.01,0.2806,5.14,516,53,1,0.5774,4.97,0.696
47,Letter of Credit,8.1,4.15,0.5121,3.95,805,39,0,0.3338,5.47,0.675
48,Revolving Credit Line,28.13,5.08,0.1805,23.05,308,21,1,1.0,28.13,1.0
49,Term Loan,12.99,12.6,0.9701,0.39,469,32,1,1.0,12.99,1.0
50,Term Loan,18.93,18.01,0.9513,0.92,721,106,0,0.8,18.74,0.9903
51,Revolving Credit Line,19.16,10.84,0.5659,8.32,744,55,0,0.6448,16.21,0.8458
52,Term Loan,36.37,34.32,0.9434,2.06,472,36,0,1.0,36.37,1.0
53,Term Loan,10.35,9.44,0.9119,0.91,660,62,0,1.0,10.35,1.0
54,Revolving Credit Line,12.64,9.24,0.7315,3.39,416,17,1,1.0,12.64,1.0
55,Revolving Credit Line,3.11,1.08,0.3454,2.04,526,30,1,0.9554,3.02,0.9708
56,Revolving Credit Line,11.62,2.63,0.2259,9.0,629,43,0,0.7986,9.81,0.8441
57,Letter of Credit,12.59,3.46,0.2746,9.13,477,51,0,0.8277,11.02,0.875
58,Letter of Credit,9.34,1.94,0.2078,7.4,846,29,1,0.5431,5.96,0.638
59,Credit Card,0.09,0.01,0.0633,0.09,673,12,1,0.9156,0.09,0.921
60,Revolving Credit Line,19.46,7.84,0.4031,11.62,404,46,0,0.8441,17.65,0.9069
61,Credit Card,0.09,0.01,0.1228,0.08,757,12,0,0.4579,0.05,0.5245
62,Revolving Credit Line,7.33,4.97,0.6782,2.36,333,39,0,0.8467,6.97,0.9507
63,Term Loan,54.43,53.19,0.9772,1.24,605,35,1,1.0,54.43,1.0
64,Letter of Credit,11.44,7.44,0.65,4.0,506,108,0,0.622,9.93,0.8677
65,Credit Card,0.02,0.0,0.1545,0.02,734,12,1,0.5561,0.01,0.6247
66,Term Loan,47.84,47.41,0.991,0.43,841,74,0,0.8,47.75,0.9982
67,Revolving Credit Line,8.21,0.84,0.1021,7.37,352,13,0,1.0,8.21,1.0
68,Letter of Credit,7.16,0.13,0.0183,7.03,819,27,0,0.3506,2.6,0.3625
69,Credit Card,0.09,0.03,0.333,0.06,304,12,0,0.7251,0.07,0.8167
70,Term Loan,13.43,12.25,0.9121,1.18,532,35,0,1.0,13.43,1.0
71,Term Loan,17.23,16.08,0.933,1.15,372,49,1,1.0,17.23,1.0
72,Revolving Credit Line,34.7,5.65,0.1628,29.05,556,19,0,0.7461,27.33,0.7875
73,Credit Card,0.06,0.01,0.2529,0.04,685,12,0,0.511,0.04,0.6347
74,Letter of Credit,3.1,1.44,0.4652,1.66,573,61,0,0.397,2.1,0.6775
75,Revolving Credit Line,37.13,24.33,0.6553,12.8,425,55,0,0.9429,36.4,0.9803
76,Revolving Credit Line,34.28,7.53,0.2196,26.75,333,58,0,0.9695,33.46,0.9762
77,Credit Card,0.04,0.02,0.4045,0.03,614,12,1,0.784,0.04,0.8714
78,Revolving Credit Line,1.37,0.65,0.4751,0.72,745,41,0,0.7394,1.18,0.8632
79,Credit Card,0.01,0.01,0.3695,0.01,803,12,0,0.597,0.01,0.7459
80,Term Loan,57.89,55.41,0.9572,2.48,734,68,1,0.92,57.69,0.9966
81,Term Loan,96.96,94.16,0.9711,2.8,524,43,0,1.0,96.96,1.0
82,Credit Card,0.07,0.02,0.2204,0.06,558,12,0,0.601,0.05,0.6889
83,Term Loan,57.12,54.54,0.9549,2.58,312,63,1,1.0,57.12,1.0
84,Revolving Credit Line,7.8,6.22,0.7969,1.58,617,55,0,0.9332,7.7,0.9864
85,Credit Card,0.09,0.02,0.2095,0.07,528,12,0,0.5491,0.06,0.6435
86,Revolving Credit Line,10.13,7.24,0.7141,2.9,341,36,0,0.9756,10.06,0.993
87,Letter of Credit,7.85,0.76,0.0974,7.09,444,89,0,0.7951,6.4,0.8151
88,Credit Card,0.06,0.0,0.0674,0.05,799,12,1,0.6311,0.04,0.656
89,Letter of Credit,14.96,5.82,0.3891,9.14,495,109,0,0.5971,11.28,0.7539
90,Term Loan,37.5,36.83,0.9821,0.67,458,70,1,1.0,37.5,1.0
91,Letter of Credit,12.28,9.47,0.7714,2.81,429,50,0,0.6931,11.42,0.9298
92,Letter of Credit,14.47,7.66,0.5293,6.81,433,95,0,0.4982,11.05,0.7638
93,Credit Card,0.02,0.0,0.1279,0.02,759,12,0,0.6205,0.02,0.6691
94,Revolving Credit Line,46.2,8.92,0.193,37.28,350,40,0,1.0,46.2,1.0
95,Credit Card,0.05,0.03,0.562,0.02,436,12,0,0.8836,0.05,0.949
96,Term Loan,36.68,34.47,0.9398,2.21,836,113,1,0.92,36.51,0.9952
97,Term Loan,49.24,46.69,0.9481,2.56,646,40,0,1.0,49.24,1.0
98,Credit Card,0.05,0.01,0.2502,0.04,460,12,0,0.809,0.04,0.8568
99,Term Loan,25.91,23.87,0.9213,2.04,348,94,1,1.0,25.91,1.0
100,Revolving Credit Line,8.28,2.13,0.2572,6.15,440,41,0,0.903,7.69,0.9279
101,Credit Card,0.04,0.03,0.6515,0.01,318,12,0,0.8792,0.04,0.9579
102,Credit Card,0.06,0.0,0.0261,0.06,563,12,1,0.9014,0.05,0.904
103,Letter of Credit,5.81,1.62,0.2782,4.19,477,30,0,0.373,3.18,0.5474
104,Credit Card,0.03,0.01,0.4321,0.02,528,12,0,0.6958,0.03,0.8273
105,Credit Card,0.07,0.03,0.4063,0.04,481,12,0,0.7055,0.06,0.8252
106,Letter of Credit,2.2,1.1,0.4992,1.1,847,52,0,0.5257,1.67,0.7624
107,Credit Card,0.07,0.03,0.4768,0.03,831,12,0,0.4983,0.05,0.7375
108,Term Loan,39.46,38.91,0.9861,0.55,799,109,1,0.92,39.42,0.9989
109,Revolving Credit Line,43.55,24.17,0.5549,19.38,414,28,0,1.0,43.55,1.0
110,Revolving Credit Line,20.72,14.37,0.6936,6.35,328,56,0,1.0,20.72,1.0
111,Term Loan,91.86,83.75,0.9118,8.1,655,64,0,1.0,91.86,1.0
112,Revolving Credit Line,20.86,13.91,0.6668,6.95,326,42,1,1.0,20.86,1.0
113,Letter of Credit,12.85,5.24,0.4076,7.61,662,88,0,0.5413,9.35,0.7282
114,Term Loan,11.48,11.3,0.9837,0.19,310,59,0,1.0,11.48,1.0
115,Credit Card,0.06,0.03,0.4245,0.04,611,12,0,0.5094,0.05,0.7176
116,Letter of Credit,3.66,1.15,0.3134,2.51,372,96,0,0.5581,2.55,0.6966
117,Revolving Credit Line,34.73,4.83,0.1392,29.9,471,41,0,0.8709,30.87,0.8889
118,Revolving Credit Line,5.49,2.74,0.5001,2.74,515,30,0,0.9016,5.22,0.9508
119,Credit Card,0.08,0.01,0.1443,0.06,837,12,0,0.5693,0.05,0.6315
120,Credit Card,0.1,0.07,0.6797,0.03,818,12,0,0.6219,0.09,0.8789
121,Term Loan,45.07,44.15,0.9795,0.92,522,117,0,1.0,45.07,1.0
122,Credit Card,0.04,0.01,0.2144,0.03,487,12,0,0.9186,0.04,0.9361
123,Credit Card,0.04,0.01,0.2103,0.03,648,12,0,0.7214,0.03,0.78
124,Revolving Credit Line,44.41,13.01,0.2929,31.41,338,57,0,1.0,44.41,1.0
125,Revolving Credit Line,2.84,2.3,0.81,0.54,658,31,0,0.7597,2.71,0.9544
126,Credit Card,0.05,0.02,0.3052,0.04,731,12,0,0.6371,0.04,0.7478
127,Revolving Credit Line,6.36,3.94,0.6185,2.43,739,57,0,0.7407,5.73,0.9011
128,Term Loan,20.87,20.85,0.9991,0.02,609,97,0,1.0,20.87,1.0
129,Revolving Credit Line,11.8,7.38,0.6254,4.42,346,34,1,1.0,11.8,1.0
130,Term Loan,54.88,50.82,0.926,4.06,718,73,0,0.8,54.07,0.9852
131,Revolving Credit Line,8.54,5.89,0.6899,2.65,628,15,0,0.7229,7.81,0.9141
132,Revolving Credit Line,20.17,6.8,0.3371,13.37,469,20,0,1.0,20.17,1.0
133,Credit Card,0.02,0.01,0.4168,0.01,753,12,1,0.4902,0.01,0.7027
134,Letter of Credit,1.98,0.74,0.375,1.24,339,63,0,0.4882,1.35,0.6801
135,Term Loan,54.52,53.8,0.9868,0.72,391,82,1,1.0,54.52,1.0
136,Revolving Credit Line,17.37,9.46,0.5447,7.91,330,34,0,1.0,17.37,1.0
137,Revolving Credit Line,37.43,19.22,0.5135,18.21,594,13,0,0.8542,34.78,0.9291
138,Revolving Credit Line,28.43,13.49,0.4745,14.94,625,30,1,0.9606,27.84,0.9793
139,Letter of Credit,16.88,3.58,0.2123,13.3,783,91,0,0.4666,9.79,0.5798
140,Term Loan,72.31,68.51,0.9474,3.81,321,113,0,1.0,72.31,1.0
141,Term Loan,87.8,87.56,0.9973,0.23,584,99,0,1.0,87.8,1.0
142,Credit Card,0.06,0.01,0.1851,0.05,758,12,0,0.507,0.04,0.5983
143,Term Loan,49.51,49.24,0.9944,0.28,398,36,1,1.0,49.51,1.0
144,Credit Card,0.08,0.01,0.0946,0.07,321,12,0,0.9125,0.08,0.9208
145,Term Loan,19.35,18.25,0.9432,1.1,320,70,0,1.0,19.35,1.0
146,Credit Card,0.1,0.01,0.1244,0.08,826,12,0,0.4481,0.05,0.5167
147,Revolving Credit Line,32.93,19.76,0.6002,13.17,729,36,1,0.8226,30.6,0.9291
148,Credit Card,0.05,0.01,0.2072,0.04,835,12,1,0.6302,0.04,0.7068
149,Term Loan,48.9,44.02,0.9001,4.88,754,40,0,0.8,47.92,0.98
150,Letter of Credit,8.89,5.61,0.6306,3.28,416,25,1,0.5853,7.53,0.8468
151,Revolving Credit Line,8.33,6.1,0.7321,2.23,465,43,0,1.0,8.33,1.0
152,Letter of Credit,15.71,7.39,0.4708,8.31,345,55,0,0.5915,12.31,0.7838
153,Letter of Credit,14.2,4.83,0.3401,9.37,415,49,0,0.4237,8.8,0.6197
154,Credit Card,0.03,0.01,0.3461,0.02,616,12,0,0.5095,0.02,0.6793
155,Term Loan,63.58,61.12,0.9613,2.46,669,99,1,1.0,63.58,1.0
156,Term Loan,64.4,63.01,0.9783,1.39,410,30,0,1.0,64.4,1.0
157,Letter of Credit,11.18,2.32,0.2072,8.86,313,98,0,0.6448,8.03,0.7184
158,Letter of Credit,3.61,0.99,0.2733,2.62,608,78,0,0.3647,1.94,0.5383
159,Term Loan,73.32,67.67,0.9228,5.66,651,79,1,1.0,73.32,1.0
160,Credit Card,0.02,0.0,0.108,0.02,631,12,0,0.7882,0.01,0.8111
161,Term Loan,75.56,71.22,0.9425,4.34,815,115,0,0.8,74.69,0.9885
162,Letter of Credit,10.34,2.35,0.2274,7.99,811,89,0,0.4937,6.3,0.6089
163,Credit Card,0.03,0.01,0.3664,0.02,320,12,0,0.6474,0.03,0.7766
164,Letter of Credit,8.4,4.0,0.4765,4.4,592,92,0,0.4749,6.09,0.7251
165,Term Loan,87.72,82.86,0.9445,4.87,803,112,0,0.8,86.75,0.9889
166,Credit Card,0.02,0.01,0.3291,0.02,748,12,1,0.4961,0.02,0.6619
167,Revolving Credit Line,12.61,6.42,0.5093,6.19,660,12,0,0.847,11.67,0.9249
168,Letter of Credit,14.28,5.29,0.3703,8.99,503,60,1,0.6695,11.31,0.7919
169,Letter of Credit,11.91,3.35,0.2812,8.56,810,60,1,0.2905,5.84,0.49
170,Credit Card,0.03,0.01,0.3918,0.02,541,12,1,0.5767,0.02,0.7426
171,Term Loan,35.7,35.6,0.9973,0.1,338,118,0,1.0,35.7,1.0
172,Credit Card,0.05,0.01,0.1218,0.05,635,12,1,0.8279,0.05,0.8488
173,Letter of Credit,19.41,10.5,0.541,8.91,385,70,0,0.7623,17.3,0.8909
174,Term Loan,40.56,36.57,0.9018,3.98,444,49,1,1.0,40.56,1.0
175,Letter of Credit,15.49,7.14,0.4609,8.35,586,103,1,0.6518,12.58,0.8123
176,Revolving Credit Line,6.22,3.7,0.5941,2.53,788,22,1,0.737,5.56,0.8932
177,Term Loan,92.94,87.72,0.9438,5.22,781,105,1,0.92,92.52,0.9955
178,Credit Card,0.05,0.01,0.2305,0.04,364,12,0,0.7426,0.04,0.8019
179,Revolving Credit Line,19.64,11.15,0.5675,8.49,401,37,0,0.8905,18.71,0.9527
180,Term Loan,63.85,60.43,0.9463,3.43,302,108,1,1.0,63.85,1.0
181,Letter of Credit,17.02,1.68,0.0986,15.34,642,93,0,0.5862,10.67,0.627
182,Credit Card,0.01,0.0,0.3497,0.01,623,12,1,0.6963,0.01,0.8025
183,Term Loan,20.8,20.01,0.9617,0.8,672,75,0,1.0,20.8,1.0
184,Revolving Credit Line,40.35,2.43,0.0603,37.91,389,36,0,0.877,35.68,0.8844
185,Letter of Credit,4.04,2.58,0.638,1.46,597,79,1,0.5674,3.41,0.8434
186,Credit Card,0.08,0.05,0.6496,0.03,417,12,0,0.8137,0.08,0.9347
187,Term Loan,25.14,24.17,0.9611,0.98,677,65,1,1.0,25.14,1.0
188,Letter of Credit,11.35,4.31,0.3798,7.04,466,97,1,0.8372,10.21,0.899
189,Term Loan,47.92,45.94,0.9587,1.98,782,56,0,0.8,47.52,0.9917
190,Revolving Credit Line,9.74,2.73,0.2806,7.01,376,36,1,1.0,9.74,1.0
191,Revolving Credit Line,34.12,9.87,0.2894,24.24,579,57,0,0.8811,31.23,0.9155
192,Term Loan,91.02,88.96,0.9773,2.07,335,59,0,1.0,91.02,1.0
193,Letter of Credit,7.66,6.21,0.8115,1.44,816,67,0,0.4128,6.81,0.8893
194,Term Loan,61.32,59.36,0.968,1.96,680,81,0,1.0,61.32,1.0
195,Term Loan,9.97,9.35,0.9378,0.62,508,58,0,1.0,9.97,1.0
196,Term Loan,36.69,35.15,0.958,1.54,741,59,1,0.92,36.57,0.9966
197,Revolving Credit Line,34.81,23.1,0.6637,11.71,311,28,0,1.0,34.81,1.0
198,Credit Card,0.09,0.02,0.1812,0.08,448,12,0,0.6925,0.07,0.7483
199,Letter of Credit,15.23,6.81,0.4469,8.42,780,46,0,0.3552,9.8,0.6434
200,Revolving Credit Line,17.97,5.72,0.3185,12.25,495,29,0,1.0,17.97,1.0
201,Credit Card,0.06,0.02,0.2667,0.05,728,12,0,0.6107,0.04,0.7145
202,Term Loan,73.54,67.22,0.9141,6.31,306,75,1,1.0,73.54,1.0
203,Credit Card,0.05,0.0,0.0279,0.04,565,12,1,0.6207,0.03,0.6313
204,Term Loan,34.8,33.43,0.9606,1.37,409,103,1,1.0,34.8,1.0
205,Revolving Credit Line,16.56,8.73,0.5271,7.83,836,26,1,0.7704,14.76,0.8914
206,Letter of Credit,2.88,1.3,0.451,1.58,342,25,0,0.433,1.98,0.6887
207,Credit Card,0.06,0.01,0.2024,0.05,355,12,0,0.7549,0.05,0.8045
208,Revolving Credit Line,7.97,1.44,0.1804,6.53,559,15,1,1.0,7.97,1.0
209,Credit Card,0.03,0.0,0.1565,0.03,784,12,1,0.5841,0.02,0.6492
210,Revolving Credit Line,18.36,12.59,0.6861,5.76,809,13,0,0.6437,16.3,0.8882
211,Term Loan,29.68,28.97,0.976,0.71,722,28,0,0.8,29.54,0.9952
212,Revolving Credit Line,41.88,16.28,0.3887,25.6,694,32,1,0.8332,37.61,0.898
213,Term Loan,17.08,16.85,0.9865,0.23,526,116,0,1.0,17.08,1.0
214,Term Loan,42.28,42.09,0.9956,0.19,404,87,1,1.0,42.28,1.0
215,Revolving Credit Line,47.2,15.62,0.3309,31.58,531,32,1,0.9474,45.54,0.9648
216,Letter of Credit,17.95,7.38,0.4111,10.57,766,92,0,0.4039,11.65,0.649
217,Revolving Credit Line,3.34,1.04,0.3116,2.3,782,35,0,0.6617,2.57,0.7671
218,Letter of Credit,7.39,3.14,0.4252,4.25,839,74,0,0.2715,4.29,0.5813
219,Term Loan,83.9,76.09,0.9069,7.81,437,61,0,1.0,83.9,1.0
220,Letter of Credit,19.37,3.9,0.2013,15.47,681,91,1,0.6412,13.82,0.7134
221,Term Loan,50.43,49.91,0.9896,0.53,448,59,0,1.0,50.43,1.0
222,Letter of Credit,2.72,1.62,0.5938,1.11,525,34,0,0.3443,2.0,0.7337
223,Term Loan,26.34,24.68,0.9372,1.65,423,112,0,1.0,26.34,1.0
224,Letter of Credit,5.19,2.58,0.4965,2.61,421,55,0,0.782,4.62,0.8903
225,Letter of Credit,18.42,7.2,0.3908,11.22,659,30,0,0.3215,10.81,0.5867
226,Letter of Credit,11.13,4.22,0.3797,6.9,762,46,1,0.5457,7.99,0.7182
227,Credit Card,0.08,0.02,0.2391,0.06,329,12,1,0.9534,0.08,0.9646
228,Letter of Credit,8.96,5.65,0.6301,3.31,814,88,0,0.3021,6.65,0.7418
229,Letter of Credit,16.1,10.88,0.676,5.22,365,64,0,0.6186,14.11,0.8764
230,Letter of Credit,0.6,0.11,0.1791,0.49,369,79,0,0.4199,0.32,0.5238
231,Credit Card,0.05,0.02,0.3191,0.03,768,12,0,0.4428,0.03,0.6206
232,Term Loan,63.86,59.75,0.9355,4.12,356,68,0,1.0,63.86,1.0
233,Credit Card,0.09,0.05,0.5185,0.04,799,12,0,0.5448,0.07,0.7808
234,Term Loan,61.94,59.48,0.9602,2.46,487,83,0,1.0,61.94,1.0
235,Credit Card,0.02,0.0,0.2795,0.01,318,12,0,0.6531,0.01,0.75
236,Credit Card,0.08,0.02,0.2908,0.05,602,12,1,0.8969,0.07,0.9269
237,Revolving Credit Line,9.5,1.52,0.1595,7.99,377,22,0,1.0,9.5,1.0
238,Revolving Credit Line,10.04,2.69,0.2676,7.35,553,56,0,0.9324,9.54,0.9505
239,Credit Card,0.09,0.03,0.362,0.06,348,12,0,0.9374,0.09,0.9601
240,Letter of Credit,3.1,1.49,0.4816,1.61,612,93,0,0.3901,2.12,0.6838
241,Letter of Credit,3.14,1.11,0.3546,2.03,713,109,0,0.319,1.76,0.5605
242,Letter of Credit,15.85,5.37,0.3388,10.48,527,79,0,0.5479,11.11,0.7011
243,Credit Card,0.02,0.0,0.0126,0.02,502,12,1,0.7683,0.02,0.7712
244,Credit Card,0.05,0.01,0.2848,0.03,320,12,0,0.8355,0.04,0.8824
245,Term Loan,23.16,21.63,0.9338,1.53,670,112,1,1.0,23.16,1.0
246,Letter of Credit,7.32,2.66,0.3639,4.65,653,51,0,0.3271,4.18,0.5719
247,Term Loan,57.14,54.93,0.9613,2.21,793,93,1,0.92,56.96,0.9969
248,Term Loan,20.75,20.64,0.9946,0.11,411,80,0,1.0,20.75,1.0
249,Term Loan,86.89,82.2,0.946,4.69,385,99,0,1.0,86.89,1.0
250,Letter of Credit,2.68,1.08,0.4011,1.61,331,30,1,0.7148,2.22,0.8292
251,Letter of Credit,15.26,1.93,0.1268,13.32,680,63,1,0.7001,11.26,0.7381
252,Credit Card,0.06,0.02,0.2883,0.04,526,12,0,0.697,0.05,0.7844
253,Revolving Credit Line,20.47,10.35,0.5054,10.12,307,35,0,1.0,20.47,1.0
254,Revolving Credit Line,32.09,5.69,0.1773,26.41,767,17,1,0.7169,24.62,0.767
255,Credit Card,0.04,0.03,0.5991,0.02,559,12,1,0.9089,0.04,0.9635
256,Credit Card,0.09,0.01,0.1677,0.07,832,12,0,0.4775,0.05,0.5651
257,Letter of Credit,17.7,3.47,0.1963,14.22,652,91,0,0.6561,12.81,0.7236
258,Term Loan,41.01,40.9,0.9973,0.11,775,116,0,0.8,40.99,0.9995
259,Term Loan,56.38,54.74,0.971,1.63,676,34,1,1.0,56.38,1.0
260,Letter of Credit,9.46,7.42,0.7845,2.04,576,51,1,0.3913,8.22,0.8688
261,Revolving Credit Line,21.59,8.0,0.3704,13.59,578,59,0,0.8845,20.02,0.9273
262,Letter of Credit,9.69,3.61,0.3722,6.08,365,63,0,0.6872,7.79,0.8036
263,Term Loan,86.3,79.63,0.9227,6.67,490,90,0,1.0,86.3,1.0
264,Revolving Credit Line,11.56,3.46,0.2995,8.1,759,28,1,0.8253,10.15,0.8777
265,Revolving Credit Line,45.04,21.69,0.4816,23.35,653,57,0,0.9161,43.09,0.9565
266,Letter of Credit,3.01,1.97,0.6554,1.04,723,111,0,0.5492,2.54,0.8447
267,Term Loan,86.54,80.42,0.9292,6.13,725,42,1,0.92,86.05,0.9943
268,Letter of Credit,19.65,5.96,0.3035,13.68,697,61,0,0.3273,10.44,0.5315
269,Revolving Credit Line,12.85,5.49,0.4272,7.36,633,41,0,0.7161,10.76,0.8374
270,Letter of Credit,17.12,5.64,0.3296,11.48,315,116,1,0.5715,12.2,0.7127
271,Letter of Credit,11.86,2.91,0.2456,8.95,500,84,0,0.6474,8.71,0.734
272,Term Loan,88.5,84.71,0.9572,3.79,600,110,0,1.0,88.5,1.0
273,Letter of Credit,18.26,3.54,0.1937,14.72,705,44,0,0.4293,9.86,0.5399
274,Revolving Credit Line,32.34,6.37,0.1971,25.97,791,13,0,0.6546,23.37,0.7227
275,Revolving Credit Line,25.81,6.38,0.2474,19.42,561,37,1,0.8737,23.35,0.9049
276,Term Loan,97.3,90.79,0.9331,6.51,723,37,0,0.8,95.99,0.9866
277,Revolving Credit Line,24.24,6.59,0.2719,17.65,435,54,1,1.0,24.24,1.0
278,Credit Card,0.08,0.04,0.4268,0.05,482,12,1,0.8943,0.08,0.9394
279,Credit Card,0.01,0.0,0.1417,0.01,408,12,0,0.7114,0.01,0.7523
280,Revolving Credit Line,36.2,6.76,0.1868,29.44,730,34,0,0.7343,28.38,0.7839
281,Term Loan,15.88,14.9,0.9384,0.98,719,105,0,0.8,15.68,0.9877
282,Credit Card,0.05,0.01,0.2791,0.03,404,12,0,0.9197,0.04,0.9421
283,Revolving Credit Line,1.5,0.49,0.3258,1.01,383,17,0,1.0,1.5,1.0
284,Term Loan,83.76,83.68,0.9991,0.07,557,104,0,1.0,83.76,1.0
285,Letter of Credit,6.25,3.78,0.6043,2.47,348,118,0,0.752,5.64,0.9019
286,Term Loan,85.33,82.71,0.9692,2.62,719,68,0,0.8,84.81,0.9938
287,Revolving Credit Line,43.23,21.25,0.4916,21.97,471,26,1,1.0,43.23,1.0
288,Credit Card,0.06,0.0,0.0499,0.06,589,12,0,0.6292,0.04,0.6477
289,Letter of Credit,1.37,0.75,0.544,0.63,718,66,0,0.4934,1.06,0.7689
290,Credit Card,0.04,0.02,0.5387,0.02,503,12,0,0.5316,0.03,0.7839
291,Revolving Credit Line,7.89,4.68,0.5936,3.21,454,57,0,0.9564,7.75,0.9823
292,Term Loan,42.57,39.64,0.9313,2.92,424,38,0,1.0,42.57,1.0
293,Term Loan,90.51,82.51,0.9116,8.0,469,58,1,1.0,90.51,1.0
294,Letter of Credit,19.9,5.41,0.272,14.49,408,119,0,0.6199,14.39,0.7233
295,Revolving Credit Line,24.42,7.52,0.3082,16.89,653,43,0,0.7443,20.1,0.8231
296,Revolving Credit Line,17.78,4.5,0.2529,13.28,579,46,0,0.9042,16.51,0.9284
297,Letter of Credit,8.33,3.58,0.4296,4.75,464,108,0,0.7692,7.24,0.8684
298,Revolving Credit Line,27.61,13.79,0.4995,13.82,694,50,0,0.8986,26.21,0.9492
299,Letter of Credit,9.6,7.5,0.7815,2.1,527,98,0,0.6047,8.77,0.9136
300,Credit Card,0.06,0.01,0.1708,0.05,381,12,0,0.8168,0.05,0.8481
301,Credit Card,0.06,0.01,0.1595,0.05,636,12,1,0.8831,0.06,0.9018
302,Credit Card,0.04,0.01,0.1875,0.03,321,12,0,0.8602,0.03,0.8864
303,Term Loan,55.09,53.06,0.9633,2.02,576,103,1,1.0,55.09,1.0
304,Revolving Credit Line,14.66,4.3,0.2935,10.36,364,47,1,1.0,14.66,1.0
305,Revolving Credit Line,1.28,0.59,0.4642,0.68,846,13,0,0.6398,1.03,0.807
306,Term Loan,12.38,11.64,0.9408,0.73,713,118,0,0.8,12.23,0.9882
307,Credit Card,0.06,0.01,0.2005,0.05,382,12,0,0.7078,0.05,0.7664
308,Letter of Credit,2.7,1.42,0.5237,1.29,773,36,0,0.3076,1.81,0.6702
309,Term Loan,31.7,31.07,0.9803,0.62,326,116,0,1.0,31.7,1.0
310,Credit Card,0.03,0.0,0.0642,0.03,612,12,1,0.6398,0.02,0.6629
311,Credit Card,0.06,0.01,0.174,0.05,459,12,0,0.7667,0.04,0.8073
312,Term Loan,83.14,81.51,0.9804,1.63,321,53,0,1.0,83.14,1.0
313,Revolving Credit Line,45.92,34.83,0.7584,11.1,653,22,0,0.8006,43.71,0.9518
314,Revolving Credit Line,1.01,0.37,0.3718,0.63,689,16,1,0.8288,0.9,0.8924
315,Letter of Credit,2.49,0.79,0.3169,1.7,440,106,1,0.6223,1.85,0.742
316,Letter of Credit,13.67,3.89,0.2846,9.78,474,46,0,0.7802,11.52,0.8428
317,Revolving Credit Line,48.34,13.12,0.2714,35.22,832,31,1,0.7922,41.02,0.8486
318,Term Loan,14.96,14.21,0.9499,0.75,839,64,0,0.8,14.81,0.99
319,Letter of Credit,4.57,2.3,0.5019,2.28,509,36,0,0.5879,3.63,0.7947
320,Revolving Credit Line,33.21,13.21,0.3978,20.0,472,56,0,0.881,30.83,0.9283
321,Credit Card,0.02,0.01,0.3553,0.01,832,12,0,0.4883,0.01,0.6701
322,Revolving Credit Line,41.34,33.09,0.8005,8.25,824,48,1,0.8368,40.0,0.9674
323,Revolving Credit Line,7.09,6.11,0.8616,0.98,481,35,0,1.0,7.09,1.0
324,Term Loan,54.31,52.56,0.9678,1.75,418,51,0,1.0,54.31,1.0
325,Revolving Credit Line,26.54,7.1,0.2674,19.45,433,18,0,0.928,25.14,0.9472
326,Revolving Credit Line,37.21,13.37,0.3594,23.84,672,47,0,0.9198,35.3,0.9486
327,Credit Card,0.01,0.01,0.4707,0.01,513,12,0,0.7698,0.01,0.8782
328,Revolving Credit Line,12.18,3.6,0.2958,8.58,517,15,1,1.0,12.18,1.0
329,Revolving Credit Line,27.01,7.11,0.2632,19.9,828,37,0,0.5882,18.81,0.6966
330,Term Loan,85.48,79.63,0.9315,5.85,638,34,1,1.0,85.48,1.0
331,Letter of Credit,12.9,10.71,0.8304,2.19,401,111,0,0.6186,12.07,0.9353
332,Credit Card,0.07,0.04,0.4946,0.04,721,12,0,0.4581,0.05,0.7261
333,Revolving Credit Line,47.5,22.42,0.4719,25.09,601,24,0,0.8402,43.5,0.9156
334,Term Loan,47.33,43.58,0.9209,3.74,534,56,0,1.0,47.33,1.0
335,Credit Card,0.08,0.01,0.1621,0.07,551,12,1,0.8205,0.07,0.8496
336,Term Loan,54.64,50.37,0.9219,4.27,656,112,1,1.0,54.64,1.0
337,Credit Card,0.02,0.0,0.2839,0.01,424,12,1,1.0,0.02,1.0
338,Revolving Credit Line,47.69,15.0,0.3146,32.69,794,41,0,0.6933,37.67,0.7898
339,Credit Card,0.1,0.03,0.3079,0.07,847,12,0,0.6223,0.07,0.7386
340,Term Loan,81.45,73.68,0.9046,7.77,469,89,0,1.0,81.45,1.0
341,Letter of Credit,2.36,0.74,0.3126,1.62,309,32,0,0.8352,2.09,0.8867
342,Term Loan,99.36,89.87,0.9045,9.49,626,90,0,1.0,99.36,1.0
343,Revolving Credit Line,2.6,1.24,0.4767,1.36,415,40,0,0.9476,2.53,0.9726
344,Letter of Credit,17.02,6.46,0.3793,10.56,577,64,1,0.6125,12.93,0.7595
345,Credit Card,0.06,0.0,0.0714,0.06,498,12,1,1.0,0.06,1.0
346,Letter of Credit,8.32,3.52,0.4232,4.8,408,116,0,0.5019,5.93,0.7127
347,Letter of Credit,17.17,4.64,0.27,12.54,303,90,0,0.5824,11.94,0.6951
348,Revolving Credit Line,14.84,2.04,0.1375,12.8,690,50,0,0.776,11.97,0.8068
349,Credit Card,0.09,0.0,0.0183,0.09,719,12,0,0.6036,0.05,0.6109
350,Credit Card,0.06,0.01,0.1661,0.05,484,12,0,0.9247,0.06,0.9372
351,Term Loan,43.55,40.15,0.922,3.39,321,108,0,1.0,43.55,1.0
352,Letter of Credit,13.39,3.9,0.2913,9.49,553,32,0,0.5514,9.13,0.6821
353,Term Loan,30.21,29.0,0.9602,1.2,735,48,0,0.8,29.97,0.992
354,Revolving Credit Line,6.02,2.59,0.43,3.43,403,26,0,0.9785,5.95,0.9878
355,Revolving Credit Line,6.98,2.49,0.3564,4.49,561,31,1,1.0,6.98,1.0
356,Credit Card,0.08,0.01,0.0832,0.07,773,12,0,0.5887,0.05,0.6229
357,Letter of Credit,18.18,8.76,0.4817,9.42,614,52,1,0.5964,14.38,0.7908
358,Revolving Credit Line,27.5,3.63,0.132,23.87,539,46,1,0.8702,24.4,0.8873
359,Credit Card,0.09,0.02,0.2695,0.06,612,12,1,0.6614,0.07,0.7527
360,Letter of Credit,18.74,1.97,0.1051,16.77,311,76,0,0.5294,10.85,0.5789
361,Revolving Credit Line,46.81,27.35,0.5843,19.46,332,59,0,1.0,46.81,1.0
362,Credit Card,0.02,0.01,0.3623,0.01,514,12,0,0.6255,0.01,0.7612
363,Term Loan,62.1,62.04,0.999,0.06,637,86,0,1.0,62.1,1.0
364,Revolving Credit Line,1.56,0.72,0.4637,0.84,711,52,0,0.7009,1.31,0.8396
365,Revolving Credit Line,11.02,2.58,0.2344,8.44,507,13,0,0.8642,9.87,0.896
366,Term Loan,18.67,17.92,0.9595,0.76,518,52,1,1.0,18.67,1.0
367,Letter of Credit,6.3,3.5,0.5556,2.8,713,76,0,0.5488,5.03,0.7995
368,Credit Card,0.06,0.04,0.6138,0.02,358,12,0,0.9118,0.06,0.9659
369,Revolving Credit Line,6.74,5.53,0.8213,1.2,547,33,0,0.7934,6.49,0.9631
370,Revolving Credit Line,21.0,9.06,0.4316,11.94,719,20,1,0.6874,17.27,0.8223
371,Letter of Credit,4.69,0.81,0.1733,3.87,806,108,1,0.4357,2.5,0.5335
372,Credit Card,0.08,0.02,0.1972,0.07,792,12,0,0.4478,0.05,0.5567
373,Credit Card,0.01,0.01,0.3535,0.01,598,12,0,0.5188,0.01,0.6889
374,Revolving Credit Line,21.81,3.95,0.181,17.87,802,21,1,0.7322,17.03,0.7806
375,Letter of Credit,18.69,10.76,0.5755,7.93,793,104,1,0.4911,14.65,0.784
376,Revolving Credit Line,17.35,1.76,0.1014,15.59,719,54,1,0.6587,12.03,0.6933
377,Term Loan,52.51,51.38,0.9785,1.13,484,100,0,1.0,52.51,1.0
378,Letter of Credit,8.45,1.95,0.2304,6.5,420,24,1,0.4758,5.04,0.5965
379,Revolving Credit Line,4.45,0.62,0.1392,3.83,368,12,0,0.915,4.13,0.9268
380,Letter of Credit,11.29,5.51,0.4884,5.78,610,69,1,0.7833,10.04,0.8891
381,Letter of Credit,12.83,7.24,0.564,5.59,436,29,0,0.6015,10.6,0.8263
382,Term Loan,54.55,53.43,0.9794,1.12,386,104,0,1.0,54.55,1.0
383,Letter of Credit,15.09,6.18,0.4092,8.92,671,46,0,0.5963,11.49,0.7615
384,Revolving Credit Line,36.22,24.01,0.6629,12.21,534,43,1,0.8744,34.69,0.9577
385,Term Loan,65.29,62.56,0.9582,2.73,533,51,0,1.0,65.29,1.0
386,Credit Card,0.02,0.01,0.3486,0.01,662,12,0,0.6247,0.01,0.7556
387,Term Loan,87.79,84.97,0.9679,2.82,474,88,0,1.0,87.79,1.0
388,Term Loan,44.14,43.56,0.9871,0.57,392,71,1,1.0,44.14,1.0
389,Letter of Credit,12.31,4.76,0.3867,7.55,370,36,0,0.7899,10.72,0.8712
390,Credit Card,0.08,0.01,0.1676,0.07,550,12,0,0.6682,0.06,0.7238
391,Revolving Credit Line,11.87,6.56,0.5526,5.31,392,33,1,1.0,11.87,1.0
392,Credit Card,0.04,0.01,0.2362,0.03,438,12,0,0.7396,0.03,0.8011
393,Letter of Credit,0.8,0.5,0.6274,0.3,634,115,0,0.6927,0.71,0.8855
394,Term Loan,40.67,39.87,0.9804,0.8,634,43,1,1.0,40.67,1.0
395,Credit Card,0.01,0.0,0.2374,0.01,806,12,0,0.4109,0.01,0.5507
396,Credit Card,0.07,0.01,0.1758,0.06,647,12,0,0.5286,0.05,0.6115
397,Letter of Credit,11.19,1.61,0.1442,9.58,728,85,1,0.4666,6.08,0.5435
398,Revolving Credit Line,1.72,1.26,0.7355,0.45,519,17,0,0.9271,1.68,0.9807
399,Credit Card,0.06,0.03,0.4305,0.04,744,12,0,0.465,0.04,0.6953
400,Letter of Credit,11.98,3.87,0.3228,8.11,599,34,0,0.3308,6.55,0.5468
401,Term Loan,17.7,16.71,0.9444,0.98,617,119,0,1.0,17.7,1.0
402,Term Loan,70.77,65.57,0.9264,5.21,521,84,0,1.0,70.77,1.0
403,Revolving Credit Line,41.47,13.2,0.3183,28.27,736,26,1,0.7502,34.41,0.8297
404,Credit Card,0.03,0.0,0.1461,0.02,833,12,0,0.611,0.02,0.6678
405,Credit Card,0.08,0.04,0.4373,0.05,665,12,1,0.6872,0.07,0.824
406,Revolving Credit Line,22.38,9.71,0.4339,12.67,849,59,1,0.8517,20.51,0.9161
407,Revolving Credit Line,37.66,18.04,0.4789,19.62,798,22,0,0.576,29.34,0.7791
408,Revolving Credit Line,12.37,3.27,0.2643,9.1,506,54,0,0.9346,11.77,0.9519
409,Revolving Credit Line,43.36,25.2,0.5812,18.16,749,21,0,0.6758,37.47,0.8642
410,Letter of Credit,12.14,5.1,0.4201,7.04,614,28,1,0.7963,10.7,0.8819
411,Letter of Credit,17.29,8.35,0.4829,8.94,488,41,0,0.7745,15.27,0.8834
412,Letter of Credit,18.86,5.18,0.2744,13.69,481,97,0,0.7189,15.02,0.7961
413,Credit Card,0.06,0.02,0.3022,0.04,392,12,1,0.7151,0.05,0.8012
414,Term Loan,79.01,75.93,0.961,3.08,342,102,1,1.0,79.01,1.0
415,Term Loan,70.14,69.51,0.991,0.63,455,79,1,1.0,70.14,1.0
416,Revolving Credit Line,8.53,5.23,0.6125,3.31,449,31,0,0.967,8.42,0.9872
417,Term Loan,91.99,88.46,0.9616,3.53,738,39,0,0.8,91.28,0.9923
418,Credit Card,0.03,0.01,0.2471,0.02,387,12,1,0.7418,0.02,0.8056
419,Credit Card,0.01,0.0,0.2688,0.01,665,12,0,0.5201,0.01,0.6491
420,Credit Card,0.05,0.01,0.3062,0.03,397,12,0,0.6759,0.04,0.7751
421,Term Loan,50.12,45.39,0.9055,4.74,784,107,1,0.92,49.74,0.9924
422,Term Loan,20.77,18.93,0.9114,1.84,535,79,0,1.0,20.77,1.0
423,Credit Card,0.04,0.02,0.4193,0.02,348,12,0,0.7089,0.03,0.831
424,Letter of Credit,4.6,1.75,0.3795,2.86,675,110,0,0.6317,3.55,0.7715
425,Credit Card,0.06,0.01,0.1237,0.05,537,12,0,0.5009,0.03,0.5627
426,Letter of Credit,10.01,5.07,0.5064,4.94,405,76,0,0.58,7.94,0.7927
427,Revolving Credit Line,18.01,5.22,0.2898,12.79,339,31,0,0.9968,17.97,0.9977
428,Revolving Credit Line,37.34,4.12,0.1103,33.22,526,59,0,0.7821,30.1,0.8061
429,Letter of Credit,8.61,3.16,0.3671,5.45,487,113,1,0.6363,6.63,0.7698
430,Letter of Credit,11.28,8.3,0.7364,2.97,519,76,0,0.3875,9.46,0.8385
431,Revolving Credit Line,20.92,5.97,0.2851,14.96,484,17,0,1.0,20.92,1.0
432,Credit Card,0.09,0.04,0.4806,0.05,607,12,0,0.5662,0.07,0.7747
433,Term Loan,54.41,51.81,0.9522,2.6,682,45,1,1.0,54.41,1.0
434,Revolving Credit Line,43.66,20.21,0.4628,23.46,780,12,0,0.5788,33.78,0.7737
435,Term Loan,27.52,27.38,0.9949,0.14,578,69,0,1.0,27.52,1.0
436,Credit Card,0.03,0.02,0.6754,0.01,571,12,0,0.7281,0.03,0.9117
437,Credit Card,0.06,0.01,0.114,0.06,766,12,0,0.6185,0.04,0.662
438,Term Loan,78.49,71.61,0.9123,6.88,683,75,0,1.0,78.49,1.0
439,Revolving Credit Line,22.47,6.62,0.2948,15.85,564,43,0,0.8811,20.59,0.9162
440,Term Loan,91.92,84.47,0.9189,7.45,489,35,0,1.0,91.92,1.0
441,Letter of Credit,4.4,2.23,0.5071,2.17,805,116,1,0.5833,3.49,0.7946
442,Letter of Credit,8.05,2.01,0.2499,6.04,438,111,0,0.8215,6.97,0.8661
443,Credit Card,0.01,0.0,0.286,0.01,327,12,1,1.0,0.01,1.0
444,Credit Card,0.06,0.02,0.394,0.03,587,12,0,0.6041,0.04,0.7601
445,Letter of Credit,19.81,7.24,0.3655,12.57,509,71,1,0.7753,16.98,0.8574
446,Letter of Credit,18.81,2.99,0.159,15.82,483,99,0,0.5239,11.28,0.5996
447,Revolving Credit Line,22.89,2.41,0.1052,20.48,581,31,1,0.9711,22.3,0.9742
448,Credit Card,0.04,0.01,0.1416,0.03,461,12,1,0.8377,0.03,0.8607
449,Letter of Credit,18.23,13.57,0.7445,4.66,677,44,0,0.6324,16.52,0.9061
450,Term Loan,21.47,20.36,0.9486,1.1,593,38,1,1.0,21.47,1.0
451,Term Loan,61.63,58.14,0.9434,3.49,369,70,0,1.0,61.63,1.0
452,Credit Card,0.09,0.02,0.2027,0.07,541,12,0,0.7828,0.08,0.8268
453,Letter of Credit,16.62,5.8,0.349,10.82,355,82,1,0.5325,11.56,0.6957
454,Revolving Credit Line,44.89,16.68,0.3716,28.21,407,23,1,1.0,44.89,1.0
455,Letter of Credit,6.28,1.97,0.3131,4.31,738,45,0,0.4365,3.85,0.6129
456,Revolving Credit Line,7.76,3.51,0.4527,4.25,507,19,0,0.7129,6.54,0.8429
457,Term Loan,24.86,22.59,0.9085,2.28,795,101,1,0.92,24.68,0.9927
458,Credit Card,0.03,0.01,0.5007,0.01,714,12,0,0.6238,0.02,0.8122
459,Term Loan,69.52,63.1,0.9077,6.42,706,112,0,0.8,68.24,0.9815
460,Credit Card,0.05,0.01,0.1262,0.05,548,12,0,0.5205,0.03,0.581
461,Letter of Credit,5.16,3.21,0.6219,1.95,718,42,0,0.458,4.11,0.7951
462,Term Loan,84.2,82.64,0.9815,1.56,616,40,1,1.0,84.2,1.0
463,Term Loan,15.06,14.09,0.9355,0.97,440,93,0,1.0,15.06,1.0
464,Term Loan,31.42,28.96,0.9217,2.46,486,103,1,1.0,31.42,1.0
465,Term Loan,19.85,18.3,0.922,1.55,536,89,0,1.0,19.85,1.0
466,Term Loan,35.18,35.07,0.9969,0.11,458,96,0,1.0,35.18,1.0
467,Term Loan,89.19,88.6,0.9934,0.59,670,80,0,1.0,89.19,1.0
468,Term Loan,76.48,72.89,0.9531,3.58,496,116,0,1.0,76.48,1.0
469,Term Loan,83.32,76.21,0.9146,7.11,752,117,0,0.8,81.9,0.9829
470,Term Loan,27.53,25.07,0.9108,2.46,392,46,0,1.0,27.53,1.0
471,Term Loan,85.2,80.8,0.9484,4.4,756,97,0,0.8,84.32,0.9897
472,Letter of Credit,17.74,9.91,0.5583,7.84,751,104,0,0.3507,12.66,0.7132
473,Term Loan,82.94,78.3,0.9441,4.64,492,107,0,1.0,82.94,1.0
474,Credit Card,0.03,0.01,0.3956,0.02,532,12,0,0.5197,0.02,0.7097
475,Revolving Credit Line,11.91,9.36,0.7862,2.55,536,59,0,0.8993,11.65,0.9785
476,Term Loan,12.99,12.2,0.9393,0.79,674,64,0,1.0,12.99,1.0
477,Credit Card,0.06,0.02,0.2438,0.05,802,12,0,0.4672,0.04,0.5971
478,Term Loan,93.01,87.62,0.942,5.4,353,98,0,1.0,93.01,1.0
479,Credit Card,0.05,0.01,0.315,0.03,730,12,0,0.5675,0.03,0.7037
480,Letter of Credit,8.25,2.74,0.3323,5.51,371,30,0,0.6063,6.08,0.7371
481,Credit Card,0.01,0.01,0.4783,0.01,675,12,0,0.5263,0.01,0.7529
482,Term Loan,14.06,13.29,0.945,0.77,474,99,0,1.0,14.06,1.0
483,Credit Card,0.03,0.0,0.0066,0.03,735,12,0,0.5373,0.02,0.5403
484,Letter of Credit,6.28,1.84,0.2928,4.44,523,39,0,0.6309,4.64,0.739
485,Term Loan,42.23,40.95,0.9697,1.28,726,85,1,0.92,42.13,0.9976
486,Letter of Credit,17.78,4.53,0.2546,13.25,415,102,1,0.7855,14.94,0.8401
487,Letter of Credit,2.56,1.19,0.4666,1.37,599,57,0,0.4778,1.85,0.7214
488,Credit Card,0.1,0.02,0.2399,0.08,480,12,1,0.8698,0.09,0.9011
489,Term Loan,45.61,42.56,0.933,3.05,443,39,0,1.0,45.61,1.0
490,Revolving Credit Line,22.05,6.94,0.3147,15.11,605,23,0,0.9225,20.88,0.9469
491,Letter of Credit,4.3,2.11,0.4898,2.2,407,42,0,0.83,3.93,0.9133
492,Credit Card,0.1,0.04,0.3738,0.06,673,12,0,0.518,0.07,0.6981
493,Letter of Credit,4.64,2.62,0.5652,2.02,459,113,0,0.5575,3.75,0.8076
494,Revolving Credit Line,23.8,1.93,0.081,21.87,685,42,1,0.9194,22.04,0.9259
495,Credit Card,0.09,0.03,0.3166,0.06,427,12,1,0.7524,0.07,0.8308
496,Term Loan,72.9,67.75,0.9293,5.15,505,103,1,1.0,72.9,1.0
497,Letter of Credit,15.95,6.75,0.4234,9.19,779,39,0,0.4518,10.91,0.6839
498,Letter of Credit,2.99,0.87,0.2893,2.13,441,84,0,0.4246,1.77,0.5911
499,Letter of Credit,18.52,11.22,0.6059,7.3,342,54,0,0.6261,15.79,0.8527
500,Term Loan,6.23,5.94,0.954,0.29,550,107,0,1.0,6.23,1.0
501,Revolving Credit Line,28.1,20.12,0.7158,7.99,371,12,0,0.869,27.06,0.9628
502,Credit Card,0.08,0.02,0.2264,0.07,831,12,0,0.595,0.06,0.6867
503,Term Loan,50.26,46.84,0.9318,3.43,625,31,0,1.0,50.26,1.0
504,Credit Card,0.04,0.01,0.2787,0.03,575,12,1,0.8761,0.04,0.9107
505,Term Loan,99.49,90.47,0.9093,9.03,470,36,0,1.0,99.49,1.0
506,Revolving Credit Line,14.94,12.26,0.8204,2.68,499,53,0,0.9247,14.74,0.9865
507,Credit Card,0.06,0.01,0.14,0.05,506,12,0,0.5701,0.04,0.6303
508,Term Loan,33.09,32.86,0.9933,0.22,726,42,0,0.8,33.04,0.9987
509,Term Loan,61.87,59.72,0.9653,2.15,519,88,1,1.0,61.87,1.0
510,Letter of Credit,11.87,1.54,0.1296,10.33,720,69,0,0.5357,7.07,0.5959
511,Revolving Credit Line,38.56,4.34,0.1125,34.22,604,18,0,0.8031,31.82,0.8252
512,Term Loan,57.29,56.09,0.979,1.2,797,51,0,0.8,57.05,0.9958
513,Revolving Credit Line,19.51,8.33,0.4268,11.18,647,28,0,0.7285,16.48,0.8444
514,Letter of Credit,8.31,1.69,0.2035,6.62,543,61,0,0.466,4.78,0.5747
515,Credit Card,0.07,0.05,0.6683,0.02,812,12,0,0.5621,0.06,0.8548
516,Letter of Credit,14.82,8.18,0.5522,6.64,591,73,0,0.5714,11.98,0.808
517,Letter of Credit,18.21,3.32,0.1822,14.89,486,54,0,0.3987,9.25,0.5082
518,Letter of Credit,6.72,6.45,0.9597,0.27,365,35,1,0.8465,6.68,0.9938
519,Revolving Credit Line,10.56,4.0,0.379,6.56,318,48,0,1.0,10.56,1.0
520,Term Loan,68.86,65.29,0.9481,3.57,528,35,1,1.0,68.86,1.0
521,Credit Card,0.04,0.01,0.1766,0.03,786,12,0,0.4131,0.02,0.5167
522,Credit Card,0.03,0.01,0.3576,0.02,677,12,0,0.5598,0.02,0.7173
523,Letter of Credit,7.39,2.0,0.2708,5.39,324,80,0,0.4788,4.58,0.6199
524,Credit Card,0.06,0.01,0.2454,0.04,728,12,1,0.6877,0.04,0.7643
525,Revolving Credit Line,38.42,4.31,0.1123,34.11,422,58,0,1.0,38.42,1.0
526,Revolving Credit Line,19.95,3.11,0.1561,16.83,819,31,0,0.5615,12.57,0.6299
527,Credit Card,0.02,0.0,0.0102,0.02,632,12,0,0.7753,0.01,0.7776
528,Credit Card,0.01,0.0,0.1495,0.01,790,12,0,0.509,0.01,0.5824
529,Revolving Credit Line,4.78,3.66,0.765,1.12,470,17,0,1.0,4.78,1.0
530,Term Loan,93.16,84.7,0.9091,8.47,614,83,0,1.0,93.16,1.0
531,Letter of Credit,13.02,11.39,0.8749,1.63,780,91,0,0.2715,11.83,0.9088
532,Credit Card,0.1,0.03,0.348,0.06,666,12,0,0.6763,0.08,0.789
533,Revolving Credit Line,24.28,9.83,0.405,14.45,446,46,0,1.0,24.28,1.0
534,Term Loan,83.91,77.4,0.9225,6.51,532,88,0,1.0,83.91,1.0
535,Credit Card,0.07,0.01,0.1743,0.05,588,12,1,0.8524,0.06,0.8782
536,Revolving Credit Line,9.88,2.49,0.2524,7.39,593,24,0,0.8421,8.71,0.882
537,Term Loan,17.85,17.27,0.9675,0.58,743,68,0,0.8,17.73,0.9935
538,Letter of Credit,14.74,10.17,0.6899,4.57,363,110,0,0.5608,12.73,0.8638
539,Term Loan,94.17,88.05,0.935,6.12,762,44,0,0.8,92.95,0.987
540,Credit Card,0.04,0.01,0.2517,0.03,646,12,0,0.7085,0.03,0.7819
541,Revolving Credit Line,21.21,4.19,0.1977,17.02,400,39,0,0.9941,21.11,0.9953
542,Revolving Credit Line,16.63,7.02,0.4222,9.61,374,25,0,0.8786,15.47,0.9298
543,Revolving Credit Line,24.11,7.93,0.3289,16.18,334,12,0,0.8468,21.63,0.8972
544,Letter of Credit,2.87,1.63,0.5678,1.24,324,39,0,0.4828,2.23,0.7764
545,Term Loan,22.17,20.55,0.9269,1.62,738,41,0,0.8,21.85,0.9854
546,Revolving Credit Line,30.11,2.91,0.0966,27.2,573,35,0,0.903,27.47,0.9123
547,Credit Card,0.04,0.01,0.2371,0.03,442,12,0,0.919,0.04,0.9382
548,Credit Card,0.07,0.01,0.1207,0.06,629,12,0,0.5399,0.04,0.5954
549,Credit Card,0.01,0.0,0.3012,0.01,808,12,0,0.4503,0.01,0.6159
550,Revolving Credit Line,34.07,12.16,0.3568,21.91,786,32,1,0.7138,27.8,0.8159
551,Credit Card,0.09,0.04,0.4349,0.05,792,12,0,0.575,0.07,0.7598
552,Credit Card,0.07,0.01,0.2097,0.05,491,12,0,0.7434,0.05,0.7972
553,Letter of Credit,5.75,1.73,0.3012,4.02,516,78,1,0.4109,3.38,0.5883
554,Credit Card,0.1,0.03,0.3247,0.06,531,12,1,0.6034,0.07,0.7322
555,Letter of Credit,16.27,4.19,0.2574,12.08,845,59,0,0.4609,9.76,0.5997
556,Credit Card,0.09,0.02,0.1894,0.07,682,12,0,0.5936,0.06,0.6706
557,Credit Card,0.03,0.01,0.2794,0.02,521,12,1,0.8756,0.02,0.9103
558,Letter of Credit,6.6,2.06,0.3117,4.54,611,91,0,0.5553,4.58,0.6939
559,Revolving Credit Line,3.63,0.54,0.149,3.09,422,22,0,1.0,3.63,1.0
560,Credit Card,0.07,0.03,0.339,0.05,523,12,1,0.8972,0.07,0.932
561,Credit Card,0.09,0.06,0.7021,0.03,323,12,0,0.8203,0.08,0.9465
562,Term Loan,89.21,80.71,0.9047,8.5,326,38,1,1.0,89.21,1.0
563,Credit Card,0.03,0.02,0.4914,0.02,651,12,0,0.7986,0.03,0.8976
564,Letter of Credit,11.11,7.67,0.69,3.45,397,105,0,0.7824,10.36,0.9325
565,Credit Card,0.02,0.0,0.0994,0.02,656,12,0,0.6786,0.01,0.7105
566,Revolving Credit Line,23.93,5.27,0.2203,18.66,741,13,1,0.796,20.12,0.8409
567,Term Loan,61.62,61.6,0.9996,0.03,624,92,1,1.0,61.62,1.0
568,Letter of Credit,7.84,3.0,0.3822,4.84,641,87,0,0.6289,6.04,0.7707
569,Revolving Credit Line,6.9,2.27,0.329,4.63,515,15,0,0.7872,5.91,0.8572
570,Credit Card,0.08,0.02,0.2246,0.06,617,12,0,0.5161,0.05,0.6248
571,Term Loan,31.08,29.91,0.9625,1.17,739,41,0,0.8,30.84,0.9925
572,Revolving Credit Line,22.76,3.2,0.1405,19.57,798,41,1,0.75,17.87,0.7851
573,Credit Card,0.08,0.04,0.4761,0.04,367,12,1,1.0,0.08,1.0
574,Credit Card,0.03,0.01,0.3823,0.02,497,12,0,0.8979,0.03,0.9369
575,Term Loan,99.23,98.75,0.9951,0.48,668,47,0,1.0,99.23,1.0
576,Credit Card,0.03,0.01,0.4728,0.01,833,12,1,0.683,0.02,0.8329
577,Credit Card,0.04,0.0,0.1015,0.04,506,12,1,0.6173,0.03,0.6561
578,Letter of Credit,6.03,0.54,0.089,5.49,360,77,0,0.6057,3.86,0.6408
579,Revolving Credit Line,41.98,14.53,0.3461,27.45,461,57,1,1.0,41.98,1.0
580,Letter of Credit,3.62,1.85,0.511,1.77,449,55,0,0.6784,3.05,0.8427
581,Credit Card,0.06,0.01,0.2369,0.05,709,12,0,0.4626,0.03,0.5899
582,Credit Card,0.04,0.0,0.0627,0.04,429,12,1,0.735,0.03,0.7516
583,Credit Card,0.07,0.0,0.0587,0.06,712,12,0,0.6251,0.04,0.6471
584,Credit Card,0.08,0.02,0.2074,0.06,569,12,0,0.7779,0.06,0.8239
585,Term Loan,19.11,18.34,0.9596,0.77,425,83,0,1.0,19.11,1.0
586,Term Loan,96.94,93.62,0.9658,3.32,355,103,0,1.0,96.94,1.0
587,Credit Card,0.08,0.02,0.3091,0.05,591,12,0,0.6239,0.06,0.7402
588,Revolving Credit Line,34.51,9.1,0.2636,25.41,400,59,0,0.956,33.39,0.9676
589,Revolving Credit Line,27.73,22.42,0.8085,5.31,651,35,0,0.9315,27.37,0.9869
590,Revolving Credit Line,28.95,17.19,0.5939,11.76,451,21,0,0.8986,27.76,0.9588
591,Letter of Credit,6.38,3.14,0.4921,3.24,431,105,0,0.6399,5.21,0.8171
592,Credit Card,0.09,0.02,0.2607,0.07,830,12,0,0.517,0.06,0.6429
593,Term Loan,37.5,37.36,0.9962,0.14,637,119,0,1.0,37.5,1.0
594,Term Loan,92.14,88.02,0.9554,4.11,476,79,0,1.0,92.14,1.0
595,Credit Card,0.08,0.01,0.138,0.07,707,12,1,0.569,0.05,0.6285
596,Revolving Credit Line,1.98,0.76,0.3827,1.22,433,27,0,1.0,1.98,1.0
597,Term Loan,56.84,52.32,0.9204,4.52,498,56,0,1.0,56.84,1.0
598,Revolving Credit Line,19.64,7.95,0.4048,11.69,585,23,1,0.959,19.16,0.9756
599,Term Loan,28.96,27.35,0.9447,1.6,581,44,0,1.0,28.96,1.0
600,Letter of Credit,1.55,1.14,0.7371,0.41,603,25,0,0.5912,1.38,0.8925
601,Credit Card,0.05,0.01,0.119,0.05,808,12,0,0.5193,0.03,0.5765
602,Letter of Credit,2.83,1.45,0.5132,1.38,370,119,1,0.6017,2.28,0.8061
603,Credit Card,0.09,0.03,0.3145,0.06,686,12,0,0.712,0.07,0.8026
604,Revolving Credit Line,6.84,1.18,0.1733,5.65,566,49,1,0.9967,6.82,0.9973
605,Credit Card,0.04,0.0,0.0772,0.03,845,12,0,0.5743,0.02,0.6071
606,Revolving Credit Line,39.8,24.07,0.6046,15.74,405,32,0,1.0,39.8,1.0
607,Revolving Credit Line,7.08,3.66,0.5171,3.42,566,23,0,0.8322,6.51,0.919
608,Credit Card,0.02,0.01,0.4203,0.01,759,12,0,0.6054,0.02,0.7713
609,Term Loan,31.29,29.91,0.9558,1.38,605,117,1,1.0,31.29,1.0
610,Letter of Credit,8.06,3.3,0.4095,4.76,385,67,1,0.4366,5.38,0.6673
611,Term Loan,57.52,56.03,0.9741,1.49,565,95,0,1.0,57.52,1.0
612,Term Loan,63.35,58.51,0.9237,4.84,742,41,0,0.8,62.38,0.9847
613,Revolving Credit Line,23.38,12.31,0.5265,11.07,843,53,0,0.5838,18.78,0.8029
614,Term Loan,43.22,40.73,0.9425,2.49,642,116,0,1.0,43.22,1.0
615,Credit Card,0.05,0.01,0.2315,0.04,734,12,0,0.537,0.03,0.6442
616,Term Loan,38.27,36.8,0.9617,1.46,841,67,0,0.8,37.98,0.9923
617,Credit Card,0.08,0.03,0.4151,0.05,574,12,0,0.5796,0.06,0.7541
618,Letter of Credit,6.7,3.62,0.5396,3.09,312,106,0,0.769,5.99,0.8936
619,Credit Card,0.02,0.01,0.2965,0.01,784,12,0,0.4191,0.01,0.5914
620,Revolving Credit Line,20.31,4.22,0.2078,16.09,628,43,0,0.8343,17.64,0.8688
621,Credit Card,0.09,0.01,0.1172,0.08,339,12,0,0.7073,0.07,0.7416
622,Credit Card,0.03,0.0,0.1385,0.02,720,12,1,0.5843,0.02,0.6418
623,Revolving Credit Line,8.25,3.17,0.3838,5.08,635,42,0,0.7086,6.77,0.8204
624,Letter of Credit,7.95,3.55,0.446,4.41,374,65,0,0.6617,6.46,0.8126
625,Credit Card,0.07,0.01,0.0709,0.07,481,12,0,0.7096,0.05,0.7302
626,Letter of Credit,18.41,12.66,0.6878,5.75,400,90,0,0.7682,17.08,0.9276
627,Credit Card,0.1,0.0,0.0368,0.09,724,12,0,0.4582,0.05,0.4781
628,Letter of Credit,4.95,1.34,0.271,3.61,667,114,1,0.6105,3.55,0.7161
629,Term Loan,19.42,18.63,0.9598,0.78,593,46,0,1.0,19.42,1.0
630,Revolving Credit Line,14.83,1.07,0.0724,13.76,681,42,0,0.8876,13.29,0.8957
631,Letter of Credit,8.7,2.94,0.3373,5.77,666,100,1,0.5552,6.14,0.7052
632,Letter of Credit,6.25,2.26,0.3617,3.99,802,72,0,0.2497,3.26,0.5211
633,Letter of Credit,17.62,9.4,0.5335,8.22,827,60,0,0.4009,12.69,0.7205
634,Revolving Credit Line,43.04,27.43,0.6374,15.6,318,56,0,0.8429,40.58,0.943
635,Revolving Credit Line,17.3,9.87,0.5701,7.44,693,21,0,0.9459,16.9,0.9768
636,Credit Card,0.06,0.01,0.2445,0.04,348,12,0,0.8788,0.05,0.9084
637,Revolving Credit Line,10.25,4.75,0.4633,5.5,605,44,0,0.8524,9.44,0.9208
638,Term Loan,46.12,43.98,0.9536,2.14,677,33,0,1.0,46.12,1.0
639,Revolving Credit Line,44.8,18.59,0.4149,26.22,671,31,0,0.9226,42.77,0.9547
640,Revolving Credit Line,8.0,4.68,0.5847,3.32,492,56,0,1.0,8.0,1.0
641,Revolving Credit Line,22.93,6.3,0.2745,16.63,408,45,0,1.0,22.93,1.0
642,Credit Card,0.05,0.01,0.1599,0.04,574,12,1,0.6065,0.03,0.6694
643,Credit Card,0.06,0.01,0.0905,0.06,722,12,1,0.7238,0.05,0.7488
644,Credit Card,0.06,0.02,0.317,0.04,495,12,0,0.8502,0.05,0.8977
645,Term Loan,13.6,13.15,0.9668,0.45,509,40,1,1.0,13.6,1.0
646,Credit Card,0.03,0.01,0.5473,0.01,718,12,0,0.4821,0.02,0.7655
647,Letter of Credit,14.26,1.76,0.1233,12.5,395,85,0,0.6062,9.33,0.6547
648,Letter of Credit,19.36,7.27,0.3756,12.09,461,94,0,0.4231,12.38,0.6398
649,Credit Card,0.05,0.01,0.2294,0.04,708,12,1,0.5043,0.03,0.618
650,Term Loan,70.34,65.23,0.9273,5.11,703,61,0,0.8,69.32,0.9855
651,Credit Card,0.04,0.01,0.2281,0.03,477,12,0,0.875,0.04,0.9035
652,Credit Card,0.05,0.0,0.0345,0.05,617,12,0,0.755,0.04,0.7634
653,Credit Card,0.02,0.0,0.2572,0.01,717,12,1,0.4684,0.01,0.6051
654,Term Loan,44.65,41.57,0.931,3.08,814,109,0,0.8,44.04,0.9862
655,Credit Card,0.02,0.0,0.1091,0.01,303,12,0,0.8575,0.01,0.8731
656,Letter of Credit,4.66,0.99,0.2126,3.67,835,27,1,0.43,2.57,0.5512
657,Letter of Credit,5.21,3.62,0.6949,1.59,595,100,1,0.7336,4.79,0.9187
658,Credit Card,0.07,0.01,0.109,0.06,479,12,0,0.6634,0.05,0.7001
659,Credit Card,0.08,0.01,0.1258,0.07,383,12,1,0.7118,0.06,0.748
660,Revolving Credit Line,33.45,15.97,0.4773,17.49,558,16,0,0.8806,31.37,0.9376
661,Revolving Credit Line,28.9,20.97,0.7258,7.92,365,17,0,0.9912,28.83,0.9976
662,Revolving Credit Line,3.58,2.57,0.7168,1.01,625,34,0,0.894,3.48,0.97
663,Term Loan,90.48,87.11,0.9628,3.36,634,116,0,1.0,90.48,1.0
664,Revolving Credit Line,32.67,18.15,0.5554,14.53,672,48,0,0.7732,29.38,0.8991
665,Term Loan,30.19,28.47,0.9432,1.71,599,105,0,1.0,30.19,1.0
666,Letter of Credit,2.53,0.96,0.3792,1.57,674,115,1,0.726,2.1,0.8299
667,Letter of Credit,13.04,9.95,0.7627,3.09,486,61,0,0.7541,12.28,0.9417
668,Revolving Credit Line,41.91,18.27,0.4359,23.64,478,50,1,1.0,41.91,1.0
669,Letter of Credit,12.26,4.3,0.3507,7.96,365,114,0,0.6869,9.76,0.7967
670,Credit Card,0.07,0.01,0.0905,0.06,350,12,0,0.6231,0.04,0.6572
671,Revolving Credit Line,23.51,16.49,0.7013,7.02,309,23,0,1.0,23.51,1.0
672,Credit Card,0.1,0.01,0.0522,0.09,645,12,0,0.5804,0.06,0.6024
673,Letter of Credit,7.19,1.94,0.2702,5.25,507,78,0,0.6477,5.34,0.7429
674,Credit Card,0.08,0.01,0.105,0.08,498,12,0,0.6367,0.06,0.6748
675,Credit Card,0.07,0.01,0.214,0.05,797,12,0,0.5312,0.04,0.6315
676,Credit Card,0.07,0.03,0.4586,0.04,848,12,0,0.5411,0.05,0.7515
677,Letter of Credit,2.93,1.41,0.4811,1.52,804,96,0,0.5583,2.26,0.7708
678,Revolving Credit Line,2.3,0.5,0.2149,1.81,688,53,0,0.7881,1.92,0.8337
679,Credit Card,0.07,0.03,0.4661,0.04,725,12,0,0.4254,0.05,0.6932
680,Credit Card,0.06,0.02,0.3578,0.04,703,12,1,0.539,0.05,0.7039
681,Revolving Credit Line,1.94,0.76,0.3935,1.18,515,33,0,0.712,1.6,0.8253
682,Revolving Credit Line,11.37,3.04,0.2673,8.33,315,28,0,1.0,11.37,1.0
683,Credit Card,0.07,0.04,0.603,0.03,782,12,0,0.4006,0.05,0.762
684,Term Loan,33.01,30.88,0.9355,2.13,514,94,0,1.0,33.01,1.0
685,Credit Card,0.03,0.01,0.3748,0.02,575,12,0,0.7837,0.03,0.8648
686,Letter of Credit,10.66,1.13,0.1063,9.52,624,74,0,0.5574,6.44,0.6044
687,Letter of Credit,16.88,1.53,0.0906,15.35,763,64,0,0.3134,6.34,0.3756
688,Letter of Credit,13.81,3.18,0.2304,10.63,372,118,1,0.5043,8.54,0.6185
689,Letter of Credit,0.63,0.34,0.5443,0.29,813,64,1,0.611,0.52,0.8227
690,Letter of Credit,9.24,6.05,0.6549,3.19,470,104,1,0.5461,7.8,0.8434
691,Revolving Credit Line,13.39,4.78,0.357,8.61,761,36,0,0.7039,10.84,0.8096
692,Revolving Credit Line,34.35,16.81,0.4894,17.54,374,25,1,1.0,34.35,1.0
693,Term Loan,15.21,13.71,0.9017,1.5,554,43,1,1.0,15.21,1.0
694,Revolving Credit Line,40.47,7.68,0.1897,32.79,819,55,1,0.7889,33.55,0.829
695,Revolving Credit Line,48.89,14.43,0.2951,34.47,503,40,1,0.9138,45.92,0.9392
696,Term Loan,13.79,12.96,0.9399,0.83,814,69,0,0.8,13.62,0.988
697,Credit Card,0.02,0.0,0.1827,0.02,471,12,0,0.8091,0.02,0.844
698,Term Loan,28.15,26.2,0.9306,1.95,357,67,0,1.0,28.15,1.0
699,Letter of Credit,3.89,2.44,0.626,1.46,696,26,0,0.6264,3.35,0.8603
700,Revolving Credit Line,17.89,10.48,0.5856,7.42,399,51,0,1.0,17.89,1.0
701,Revolving Credit Line,12.59,8.43,0.6698,4.16,628,31,0,0.8661,12.03,0.9558
702,Credit Card,0.08,0.05,0.586,0.03,712,12,0,0.5723,0.06,0.8229
703,Credit Card,0.09,0.05,0.5927,0.04,371,12,0,0.8261,0.08,0.9292
704,Revolving Credit Line,29.33,15.3,0.5217,14.03,416,41,1,1.0,29.33,1.0
705,Revolving Credit Line,24.53,7.17,0.2922,17.36,405,35,0,1.0,24.53,1.0
706,Letter of Credit,4.25,1.57,0.3682,2.69,837,62,1,0.5104,2.94,0.6907
707,Credit Card,0.02,0.0,0.2178,0.02,800,12,0,0.4122,0.01,0.5402
708,Letter of Credit,8.42,2.71,0.3219,5.71,742,93,0,0.442,5.24,0.6216
709,Credit Card,0.02,0.01,0.4573,0.01,751,12,1,0.6459,0.02,0.8078
710,Credit Card,0.05,0.01,0.1457,0.04,323,12,0,0.8637,0.04,0.8836
711,Credit Card,0.08,0.02,0.304,0.06,598,12,0,0.5311,0.06,0.6736
712,Letter of Credit,7.16,3.24,0.452,3.92,633,48,0,0.3486,4.6,0.643
713,Term Loan,34.35,32.18,0.9369,2.17,448,88,0,1.0,34.35,1.0
714,Term Loan,18.23,17.36,0.952,0.87,655,51,1,1.0,18.23,1.0
715,Credit Card,0.07,0.02,0.2508,0.05,601,12,1,0.8683,0.06,0.9013
716,Revolving Credit Line,47.1,8.4,0.1784,38.7,473,48,1,1.0,47.1,1.0
717,Credit Card,0.02,0.01,0.295,0.02,832,12,0,0.6288,0.02,0.7383
718,Revolving Credit Line,23.52,5.64,0.2399,17.88,325,17,0,1.0,23.52,1.0
719,Revolving Credit Line,9.45,2.95,0.3125,6.49,631,41,0,0.8567,8.52,0.9015
720,Revolving Credit Line,2.54,1.49,0.588,1.04,403,44,0,1.0,2.54,1.0
721,Letter of Credit,16.39,6.07,0.3705,10.32,555,119,1,0.3814,10.01,0.6106
722,Letter of Credit,3.01,0.76,0.2514,2.26,826,59,0,0.3277,1.5,0.4967
723,Letter of Credit,14.42,4.34,0.3008,10.08,773,105,0,0.513,9.51,0.6595
724,Credit Card,0.06,0.02,0.3598,0.04,658,12,0,0.7416,0.05,0.8346
725,Term Loan,85.44,84.01,0.9832,1.44,829,96,0,0.8,85.16,0.9966
726,Revolving Credit Line,36.58,20.11,0.5499,16.46,744,41,0,0.567,29.45,0.8051
727,Letter of Credit,17.61,8.17,0.464,9.44,527,40,0,0.499,12.88,0.7315
728,Credit Card,0.08,0.01,0.1156,0.07,400,12,0,0.8671,0.07,0.8825
729,Credit Card,0.05,0.02,0.2915,0.04,842,12,0,0.6174,0.04,0.7289
730,Term Loan,30.42,28.95,0.9519,1.46,719,81,0,0.8,30.12,0.9904
731,Revolving Credit Line,29.58,14.8,0.5003,14.78,336,37,0,0.9761,29.23,0.988
732,Letter of Credit,5.67,1.71,0.3012,3.96,702,35,0,0.4534,3.5,0.6181
733,Revolving Credit Line,38.06,19.97,0.5248,18.08,358,37,0,0.9814,37.72,0.9912
734,Term Loan,15.3,15.11,0.9876,0.19,528,41,0,1.0,15.3,1.0
735,Term Loan,7.61,7.16,0.9404,0.45,782,34,0,0.8,7.52,0.9881
736,Letter of Credit,3.88,0.36,0.0927,3.52,470,38,0,0.7613,3.04,0.7834
737,Letter of Credit,18.5,5.97,0.3225,12.54,820,58,0,0.2855,9.55,0.5159
738,Revolving Credit Line,23.54,14.62,0.6212,8.92,366,23,0,0.8993,22.64,0.9619
739,Term Loan,73.69,70.06,0.9508,3.63,779,30,0,0.8,72.96,0.9902
740,Term Loan,7.09,6.95,0.9803,0.14,625,111,0,1.0,7.09,1.0
741,Term Loan,13.79,12.55,0.9101,1.24,589,63,1,1.0,13.79,1.0
742,Credit Card,0.07,0.01,0.1956,0.05,769,12,0,0.5841,0.04,0.6655
743,Term Loan,29.56,27.6,0.9337,1.96,765,115,0,0.8,29.17,0.9867
744,Term Loan,89.43,86.68,0.9693,2.75,774,28,0,0.8,88.88,0.9939
745,Term Loan,19.57,18.33,0.9367,1.24,581,80,1,1.0,19.57,1.0
746,Credit Card,0.07,0.03,0.4339,0.04,785,12,1,0.6755,0.06,0.8163
747,Letter of Credit,10.31,3.44,0.3339,6.87,549,43,0,0.4417,6.48,0.6281
748,Letter of Credit,17.4,3.2,0.1841,14.2,509,64,0,0.619,11.99,0.6891
749,Letter of Credit,2.28,1.12,0.4905,1.16,373,86,0,0.3779,1.56,0.683
750,Letter of Credit,13.44,7.36,0.5479,6.08,404,105,1,0.6905,11.56,0.8601
751,Term Loan,87.04,81.3,0.9341,5.74,520,117,0,1.0,87.04,1.0
752,Credit Card,0.02,0.0,0.1227,0.01,743,12,0,0.6039,0.01,0.6525
753,Credit Card,0.08,0.03,0.3405,0.06,597,12,0,0.5428,0.06,0.6985
754,Credit Card,0.1,0.03,0.3113,0.07,601,12,0,0.711,0.08,0.8009
755,Credit Card,0.05,0.01,0.1616,0.05,845,12,0,0.5941,0.04,0.6597
756,Revolving Credit Line,44.54,4.57,0.1025,39.98,412,40,0,0.9344,41.92,0.9411
757,Revolving Credit Line,2.44,0.59,0.2433,1.84,601,19,0,0.9377,2.32,0.9528
758,Credit Card,0.07,0.04,0.546,0.03,659,12,0,0.7287,0.06,0.8769
759,Revolving Credit Line,15.03,2.12,0.1411,12.91,379,18,0,1.0,15.03,1.0
760,Revolving Credit Line,14.14,7.7,0.5444,6.44,756,52,1,0.7156,12.31,0.8704
761,Credit Card,0.02,0.0,0.0744,0.01,583,12,1,0.7931,0.01,0.8085
762,Letter of Credit,10.32,3.51,0.34,6.81,569,114,0,0.5872,7.51,0.7276
763,Revolving Credit Line,41.55,9.95,0.2396,31.6,721,43,0,0.7085,32.34,0.7784
764,Revolving Credit Line,41.83,33.22,0.7941,8.61,636,53,0,0.8404,40.45,0.9671
765,Credit Card,0.04,0.02,0.4554,0.02,776,12,0,0.6305,0.03,0.7988
766,Letter of Credit,17.83,5.45,0.3055,12.38,743,99,0,0.2802,8.92,0.5001
767,Credit Card,0.05,0.02,0.3998,0.03,535,12,0,0.5175,0.03,0.7104
768,Term Loan,60.74,55.29,0.9103,5.45,509,39,1,1.0,60.74,1.0
769,Letter of Credit,10.11,6.2,0.6133,3.91,800,115,0,0.4531,7.97,0.7885
770,Credit Card,0.02,0.01,0.3956,0.01,678,12,0,0.5595,0.01,0.7337
771,Revolving Credit Line,27.42,8.63,0.3148,18.79,333,18,0,0.8499,24.6,0.8971
772,Credit Card,0.09,0.04,0.4803,0.05,717,12,1,0.6507,0.07,0.8185
773,Term Loan,95.14,88.17,0.9268,6.96,811,41,1,0.92,94.58,0.9941
774,Credit Card,0.02,0.01,0.3667,0.01,589,12,1,0.7896,0.01,0.8667
775,Letter of Credit,10.8,6.46,0.5979,4.34,382,70,0,0.5958,9.04,0.8375
776,Term Loan,51.78,50.93,0.9837,0.85,811,72,0,0.8,51.61,0.9967
777,Revolving Credit Line,15.65,2.83,0.1806,12.82,835,36,0,0.6649,11.35,0.7254
778,Revolving Credit Line,10.86,5.56,0.5118,5.3,746,15,1,0.8545,10.09,0.929
779,Credit Card,0.04,0.02,0.3903,0.03,845,12,0,0.4508,0.03,0.6652
780,Term Loan,96.18,93.06,0.9676,3.11,704,67,0,0.8,95.56,0.9935
781,Credit Card,0.04,0.01,0.1988,0.03,837,12,0,0.4601,0.02,0.5674
782,Term Loan,52.47,47.54,0.9061,4.93,623,81,1,1.0,52.47,1.0
783,Revolving Credit Line,48.4,33.7,0.6963,14.7,829,21,0,0.6268,42.91,0.8867
784,Revolving Credit Line,24.7,7.63,0.3089,17.07,700,57,1,1.0,24.7,1.0
785,Revolving Credit Line,30.09,1.73,0.0575,28.36,305,32,0,0.9559,28.84,0.9585
786,Revolving Credit Line,37.63,0.99,0.0264,36.63,345,27,1,0.9867,37.14,0.9871
787,Revolving Credit Line,19.15,10.09,0.5265,9.07,501,29,0,0.7849,17.2,0.8982
788,Revolving Credit Line,3.41,1.97,0.5789,1.44,618,41,0,0.9273,3.3,0.9694
789,Letter of Credit,5.41,1.68,0.3111,3.73,747,98,0,0.3919,3.15,0.5811
790,Term Loan,17.26,16.46,0.9537,0.8,515,99,0,1.0,17.26,1.0
791,Credit Card,0.02,0.0,0.1686,0.01,424,12,0,0.6723,0.01,0.7276
792,Letter of Credit,2.71,0.7,0.2569,2.01,469,62,0,0.7525,2.21,0.8161
793,Credit Card,0.07,0.02,0.3336,0.05,552,12,0,0.6349,0.05,0.7567
794,Term Loan,26.54,25.48,0.9602,1.06,497,90,0,1.0,26.54,1.0
795,Credit Card,0.05,0.02,0.4113,0.03,370,12,0,0.7577,0.04,0.8574
796,Revolving Credit Line,9.74,7.35,0.7546,2.39,432,22,0,0.9477,9.61,0.9872
797,Credit Card,0.04,0.01,0.1721,0.03,703,12,0,0.4313,0.02,0.5291
798,Revolving Credit Line,32.67,7.78,0.238,24.9,737,37,0,0.6122,23.02,0.7045
799,Revolving Credit Line,12.43,5.52,0.4444,6.9,594,53,0,0.8359,11.29,0.9088
800,Letter of Credit,16.08,7.03,0.4375,9.04,725,55,0,0.3548,10.24,0.6371
